month,crop,market,admin1,lat,lon,price,commodity
2021-07-01,beans,Arua,Arua,3.02,30.91,3633.0,Beans
2021-10-01,beans,Arua,Arua,3.02,30.91,3550.0,Beans
2022-03-01,beans,Arua,Arua,3.02,30.91,3250.0,Beans
2022-05-01,beans,Arua,Arua,3.02,30.91,3500.0,Beans
2022-06-01,beans,Arua,Arua,3.02,30.91,4000.0,Beans
2022-07-01,beans,Arua,Arua,3.02,30.91,4000.0,Beans
2024-05-01,beans,Arua,Arua,3.02,30.91,3800.0,Beans
2024-06-01,beans,Arua,Arua,3.02,30.91,3800.0,Beans
2024-07-01,beans,Arua,Arua,3.02,30.91,3500.0,Beans
2024-08-01,beans,Arua,Arua,3.02,30.91,3600.0,Beans
2024-09-01,beans,Arua,Arua,3.02,30.91,2800.0,Beans
2024-10-01,beans,Arua,Arua,3.02,30.91,3800.0,Beans
2024-11-01,beans,Arua,Arua,3.02,30.91,3500.0,Beans
2024-12-01,beans,Arua,Arua,3.02,30.91,3650.0,Beans
2025-01-01,beans,Arua,Arua,3.02,30.91,3000.0,Beans
2025-02-01,beans,Arua,Arua,3.02,30.91,3383.0,Beans
2025-03-01,beans,Arua,Arua,3.02,30.91,3432.0,Beans
2025-04-01,beans,Arua,Arua,3.02,30.91,3538.0,Beans
2025-05-01,beans,Arua,Arua,3.02,30.91,3800.0,Beans
2025-06-01,beans,Arua,Arua,3.02,30.91,3800.0,Beans
2025-07-01,beans,Arua,Arua,3.02,30.91,2800.0,Beans
2025-08-01,beans,Arua,Arua,3.02,30.91,2800.0,Beans
2025-09-01,beans,Arua,Arua,3.02,30.91,4000.0,Beans
2025-10-01,beans,Arua,Arua,3.02,30.91,3300.0,Beans
2025-11-01,beans,Arua,Arua,3.02,30.91,3000.0,Beans
2025-12-01,beans,Arua,Arua,3.02,30.91,3100.0,Beans
2026-01-01,beans,Arua,Arua,3.02,30.91,4459.0,Beans
2026-02-01,beans,Arua,Arua,3.02,30.91,4404.0,Beans
2026-03-01,beans,Arua,Arua,3.02,30.91,4327.0,Beans
2026-04-01,beans,Arua,Arua,3.02,30.91,4152.0,Beans
2022-03-01,beans,Busia,Busia,0.47,34.09,2050.0,Beans
2022-04-01,beans,Busia,Busia,0.47,34.09,2317.0,Beans
2022-05-01,beans,Busia,Busia,0.47,34.09,2683.0,Beans
2022-06-01,beans,Busia,Busia,0.47,34.09,2917.0,Beans
2022-07-01,beans,Busia,Busia,0.47,34.09,3550.0,Beans
2022-08-01,beans,Busia,Busia,0.47,34.09,4283.0,Beans
2022-09-01,beans,Busia,Busia,0.47,34.09,4450.0,Beans
2022-10-01,beans,Busia,Busia,0.47,34.09,4040.0,Beans
2022-11-01,beans,Busia,Busia,0.47,34.09,3700.0,Beans
2022-12-01,beans,Busia,Busia,0.47,34.09,3500.0,Beans
2023-01-01,beans,Busia,Busia,0.47,34.09,3920.0,Beans
2023-02-01,beans,Busia,Busia,0.47,34.09,3866.67,Beans
2023-03-01,beans,Busia,Busia,0.47,34.09,3880.0,Beans
2023-04-01,beans,Busia,Busia,0.47,34.09,4050.0,Beans
2023-06-01,beans,Busia,Busia,0.47,34.09,3933.0,Beans
2023-07-01,beans,Busia,Busia,0.47,34.09,4140.0,Beans
2023-08-01,beans,Busia,Busia,0.47,34.09,4240.0,Beans
2023-09-01,beans,Busia,Busia,0.47,34.09,4050.0,Beans
2023-10-01,beans,Busia,Busia,0.47,34.09,3575.0,Beans
2023-11-01,beans,Busia,Busia,0.47,34.09,3420.0,Beans
2023-12-01,beans,Busia,Busia,0.47,34.09,3250.0,Beans
2024-01-01,beans,Busia,Busia,0.47,34.09,3180.0,Beans
2024-02-01,beans,Busia,Busia,0.47,34.09,3000.0,Beans
2024-03-01,beans,Busia,Busia,0.47,34.09,2900.0,Beans
2024-04-01,beans,Busia,Busia,0.47,34.09,3000.0,Beans
2024-05-01,beans,Busia,Busia,0.47,34.09,3580.0,Beans
2024-06-01,beans,Busia,Busia,0.47,34.09,3480.0,Beans
2024-07-01,beans,Busia,Busia,0.47,34.09,3480.0,Beans
2024-08-01,beans,Busia,Busia,0.47,34.09,3511.0,Beans
2024-09-01,beans,Busia,Busia,0.47,34.09,3575.0,Beans
2024-10-01,beans,Busia,Busia,0.47,34.09,3160.0,Beans
2024-11-01,beans,Busia,Busia,0.47,34.09,2850.0,Beans
2024-12-01,beans,Busia,Busia,0.47,34.09,3225.0,Beans
2025-01-01,beans,Busia,Busia,0.47,34.09,3580.0,Beans
2025-02-01,beans,Busia,Busia,0.47,34.09,3218.0,Beans
2025-03-01,beans,Busia,Busia,0.47,34.09,3265.0,Beans
2025-04-01,beans,Busia,Busia,0.47,34.09,3267.0,Beans
2025-05-01,beans,Busia,Busia,0.47,34.09,3800.0,Beans
2025-06-01,beans,Busia,Busia,0.47,34.09,3050.0,Beans
2025-07-01,beans,Busia,Busia,0.47,34.09,2615.0,Beans
2025-08-01,beans,Busia,Busia,0.47,34.09,2675.0,Beans
2025-09-01,beans,Busia,Busia,0.47,34.09,2663.0,Beans
2025-10-01,beans,Busia,Busia,0.47,34.09,2540.0,Beans
2025-11-01,beans,Busia,Busia,0.47,34.09,2288.0,Beans
2025-12-01,beans,Busia,Busia,0.47,34.09,2575.0,Beans
2022-03-01,beans,Fort Portal,Kabarole,0.66,30.28,3125.0,Beans
2022-04-01,beans,Fort Portal,Kabarole,0.66,30.28,3500.0,Beans
2022-05-01,beans,Fort Portal,Kabarole,0.66,30.28,4100.0,Beans
2022-06-01,beans,Fort Portal,Kabarole,0.66,30.28,3900.0,Beans
2022-07-01,beans,Fort Portal,Kabarole,0.66,30.28,4000.0,Beans
2022-08-01,beans,Fort Portal,Kabarole,0.66,30.28,3900.0,Beans
2022-09-01,beans,Fort Portal,Kabarole,0.66,30.28,4000.0,Beans
2022-10-01,beans,Fort Portal,Kabarole,0.66,30.28,4500.0,Beans
2022-11-01,beans,Fort Portal,Kabarole,0.66,30.28,4000.0,Beans
2022-12-01,beans,Fort Portal,Kabarole,0.66,30.28,3400.0,Beans
2023-01-01,beans,Fort Portal,Kabarole,0.66,30.28,3666.67,Beans
2023-02-01,beans,Fort Portal,Kabarole,0.66,30.28,4000.0,Beans
2023-03-01,beans,Fort Portal,Kabarole,0.66,30.28,4400.0,Beans
2023-04-01,beans,Fort Portal,Kabarole,0.66,30.28,5750.0,Beans
2023-06-01,beans,Fort Portal,Kabarole,0.66,30.28,6000.0,Beans
2023-07-01,beans,Fort Portal,Kabarole,0.66,30.28,5625.0,Beans
2023-08-01,beans,Fort Portal,Kabarole,0.66,30.28,4600.0,Beans
2023-09-01,beans,Fort Portal,Kabarole,0.66,30.28,4875.0,Beans
2023-10-01,beans,Fort Portal,Kabarole,0.66,30.28,5160.0,Beans
2023-11-01,beans,Fort Portal,Kabarole,0.66,30.28,4900.0,Beans
2023-12-01,beans,Fort Portal,Kabarole,0.66,30.28,4625.0,Beans
2024-02-01,beans,Fort Portal,Kabarole,0.66,30.28,4800.0,Beans
2024-03-01,beans,Fort Portal,Kabarole,0.66,30.28,4500.0,Beans
2024-04-01,beans,Fort Portal,Kabarole,0.66,30.28,4500.0,Beans
2024-05-01,beans,Fort Portal,Kabarole,0.66,30.28,4500.0,Beans
2024-06-01,beans,Fort Portal,Kabarole,0.66,30.28,4375.0,Beans
2024-07-01,beans,Fort Portal,Kabarole,0.66,30.28,4500.0,Beans
2024-08-01,beans,Fort Portal,Kabarole,0.66,30.28,4500.0,Beans
2024-09-01,beans,Fort Portal,Kabarole,0.66,30.28,4500.0,Beans
2024-10-01,beans,Fort Portal,Kabarole,0.66,30.28,4500.0,Beans
2024-11-01,beans,Fort Portal,Kabarole,0.66,30.28,4500.0,Beans
2024-12-01,beans,Fort Portal,Kabarole,0.66,30.28,4500.0,Beans
2025-01-01,beans,Fort Portal,Kabarole,0.66,30.28,4454.0,Beans
2025-02-01,beans,Fort Portal,Kabarole,0.66,30.28,4485.0,Beans
2025-03-01,beans,Fort Portal,Kabarole,0.66,30.28,4549.0,Beans
2025-04-01,beans,Fort Portal,Kabarole,0.66,30.28,5625.0,Beans
2025-05-01,beans,Fort Portal,Kabarole,0.66,30.28,6000.0,Beans
2025-06-01,beans,Fort Portal,Kabarole,0.66,30.28,4875.0,Beans
2025-07-01,beans,Fort Portal,Kabarole,0.66,30.28,4000.0,Beans
2025-08-01,beans,Fort Portal,Kabarole,0.66,30.28,4250.0,Beans
2025-09-01,beans,Fort Portal,Kabarole,0.66,30.28,5000.0,Beans
2025-10-01,beans,Fort Portal,Kabarole,0.66,30.28,4250.0,Beans
2025-11-01,beans,Fort Portal,Kabarole,0.66,30.28,3875.0,Beans
2025-12-01,beans,Fort Portal,Kabarole,0.66,30.28,4250.0,Beans
2026-01-01,beans,Fort Portal,Kabarole,0.66,30.28,4160.0,Beans
2026-02-01,beans,Fort Portal,Kabarole,0.66,30.28,4160.0,Beans
2026-03-01,beans,Fort Portal,Kabarole,0.66,30.28,4309.0,Beans
2026-04-01,beans,Fort Portal,Kabarole,0.66,30.28,4309.0,Beans
2011-04-01,beans,Gulu,Gulu,2.77,32.31,2500.0,Beans
2011-05-01,beans,Gulu,Gulu,2.77,32.31,3000.0,Beans
2011-06-01,beans,Gulu,Gulu,2.77,32.31,2967.0,Beans
2011-07-01,beans,Gulu,Gulu,2.77,32.31,2250.0,Beans
2011-08-01,beans,Gulu,Gulu,2.77,32.31,2182.0,Beans
2011-09-01,beans,Gulu,Gulu,2.77,32.31,2000.0,Beans
2011-10-01,beans,Gulu,Gulu,2.77,32.31,1594.0,Beans
2011-11-01,beans,Gulu,Gulu,2.77,32.31,1758.0,Beans
2011-12-01,beans,Gulu,Gulu,2.77,32.31,2000.0,Beans
2012-01-01,beans,Gulu,Gulu,2.77,32.31,2238.0,Beans
2012-02-01,beans,Gulu,Gulu,2.77,32.31,2450.0,Beans
2012-03-01,beans,Gulu,Gulu,2.77,32.31,2420.0,Beans
2012-04-01,beans,Gulu,Gulu,2.77,32.31,2438.0,Beans
2012-05-01,beans,Gulu,Gulu,2.77,32.31,2688.0,Beans
2012-06-01,beans,Gulu,Gulu,2.77,32.31,2667.0,Beans
2012-07-01,beans,Gulu,Gulu,2.77,32.31,2691.0,Beans
2012-08-01,beans,Gulu,Gulu,2.77,32.31,2400.0,Beans
2012-09-01,beans,Gulu,Gulu,2.77,32.31,2334.0,Beans
2012-10-01,beans,Gulu,Gulu,2.77,32.31,2279.0,Beans
2012-11-01,beans,Gulu,Gulu,2.77,32.31,2413.0,Beans
2012-12-01,beans,Gulu,Gulu,2.77,32.31,2517.0,Beans
2013-01-01,beans,Gulu,Gulu,2.77,32.31,2550.0,Beans
2013-02-01,beans,Gulu,Gulu,2.77,32.31,2500.0,Beans
2013-03-01,beans,Gulu,Gulu,2.77,32.31,2580.0,Beans
2013-04-01,beans,Gulu,Gulu,2.77,32.31,2633.0,Beans
2013-05-01,beans,Gulu,Gulu,2.77,32.31,2844.3,Beans
2013-06-01,beans,Gulu,Gulu,2.77,32.31,2580.0,Beans
2013-07-01,beans,Gulu,Gulu,2.77,32.31,2993.4,Beans
2013-08-01,beans,Gulu,Gulu,2.77,32.31,2716.67,Beans
2013-09-01,beans,Gulu,Gulu,2.77,32.31,2750.0,Beans
2013-10-01,beans,Gulu,Gulu,2.77,32.31,2604.0,Beans
2013-11-01,beans,Gulu,Gulu,2.77,32.31,2467.0,Beans
2013-12-01,beans,Gulu,Gulu,2.77,32.31,2484.0,Beans
2014-01-01,beans,Gulu,Gulu,2.77,32.31,2550.0,Beans
2014-02-01,beans,Gulu,Gulu,2.77,32.31,2575.0,Beans
2014-03-01,beans,Gulu,Gulu,2.77,32.31,2579.0,Beans
2014-04-01,beans,Gulu,Gulu,2.77,32.31,2720.0,Beans
2014-05-01,beans,Gulu,Gulu,2.77,32.31,2813.0,Beans
2014-06-01,beans,Gulu,Gulu,2.77,32.31,2933.0,Beans
2014-07-01,beans,Gulu,Gulu,2.77,32.31,2600.0,Beans
2014-08-01,beans,Gulu,Gulu,2.77,32.31,2375.0,Beans
2014-09-01,beans,Gulu,Gulu,2.77,32.31,2425.0,Beans
2015-01-01,beans,Gulu,Gulu,2.77,32.31,2270.0,Beans
2015-02-01,beans,Gulu,Gulu,2.77,32.31,2500.0,Beans
2015-03-01,beans,Gulu,Gulu,2.77,32.31,2650.0,Beans
2015-04-01,beans,Gulu,Gulu,2.77,32.31,2500.0,Beans
2015-05-01,beans,Gulu,Gulu,2.77,32.31,2500.0,Beans
2015-06-01,beans,Gulu,Gulu,2.77,32.31,2800.0,Beans
2015-07-01,beans,Gulu,Gulu,2.77,32.31,2425.0,Beans
2015-08-01,beans,Gulu,Gulu,2.77,32.31,2333.0,Beans
2015-09-01,beans,Gulu,Gulu,2.77,32.31,2400.0,Beans
2015-10-01,beans,Gulu,Gulu,2.77,32.31,3133.0,Beans
2015-11-01,beans,Gulu,Gulu,2.77,32.31,3000.0,Beans
2015-12-01,beans,Gulu,Gulu,2.77,32.31,2800.0,Beans
2016-01-01,beans,Gulu,Gulu,2.77,32.31,2733.0,Beans
2016-02-01,beans,Gulu,Gulu,2.77,32.31,2800.0,Beans
2016-03-01,beans,Gulu,Gulu,2.77,32.31,2700.0,Beans
2016-04-01,beans,Gulu,Gulu,2.77,32.31,3000.0,Beans
2016-05-01,beans,Gulu,Gulu,2.77,32.31,3400.0,Beans
2016-06-01,beans,Gulu,Gulu,2.77,32.31,3000.0,Beans
2016-07-01,beans,Gulu,Gulu,2.77,32.31,2700.0,Beans
2016-08-01,beans,Gulu,Gulu,2.77,32.31,3000.0,Beans
2016-09-01,beans,Gulu,Gulu,2.77,32.31,2633.0,Beans
2016-10-01,beans,Gulu,Gulu,2.77,32.31,3000.0,Beans
2016-11-01,beans,Gulu,Gulu,2.77,32.31,2700.0,Beans
2016-12-01,beans,Gulu,Gulu,2.77,32.31,2700.0,Beans
2017-01-01,beans,Gulu,Gulu,2.77,32.31,2600.0,Beans
2017-02-01,beans,Gulu,Gulu,2.77,32.31,2675.0,Beans
2017-03-01,beans,Gulu,Gulu,2.77,32.31,2700.0,Beans
2017-04-01,beans,Gulu,Gulu,2.77,32.31,3700.0,Beans
2017-05-01,beans,Gulu,Gulu,2.77,32.31,3550.0,Beans
2017-06-01,beans,Gulu,Gulu,2.77,32.31,3100.0,Beans
2017-07-01,beans,Gulu,Gulu,2.77,32.31,2500.0,Beans
2017-08-01,beans,Gulu,Gulu,2.77,32.31,2500.0,Beans
2017-09-01,beans,Gulu,Gulu,2.77,32.31,2500.0,Beans
2017-11-01,beans,Gulu,Gulu,2.77,32.31,2500.0,Beans
2017-12-01,beans,Gulu,Gulu,2.77,32.31,3000.0,Beans
2018-01-01,beans,Gulu,Gulu,2.77,32.31,2500.0,Beans
2018-02-01,beans,Gulu,Gulu,2.77,32.31,2500.0,Beans
2018-03-01,beans,Gulu,Gulu,2.77,32.31,2500.0,Beans
2018-04-01,beans,Gulu,Gulu,2.77,32.31,2500.0,Beans
2018-05-01,beans,Gulu,Gulu,2.77,32.31,2500.0,Beans
2018-06-01,beans,Gulu,Gulu,2.77,32.31,4000.0,Beans
2018-10-01,beans,Gulu,Gulu,2.77,32.31,3000.0,Beans
2018-11-01,beans,Gulu,Gulu,2.77,32.31,2200.0,Beans
2019-01-01,beans,Gulu,Gulu,2.77,32.31,3000.0,Beans
2019-02-01,beans,Gulu,Gulu,2.77,32.31,3000.0,Beans
2019-03-01,beans,Gulu,Gulu,2.77,32.31,3000.0,Beans
2019-04-01,beans,Gulu,Gulu,2.77,32.31,3000.0,Beans
2019-05-01,beans,Gulu,Gulu,2.77,32.31,3500.0,Beans
2019-06-01,beans,Gulu,Gulu,2.77,32.31,3500.0,Beans
2019-07-01,beans,Gulu,Gulu,2.77,32.31,4000.0,Beans
2019-08-01,beans,Gulu,Gulu,2.77,32.31,3700.0,Beans
2019-09-01,beans,Gulu,Gulu,2.77,32.31,4000.0,Beans
2019-10-01,beans,Gulu,Gulu,2.77,32.31,3300.0,Beans
2019-11-01,beans,Gulu,Gulu,2.77,32.31,3500.0,Beans
2019-12-01,beans,Gulu,Gulu,2.77,32.31,4000.0,Beans
2020-01-01,beans,Gulu,Gulu,2.77,32.31,4000.0,Beans
2020-02-01,beans,Gulu,Gulu,2.77,32.31,4000.0,Beans
2020-04-01,beans,Gulu,Gulu,2.77,32.31,5666.67,Beans
2020-05-01,beans,Gulu,Gulu,2.77,32.31,5250.0,Beans
2020-06-01,beans,Gulu,Gulu,2.77,32.31,5000.0,Beans
2020-07-01,beans,Gulu,Gulu,2.77,32.31,4167.0,Beans
2020-08-01,beans,Gulu,Gulu,2.77,32.31,3780.0,Beans
2020-09-01,beans,Gulu,Gulu,2.77,32.31,4292.0,Beans
2020-10-01,beans,Gulu,Gulu,2.77,32.31,3817.0,Beans
2020-11-01,beans,Gulu,Gulu,2.77,32.31,4000.0,Beans
2020-12-01,beans,Gulu,Gulu,2.77,32.31,3308.0,Beans
2021-01-01,beans,Gulu,Gulu,2.77,32.31,3500.0,Beans
2021-03-01,beans,Gulu,Gulu,2.77,32.31,4400.0,Beans
2021-04-01,beans,Gulu,Gulu,2.77,32.31,4786.0,Beans
2021-05-01,beans,Gulu,Gulu,2.77,32.31,4944.0,Beans
2021-06-01,beans,Gulu,Gulu,2.77,32.31,4916.0,Beans
2021-07-01,beans,Gulu,Gulu,2.77,32.31,3571.0,Beans
2021-08-01,beans,Gulu,Gulu,2.77,32.31,3186.0,Beans
2021-09-01,beans,Gulu,Gulu,2.77,32.31,3000.0,Beans
2021-10-01,beans,Gulu,Gulu,2.77,32.31,2800.0,Beans
2021-11-01,beans,Gulu,Gulu,2.77,32.31,2871.0,Beans
2021-12-01,beans,Gulu,Gulu,2.77,32.31,2914.0,Beans
2022-01-01,beans,Gulu,Gulu,2.77,32.31,3083.0,Beans
2022-02-01,beans,Gulu,Gulu,2.77,32.31,3167.0,Beans
2022-03-01,beans,Gulu,Gulu,2.77,32.31,3200.0,Beans
2022-04-01,beans,Gulu,Gulu,2.77,32.31,3500.0,Beans
2022-05-01,beans,Gulu,Gulu,2.77,32.31,4400.0,Beans
2022-06-01,beans,Gulu,Gulu,2.77,32.31,4750.0,Beans
2022-08-01,beans,Gulu,Gulu,2.77,32.31,4260.0,Beans
2022-09-01,beans,Gulu,Gulu,2.77,32.31,4950.0,Beans
2022-10-01,beans,Gulu,Gulu,2.77,32.31,5163.0,Beans
2022-11-01,beans,Gulu,Gulu,2.77,32.31,5088.0,Beans
2022-12-01,beans,Gulu,Gulu,2.77,32.31,5660.0,Beans
2023-01-01,beans,Gulu,Gulu,2.77,32.31,5750.0,Beans
2023-02-01,beans,Gulu,Gulu,2.77,32.31,6000.0,Beans
2023-03-01,beans,Gulu,Gulu,2.77,32.31,5687.5,Beans
2023-04-01,beans,Gulu,Gulu,2.77,32.31,6000.0,Beans
2023-05-01,beans,Gulu,Gulu,2.77,32.31,6530.0,Beans
2023-06-01,beans,Gulu,Gulu,2.77,32.31,6678.0,Beans
2023-07-01,beans,Gulu,Gulu,2.77,32.31,6538.0,Beans
2023-08-01,beans,Gulu,Gulu,2.77,32.31,6000.0,Beans
2023-09-01,beans,Gulu,Gulu,2.77,32.31,6000.0,Beans
2023-10-01,beans,Gulu,Gulu,2.77,32.31,6000.0,Beans
2023-11-01,beans,Gulu,Gulu,2.77,32.31,5500.0,Beans
2023-12-01,beans,Gulu,Gulu,2.77,32.31,5700.0,Beans
2024-01-01,beans,Gulu,Gulu,2.77,32.31,5317.0,Beans
2024-02-01,beans,Gulu,Gulu,2.77,32.31,5133.0,Beans
2024-03-01,beans,Gulu,Gulu,2.77,32.31,5214.0,Beans
2024-04-01,beans,Gulu,Gulu,2.77,32.31,5167.0,Beans
2024-05-01,beans,Gulu,Gulu,2.77,32.31,5450.0,Beans
2024-06-01,beans,Gulu,Gulu,2.77,32.31,5113.0,Beans
2024-07-01,beans,Gulu,Gulu,2.77,32.31,4914.0,Beans
2024-08-01,beans,Gulu,Gulu,2.77,32.31,4875.0,Beans
2024-09-01,beans,Gulu,Gulu,2.77,32.31,5433.0,Beans
2024-10-01,beans,Gulu,Gulu,2.77,32.31,4883.0,Beans
2024-11-01,beans,Gulu,Gulu,2.77,32.31,4000.0,Beans
2024-12-01,beans,Gulu,Gulu,2.77,32.31,4000.0,Beans
2025-01-01,beans,Gulu,Gulu,2.77,32.31,3369.0,Beans
2025-02-01,beans,Gulu,Gulu,2.77,32.31,3790.0,Beans
2025-03-01,beans,Gulu,Gulu,2.77,32.31,3844.0,Beans
2025-04-01,beans,Gulu,Gulu,2.77,32.31,5625.0,Beans
2025-05-01,beans,Gulu,Gulu,2.77,32.31,5667.0,Beans
2025-06-01,beans,Gulu,Gulu,2.77,32.31,4860.0,Beans
2025-07-01,beans,Gulu,Gulu,2.77,32.31,4325.0,Beans
2025-08-01,beans,Gulu,Gulu,2.77,32.31,4033.0,Beans
2025-09-01,beans,Gulu,Gulu,2.77,32.31,4500.0,Beans
2025-10-01,beans,Gulu,Gulu,2.77,32.31,4900.0,Beans
2025-11-01,beans,Gulu,Gulu,2.77,32.31,5250.0,Beans
2025-12-01,beans,Gulu,Gulu,2.77,32.31,5000.0,Beans
2026-01-01,beans,Gulu,Gulu,2.77,32.31,3797.0,Beans
2026-02-01,beans,Gulu,Gulu,2.77,32.31,3849.0,Beans
2026-03-01,beans,Gulu,Gulu,2.77,32.31,4010.0,Beans
2026-04-01,beans,Gulu,Gulu,2.77,32.31,4956.0,Beans
2021-07-01,beans,Hoima,Hoima,1.43,31.35,1950.0,Beans
2021-08-01,beans,Hoima,Hoima,1.43,31.35,1914.0,Beans
2021-09-01,beans,Hoima,Hoima,1.43,31.35,2200.0,Beans
2021-10-01,beans,Hoima,Hoima,1.43,31.35,2245.0,Beans
2021-11-01,beans,Hoima,Hoima,1.43,31.35,2389.0,Beans
2021-12-01,beans,Hoima,Hoima,1.43,31.35,2300.0,Beans
2022-01-01,beans,Hoima,Hoima,1.43,31.35,1971.0,Beans
2022-03-01,beans,Hoima,Hoima,1.43,31.35,2500.0,Beans
2022-04-01,beans,Hoima,Hoima,1.43,31.35,2600.0,Beans
2022-05-01,beans,Hoima,Hoima,1.43,31.35,3000.0,Beans
2022-06-01,beans,Hoima,Hoima,1.43,31.35,3000.0,Beans
2022-07-01,beans,Hoima,Hoima,1.43,31.35,3375.0,Beans
2022-08-01,beans,Hoima,Hoima,1.43,31.35,3500.0,Beans
2022-09-01,beans,Hoima,Hoima,1.43,31.35,3500.0,Beans
2022-10-01,beans,Hoima,Hoima,1.43,31.35,3400.0,Beans
2022-11-01,beans,Hoima,Hoima,1.43,31.35,3875.0,Beans
2022-12-01,beans,Hoima,Hoima,1.43,31.35,4000.0,Beans
2023-01-01,beans,Hoima,Hoima,1.43,31.35,4000.0,Beans
2023-02-01,beans,Hoima,Hoima,1.43,31.35,4000.0,Beans
2023-03-01,beans,Hoima,Hoima,1.43,31.35,4000.0,Beans
2023-04-01,beans,Hoima,Hoima,1.43,31.35,4125.0,Beans
2023-06-01,beans,Hoima,Hoima,1.43,31.35,4700.0,Beans
2023-07-01,beans,Hoima,Hoima,1.43,31.35,4150.0,Beans
2023-08-01,beans,Hoima,Hoima,1.43,31.35,4520.0,Beans
2023-09-01,beans,Hoima,Hoima,1.43,31.35,5000.0,Beans
2023-10-01,beans,Hoima,Hoima,1.43,31.35,4875.0,Beans
2023-11-01,beans,Hoima,Hoima,1.43,31.35,4100.0,Beans
2023-12-01,beans,Hoima,Hoima,1.43,31.35,3800.0,Beans
2024-01-01,beans,Hoima,Hoima,1.43,31.35,3080.0,Beans
2024-02-01,beans,Hoima,Hoima,1.43,31.35,3200.0,Beans
2024-03-01,beans,Hoima,Hoima,1.43,31.35,5000.0,Beans
2024-04-01,beans,Hoima,Hoima,1.43,31.35,5000.0,Beans
2024-05-01,beans,Hoima,Hoima,1.43,31.35,5000.0,Beans
2024-06-01,beans,Hoima,Hoima,1.43,31.35,5000.0,Beans
2024-07-01,beans,Hoima,Hoima,1.43,31.35,3400.0,Beans
2024-08-01,beans,Hoima,Hoima,1.43,31.35,4111.0,Beans
2024-09-01,beans,Hoima,Hoima,1.43,31.35,4875.0,Beans
2024-10-01,beans,Hoima,Hoima,1.43,31.35,4300.0,Beans
2024-11-01,beans,Hoima,Hoima,1.43,31.35,3500.0,Beans
2024-12-01,beans,Hoima,Hoima,1.43,31.35,3500.0,Beans
2025-01-01,beans,Hoima,Hoima,1.43,31.35,3500.0,Beans
2025-02-01,beans,Hoima,Hoima,1.43,31.35,3500.0,Beans
2025-03-01,beans,Hoima,Hoima,1.43,31.35,3550.0,Beans
2025-04-01,beans,Hoima,Hoima,1.43,31.35,5000.0,Beans
2025-05-01,beans,Hoima,Hoima,1.43,31.35,5000.0,Beans
2025-06-01,beans,Hoima,Hoima,1.43,31.35,5000.0,Beans
2025-07-01,beans,Hoima,Hoima,1.43,31.35,4000.0,Beans
2025-08-01,beans,Hoima,Hoima,1.43,31.35,4000.0,Beans
2025-09-01,beans,Hoima,Hoima,1.43,31.35,4000.0,Beans
2025-10-01,beans,Hoima,Hoima,1.43,31.35,4000.0,Beans
2025-11-01,beans,Hoima,Hoima,1.43,31.35,4000.0,Beans
2025-12-01,beans,Hoima,Hoima,1.43,31.35,4000.0,Beans
2011-04-01,beans,Iganga,Iganga,0.61,33.47,1950.0,Beans
2011-05-01,beans,Iganga,Iganga,0.61,33.47,2431.25,Beans
2011-06-01,beans,Iganga,Iganga,0.61,33.47,2250.0,Beans
2011-07-01,beans,Iganga,Iganga,0.61,33.47,1775.0,Beans
2011-08-01,beans,Iganga,Iganga,0.61,33.47,1833.0,Beans
2011-09-01,beans,Iganga,Iganga,0.61,33.47,1850.0,Beans
2011-10-01,beans,Iganga,Iganga,0.61,33.47,1569.0,Beans
2011-11-01,beans,Iganga,Iganga,0.61,33.47,1618.0,Beans
2011-12-01,beans,Iganga,Iganga,0.61,33.47,1700.0,Beans
2012-01-01,beans,Iganga,Iganga,0.61,33.47,1813.0,Beans
2012-02-01,beans,Iganga,Iganga,0.61,33.47,1834.0,Beans
2012-03-01,beans,Iganga,Iganga,0.61,33.47,1950.0,Beans
2012-04-01,beans,Iganga,Iganga,0.61,33.47,1992.0,Beans
2012-05-01,beans,Iganga,Iganga,0.61,33.47,2150.0,Beans
2012-06-01,beans,Iganga,Iganga,0.61,33.47,2217.0,Beans
2012-07-01,beans,Iganga,Iganga,0.61,33.47,1842.0,Beans
2012-08-01,beans,Iganga,Iganga,0.61,33.47,1700.0,Beans
2012-09-01,beans,Iganga,Iganga,0.61,33.47,1800.0,Beans
2012-10-01,beans,Iganga,Iganga,0.61,33.47,1780.0,Beans
2012-11-01,beans,Iganga,Iganga,0.61,33.47,1708.0,Beans
2012-12-01,beans,Iganga,Iganga,0.61,33.47,1750.0,Beans
2013-01-01,beans,Iganga,Iganga,0.61,33.47,1900.0,Beans
2013-02-01,beans,Iganga,Iganga,0.61,33.47,2100.0,Beans
2013-03-01,beans,Iganga,Iganga,0.61,33.47,2233.3,Beans
2013-04-01,beans,Iganga,Iganga,0.61,33.47,2300.0,Beans
2013-05-01,beans,Iganga,Iganga,0.61,33.47,2236.8,Beans
2013-06-01,beans,Iganga,Iganga,0.61,33.47,2233.3,Beans
2013-07-01,beans,Iganga,Iganga,0.61,33.47,1626.6,Beans
2013-08-01,beans,Iganga,Iganga,0.61,33.47,1991.75,Beans
2013-09-01,beans,Iganga,Iganga,0.61,33.47,2266.5,Beans
2013-10-01,beans,Iganga,Iganga,0.61,33.47,2293.0,Beans
2013-11-01,beans,Iganga,Iganga,0.61,33.47,1767.0,Beans
2013-12-01,beans,Iganga,Iganga,0.61,33.47,1767.0,Beans
2014-01-01,beans,Iganga,Iganga,0.61,33.47,1778.0,Beans
2014-02-01,beans,Iganga,Iganga,0.61,33.47,2050.0,Beans
2014-03-01,beans,Iganga,Iganga,0.61,33.47,2138.0,Beans
2014-04-01,beans,Iganga,Iganga,0.61,33.47,2240.0,Beans
2014-05-01,beans,Iganga,Iganga,0.61,33.47,2000.0,Beans
2014-06-01,beans,Iganga,Iganga,0.61,33.47,1817.0,Beans
2014-07-01,beans,Iganga,Iganga,0.61,33.47,1560.0,Beans
2014-08-01,beans,Iganga,Iganga,0.61,33.47,1612.5,Beans
2014-09-01,beans,Iganga,Iganga,0.61,33.47,1937.5,Beans
2014-10-01,beans,Iganga,Iganga,0.61,33.47,1788.0,Beans
2014-11-01,beans,Iganga,Iganga,0.61,33.47,1662.5,Beans
2014-12-01,beans,Iganga,Iganga,0.61,33.47,1600.0,Beans
2015-05-01,beans,Iganga,Iganga,0.61,33.47,3000.0,Beans
2015-06-01,beans,Iganga,Iganga,0.61,33.47,2650.0,Beans
2015-07-01,beans,Iganga,Iganga,0.61,33.47,2350.0,Beans
2015-08-01,beans,Iganga,Iganga,0.61,33.47,2450.0,Beans
2015-09-01,beans,Iganga,Iganga,0.61,33.47,2450.0,Beans
2015-10-01,beans,Iganga,Iganga,0.61,33.47,2225.0,Beans
2015-11-01,beans,Iganga,Iganga,0.61,33.47,2150.0,Beans
2015-12-01,beans,Iganga,Iganga,0.61,33.47,1867.0,Beans
2016-01-01,beans,Iganga,Iganga,0.61,33.47,2400.0,Beans
2016-02-01,beans,Iganga,Iganga,0.61,33.47,2625.0,Beans
2016-03-01,beans,Iganga,Iganga,0.61,33.47,2700.0,Beans
2016-04-01,beans,Iganga,Iganga,0.61,33.47,2550.0,Beans
2016-05-01,beans,Iganga,Iganga,0.61,33.47,2375.0,Beans
2016-06-01,beans,Iganga,Iganga,0.61,33.47,2275.0,Beans
2016-07-01,beans,Iganga,Iganga,0.61,33.47,2000.0,Beans
2016-08-01,beans,Iganga,Iganga,0.61,33.47,2200.0,Beans
2016-09-01,beans,Iganga,Iganga,0.61,33.47,2375.0,Beans
2016-10-01,beans,Iganga,Iganga,0.61,33.47,2375.0,Beans
2016-12-01,beans,Iganga,Iganga,0.61,33.47,2225.0,Beans
2017-01-01,beans,Iganga,Iganga,0.61,33.47,2800.0,Beans
2017-02-01,beans,Iganga,Iganga,0.61,33.47,2800.0,Beans
2017-03-01,beans,Iganga,Iganga,0.61,33.47,3150.0,Beans
2017-04-01,beans,Iganga,Iganga,0.61,33.47,3700.0,Beans
2017-07-01,beans,Iganga,Iganga,0.61,33.47,2625.0,Beans
2017-08-01,beans,Iganga,Iganga,0.61,33.47,2713.0,Beans
2017-09-01,beans,Iganga,Iganga,0.61,33.47,2800.0,Beans
2017-11-01,beans,Iganga,Iganga,0.61,33.47,2875.0,Beans
2017-12-01,beans,Iganga,Iganga,0.61,33.47,2800.0,Beans
2018-01-01,beans,Iganga,Iganga,0.61,33.47,2900.0,Beans
2018-02-01,beans,Iganga,Iganga,0.61,33.47,2500.0,Beans
2018-03-01,beans,Iganga,Iganga,0.61,33.47,2800.0,Beans
2018-04-01,beans,Iganga,Iganga,0.61,33.47,2800.0,Beans
2018-05-01,beans,Iganga,Iganga,0.61,33.47,2800.0,Beans
2018-06-01,beans,Iganga,Iganga,0.61,33.47,2500.0,Beans
2018-10-01,beans,Iganga,Iganga,0.61,33.47,2175.0,Beans
2018-11-01,beans,Iganga,Iganga,0.61,33.47,2275.0,Beans
2018-12-01,beans,Iganga,Iganga,0.61,33.47,2125.0,Beans
2019-02-01,beans,Iganga,Iganga,0.61,33.47,2500.0,Beans
2019-03-01,beans,Iganga,Iganga,0.61,33.47,2567.0,Beans
2019-04-01,beans,Iganga,Iganga,0.61,33.47,2650.0,Beans
2019-05-01,beans,Iganga,Iganga,0.61,33.47,3266.67,Beans
2019-06-01,beans,Iganga,Iganga,0.61,33.47,2966.67,Beans
2019-07-01,beans,Iganga,Iganga,0.61,33.47,2900.0,Beans
2019-08-01,beans,Iganga,Iganga,0.61,33.47,2966.67,Beans
2019-09-01,beans,Iganga,Iganga,0.61,33.47,2966.67,Beans
2019-10-01,beans,Iganga,Iganga,0.61,33.47,3100.0,Beans
2019-11-01,beans,Iganga,Iganga,0.61,33.47,3175.0,Beans
2020-01-01,beans,Iganga,Iganga,0.61,33.47,3066.67,Beans
2020-02-01,beans,Iganga,Iganga,0.61,33.47,3250.0,Beans
2020-04-01,beans,Iganga,Iganga,0.61,33.47,3850.0,Beans
2020-05-01,beans,Iganga,Iganga,0.61,33.47,3625.0,Beans
2020-06-01,beans,Iganga,Iganga,0.61,33.47,3000.0,Beans
2020-07-01,beans,Iganga,Iganga,0.61,33.47,3250.0,Beans
2020-08-01,beans,Iganga,Iganga,0.61,33.47,3400.0,Beans
2020-09-01,beans,Iganga,Iganga,0.61,33.47,4000.0,Beans
2020-10-01,beans,Iganga,Iganga,0.61,33.47,3750.0,Beans
2020-11-01,beans,Iganga,Iganga,0.61,33.47,3575.0,Beans
2020-12-01,beans,Iganga,Iganga,0.61,33.47,3760.0,Beans
2021-01-01,beans,Iganga,Iganga,0.61,33.47,3760.0,Beans
2021-04-01,beans,Iganga,Iganga,0.61,33.47,3200.0,Beans
2021-05-01,beans,Iganga,Iganga,0.61,33.47,3000.0,Beans
2021-06-01,beans,Iganga,Iganga,0.61,33.47,2500.0,Beans
2021-07-01,beans,Iganga,Iganga,0.61,33.47,2500.0,Beans
2021-10-01,beans,Iganga,Iganga,0.61,33.47,2500.0,Beans
2022-03-01,beans,Iganga,Iganga,0.61,33.47,3000.0,Beans
2022-04-01,beans,Iganga,Iganga,0.61,33.47,3000.0,Beans
2022-05-01,beans,Iganga,Iganga,0.61,33.47,2983.0,Beans
2022-06-01,beans,Iganga,Iganga,0.61,33.47,3280.0,Beans
2022-07-01,beans,Iganga,Iganga,0.61,33.47,3500.0,Beans
2022-08-01,beans,Iganga,Iganga,0.61,33.47,3500.0,Beans
2022-09-01,beans,Iganga,Iganga,0.61,33.47,3960.0,Beans
2022-10-01,beans,Iganga,Iganga,0.61,33.47,3950.0,Beans
2022-11-01,beans,Iganga,Iganga,0.61,33.47,3600.0,Beans
2022-12-01,beans,Iganga,Iganga,0.61,33.47,3700.0,Beans
2023-01-01,beans,Iganga,Iganga,0.61,33.47,3875.0,Beans
2023-02-01,beans,Iganga,Iganga,0.61,33.47,4250.0,Beans
2023-03-01,beans,Iganga,Iganga,0.61,33.47,4250.0,Beans
2023-04-01,beans,Iganga,Iganga,0.61,33.47,5125.0,Beans
2023-05-01,beans,Iganga,Iganga,0.61,33.47,5750.0,Beans
2023-06-01,beans,Iganga,Iganga,0.61,33.47,3760.0,Beans
2023-07-01,beans,Iganga,Iganga,0.61,33.47,3500.0,Beans
2023-08-01,beans,Iganga,Iganga,0.61,33.47,3833.0,Beans
2023-09-01,beans,Iganga,Iganga,0.61,33.47,4575.0,Beans
2023-10-01,beans,Iganga,Iganga,0.61,33.47,4833.0,Beans
2023-11-01,beans,Iganga,Iganga,0.61,33.47,4500.0,Beans
2023-12-01,beans,Iganga,Iganga,0.61,33.47,3575.0,Beans
2024-01-01,beans,Iganga,Iganga,0.61,33.47,3600.0,Beans
2024-02-01,beans,Iganga,Iganga,0.61,33.47,4250.0,Beans
2024-03-01,beans,Iganga,Iganga,0.61,33.47,4200.0,Beans
2024-04-01,beans,Iganga,Iganga,0.61,33.47,4200.0,Beans
2024-05-01,beans,Iganga,Iganga,0.61,33.47,4000.0,Beans
2024-06-01,beans,Iganga,Iganga,0.61,33.47,4000.0,Beans
2024-07-01,beans,Iganga,Iganga,0.61,33.47,3750.0,Beans
2024-08-01,beans,Iganga,Iganga,0.61,33.47,4000.0,Beans
2024-09-01,beans,Iganga,Iganga,0.61,33.47,4500.0,Beans
2024-10-01,beans,Iganga,Iganga,0.61,33.47,4375.0,Beans
2024-11-01,beans,Iganga,Iganga,0.61,33.47,4100.0,Beans
2024-12-01,beans,Iganga,Iganga,0.61,33.47,4250.0,Beans
2025-01-01,beans,Iganga,Iganga,0.61,33.47,4000.0,Beans
2025-02-01,beans,Iganga,Iganga,0.61,33.47,4000.0,Beans
2025-03-01,beans,Iganga,Iganga,0.61,33.47,4058.0,Beans
2025-04-01,beans,Iganga,Iganga,0.61,33.47,3500.0,Beans
2025-05-01,beans,Iganga,Iganga,0.61,33.47,4500.0,Beans
2025-06-01,beans,Iganga,Iganga,0.61,33.47,4538.0,Beans
2025-07-01,beans,Iganga,Iganga,0.61,33.47,3970.0,Beans
2025-08-01,beans,Iganga,Iganga,0.61,33.47,3600.0,Beans
2025-09-01,beans,Iganga,Iganga,0.61,33.47,3613.0,Beans
2025-10-01,beans,Iganga,Iganga,0.61,33.47,3110.0,Beans
2025-11-01,beans,Iganga,Iganga,0.61,33.47,3075.0,Beans
2025-12-01,beans,Iganga,Iganga,0.61,33.47,3289.0,Beans
2011-07-01,beans,Jinja,Jinja,0.42,33.2,1800.0,Beans
2011-08-01,beans,Jinja,Jinja,0.42,33.2,1759.0,Beans
2011-10-01,beans,Jinja,Jinja,0.42,33.2,1890.0,Beans
2011-11-01,beans,Jinja,Jinja,0.42,33.2,1674.0,Beans
2012-01-01,beans,Jinja,Jinja,0.42,33.2,1442.0,Beans
2012-02-01,beans,Jinja,Jinja,0.42,33.2,1500.0,Beans
2012-03-01,beans,Jinja,Jinja,0.42,33.2,1575.0,Beans
2012-04-01,beans,Jinja,Jinja,0.42,33.2,2075.0,Beans
2012-05-01,beans,Jinja,Jinja,0.42,33.2,2583.0,Beans
2012-06-01,beans,Jinja,Jinja,0.42,33.2,2400.0,Beans
2012-07-01,beans,Jinja,Jinja,0.42,33.2,2167.0,Beans
2012-08-01,beans,Jinja,Jinja,0.42,33.2,1592.0,Beans
2012-09-01,beans,Jinja,Jinja,0.42,33.2,1775.0,Beans
2012-10-01,beans,Jinja,Jinja,0.42,33.2,1733.0,Beans
2012-11-01,beans,Jinja,Jinja,0.42,33.2,1744.0,Beans
2012-12-01,beans,Jinja,Jinja,0.42,33.2,1784.0,Beans
2013-01-01,beans,Jinja,Jinja,0.42,33.2,2000.0,Beans
2013-02-01,beans,Jinja,Jinja,0.42,33.2,2166.0,Beans
2013-03-01,beans,Jinja,Jinja,0.42,33.2,2220.0,Beans
2013-04-01,beans,Jinja,Jinja,0.42,33.2,2291.8,Beans
2013-05-01,beans,Jinja,Jinja,0.42,33.2,2264.5,Beans
2013-06-01,beans,Jinja,Jinja,0.42,33.2,2220.0,Beans
2013-07-01,beans,Jinja,Jinja,0.42,33.2,1706.6,Beans
2013-08-01,beans,Jinja,Jinja,0.42,33.2,1637.5,Beans
2013-09-01,beans,Jinja,Jinja,0.42,33.2,2400.0,Beans
2013-10-01,beans,Jinja,Jinja,0.42,33.2,2523.0,Beans
2013-11-01,beans,Jinja,Jinja,0.42,33.2,2150.0,Beans
2013-12-01,beans,Jinja,Jinja,0.42,33.2,1867.0,Beans
2014-01-01,beans,Jinja,Jinja,0.42,33.2,2000.0,Beans
2014-02-01,beans,Jinja,Jinja,0.42,33.2,2150.0,Beans
2014-03-01,beans,Jinja,Jinja,0.42,33.2,2150.0,Beans
2014-04-01,beans,Jinja,Jinja,0.42,33.2,2030.0,Beans
2014-05-01,beans,Jinja,Jinja,0.42,33.2,2375.0,Beans
2014-06-01,beans,Jinja,Jinja,0.42,33.2,2433.0,Beans
2014-07-01,beans,Jinja,Jinja,0.42,33.2,1870.0,Beans
2014-08-01,beans,Jinja,Jinja,0.42,33.2,1650.0,Beans
2014-09-01,beans,Jinja,Jinja,0.42,33.2,1600.0,Beans
2014-10-01,beans,Jinja,Jinja,0.42,33.2,1575.0,Beans
2014-11-01,beans,Jinja,Jinja,0.42,33.2,1600.0,Beans
2020-09-01,beans,Jinja,Jinja,0.42,33.2,3624.0,Beans
2020-10-01,beans,Jinja,Jinja,0.42,33.2,3459.0,Beans
2020-11-01,beans,Jinja,Jinja,0.42,33.2,3039.0,Beans
2020-12-01,beans,Jinja,Jinja,0.42,33.2,2703.0,Beans
2021-01-01,beans,Jinja,Jinja,0.42,33.2,3073.0,Beans
2022-01-01,beans,Jinja,Jinja,0.42,33.2,2167.0,Beans
2022-02-01,beans,Jinja,Jinja,0.42,33.2,2500.0,Beans
2022-03-01,beans,Jinja,Jinja,0.42,33.2,2750.0,Beans
2022-04-01,beans,Jinja,Jinja,0.42,33.2,3133.0,Beans
2022-05-01,beans,Jinja,Jinja,0.42,33.2,3683.0,Beans
2022-06-01,beans,Jinja,Jinja,0.42,33.2,3780.0,Beans
2022-07-01,beans,Jinja,Jinja,0.42,33.2,4000.0,Beans
2022-08-01,beans,Jinja,Jinja,0.42,33.2,4550.0,Beans
2022-09-01,beans,Jinja,Jinja,0.42,33.2,4900.0,Beans
2022-10-01,beans,Jinja,Jinja,0.42,33.2,4325.0,Beans
2022-11-01,beans,Jinja,Jinja,0.42,33.2,3620.0,Beans
2022-12-01,beans,Jinja,Jinja,0.42,33.2,3600.0,Beans
2023-01-01,beans,Jinja,Jinja,0.42,33.2,4375.0,Beans
2023-02-01,beans,Jinja,Jinja,0.42,33.2,4500.0,Beans
2023-03-01,beans,Jinja,Jinja,0.42,33.2,4940.0,Beans
2023-04-01,beans,Jinja,Jinja,0.42,33.2,5125.0,Beans
2023-05-01,beans,Jinja,Jinja,0.42,33.2,5375.0,Beans
2023-06-01,beans,Jinja,Jinja,0.42,33.2,4860.0,Beans
2023-07-01,beans,Jinja,Jinja,0.42,33.2,5000.0,Beans
2023-08-01,beans,Jinja,Jinja,0.42,33.2,4875.0,Beans
2023-09-01,beans,Jinja,Jinja,0.42,33.2,5000.0,Beans
2023-10-01,beans,Jinja,Jinja,0.42,33.2,5167.0,Beans
2023-11-01,beans,Jinja,Jinja,0.42,33.2,4600.0,Beans
2023-12-01,beans,Jinja,Jinja,0.42,33.2,4125.0,Beans
2024-01-01,beans,Jinja,Jinja,0.42,33.2,3875.0,Beans
2024-02-01,beans,Jinja,Jinja,0.42,33.2,4200.0,Beans
2024-03-01,beans,Jinja,Jinja,0.42,33.2,4500.0,Beans
2024-04-01,beans,Jinja,Jinja,0.42,33.2,4750.0,Beans
2024-05-01,beans,Jinja,Jinja,0.42,33.2,5000.0,Beans
2024-06-01,beans,Jinja,Jinja,0.42,33.2,4625.0,Beans
2024-07-01,beans,Jinja,Jinja,0.42,33.2,4500.0,Beans
2024-08-01,beans,Jinja,Jinja,0.42,33.2,4500.0,Beans
2024-09-01,beans,Jinja,Jinja,0.42,33.2,5000.0,Beans
2024-10-01,beans,Jinja,Jinja,0.42,33.2,4750.0,Beans
2024-11-01,beans,Jinja,Jinja,0.42,33.2,4500.0,Beans
2024-12-01,beans,Jinja,Jinja,0.42,33.2,4375.0,Beans
2025-01-01,beans,Jinja,Jinja,0.42,33.2,4833.0,Beans
2025-02-01,beans,Jinja,Jinja,0.42,33.2,5000.0,Beans
2025-03-01,beans,Jinja,Jinja,0.42,33.2,5072.0,Beans
2025-04-01,beans,Jinja,Jinja,0.42,33.2,5229.0,Beans
2025-05-01,beans,Jinja,Jinja,0.42,33.2,4100.0,Beans
2025-06-01,beans,Jinja,Jinja,0.42,33.2,4563.0,Beans
2025-07-01,beans,Jinja,Jinja,0.42,33.2,4200.0,Beans
2025-08-01,beans,Jinja,Jinja,0.42,33.2,4000.0,Beans
2025-09-01,beans,Jinja,Jinja,0.42,33.2,4000.0,Beans
2025-10-01,beans,Jinja,Jinja,0.42,33.2,4000.0,Beans
2025-11-01,beans,Jinja,Jinja,0.42,33.2,3875.0,Beans
2025-12-01,beans,Jinja,Jinja,0.42,33.2,4000.0,Beans
2026-01-01,beans,Jinja,Jinja,0.42,33.2,4343.0,Beans
2026-02-01,beans,Jinja,Jinja,0.42,33.2,4258.0,Beans
2026-03-01,beans,Jinja,Jinja,0.42,33.2,4160.0,Beans
2026-04-01,beans,Jinja,Jinja,0.42,33.2,4211.0,Beans
2018-10-01,beans,Kaabong,Kaabong,3.54,34.12,3000.0,Beans
2018-11-01,beans,Kaabong,Kaabong,3.54,34.12,3000.0,Beans
2018-12-01,beans,Kaabong,Kaabong,3.54,34.12,3000.0,Beans
2019-01-01,beans,Kaabong,Kaabong,3.54,34.12,3000.0,Beans
2019-02-01,beans,Kaabong,Kaabong,3.54,34.12,3000.0,Beans
2019-03-01,beans,Kaabong,Kaabong,3.54,34.12,3000.0,Beans
2019-04-01,beans,Kaabong,Kaabong,3.54,34.12,3450.0,Beans
2019-05-01,beans,Kaabong,Kaabong,3.54,34.12,4000.0,Beans
2019-06-01,beans,Kaabong,Kaabong,3.54,34.12,3866.67,Beans
2019-07-01,beans,Kaabong,Kaabong,3.54,34.12,3800.0,Beans
2019-08-01,beans,Kaabong,Kaabong,3.54,34.12,3900.0,Beans
2019-09-01,beans,Kaabong,Kaabong,3.54,34.12,3675.0,Beans
2019-10-01,beans,Kaabong,Kaabong,3.54,34.12,3600.0,Beans
2019-11-01,beans,Kaabong,Kaabong,3.54,34.12,3600.0,Beans
2019-12-01,beans,Kaabong,Kaabong,3.54,34.12,3600.0,Beans
2020-01-01,beans,Kaabong,Kaabong,3.54,34.12,2600.0,Beans
2020-02-01,beans,Kaabong,Kaabong,3.54,34.12,3350.0,Beans
2020-04-01,beans,Kaabong,Kaabong,3.54,34.12,4000.0,Beans
2020-05-01,beans,Kaabong,Kaabong,3.54,34.12,4200.0,Beans
2020-06-01,beans,Kaabong,Kaabong,3.54,34.12,4380.0,Beans
2020-07-01,beans,Kaabong,Kaabong,3.54,34.12,3997.0,Beans
2020-08-01,beans,Kaabong,Kaabong,3.54,34.12,4000.0,Beans
2020-09-01,beans,Kaabong,Kaabong,3.54,34.12,4150.0,Beans
2020-10-01,beans,Kaabong,Kaabong,3.54,34.12,3831.0,Beans
2020-11-01,beans,Kaabong,Kaabong,3.54,34.12,3141.0,Beans
2020-12-01,beans,Kaabong,Kaabong,3.54,34.12,3418.0,Beans
2021-01-01,beans,Kaabong,Kaabong,3.54,34.12,3327.0,Beans
2021-03-01,beans,Kaabong,Kaabong,3.54,34.12,3963.0,Beans
2021-04-01,beans,Kaabong,Kaabong,3.54,34.12,4020.0,Beans
2021-05-01,beans,Kaabong,Kaabong,3.54,34.12,4008.0,Beans
2021-06-01,beans,Kaabong,Kaabong,3.54,34.12,3980.0,Beans
2021-07-01,beans,Kaabong,Kaabong,3.54,34.12,3275.0,Beans
2021-08-01,beans,Kaabong,Kaabong,3.54,34.12,3331.0,Beans
2021-09-01,beans,Kaabong,Kaabong,3.54,34.12,3713.0,Beans
2021-10-01,beans,Kaabong,Kaabong,3.54,34.12,3217.0,Beans
2021-11-01,beans,Kaabong,Kaabong,3.54,34.12,3220.0,Beans
2021-12-01,beans,Kaabong,Kaabong,3.54,34.12,3120.0,Beans
2022-01-01,beans,Kaabong,Kaabong,3.54,34.12,3150.0,Beans
2022-04-01,beans,Kaabong,Kaabong,3.54,34.12,3000.0,Beans
2022-05-01,beans,Kaabong,Kaabong,3.54,34.12,3000.0,Beans
2022-06-01,beans,Kaabong,Kaabong,3.54,34.12,4000.0,Beans
2022-07-01,beans,Kaabong,Kaabong,3.54,34.12,3700.0,Beans
2022-08-01,beans,Kaabong,Kaabong,3.54,34.12,2550.0,Beans
2022-09-01,beans,Kaabong,Kaabong,3.54,34.12,3200.0,Beans
2022-10-01,beans,Kaabong,Kaabong,3.54,34.12,3260.0,Beans
2022-11-01,beans,Kaabong,Kaabong,3.54,34.12,3060.0,Beans
2022-12-01,beans,Kaabong,Kaabong,3.54,34.12,2725.0,Beans
2023-01-01,beans,Kaabong,Kaabong,3.54,34.12,3840.0,Beans
2023-02-01,beans,Kaabong,Kaabong,3.54,34.12,3900.0,Beans
2023-03-01,beans,Kaabong,Kaabong,3.54,34.12,3900.0,Beans
2023-04-01,beans,Kaabong,Kaabong,3.54,34.12,5167.0,Beans
2023-05-01,beans,Kaabong,Kaabong,3.54,34.12,5750.0,Beans
2023-06-01,beans,Kaabong,Kaabong,3.54,34.12,5700.0,Beans
2023-07-01,beans,Kaabong,Kaabong,3.54,34.12,4500.0,Beans
2023-08-01,beans,Kaabong,Kaabong,3.54,34.12,4000.0,Beans
2023-09-01,beans,Kaabong,Kaabong,3.54,34.12,4500.0,Beans
2023-10-01,beans,Kaabong,Kaabong,3.54,34.12,4800.0,Beans
2023-11-01,beans,Kaabong,Kaabong,3.54,34.12,4500.0,Beans
2023-12-01,beans,Kaabong,Kaabong,3.54,34.12,4400.0,Beans
2024-01-01,beans,Kaabong,Kaabong,3.54,34.12,4500.0,Beans
2024-02-01,beans,Kaabong,Kaabong,3.54,34.12,4625.0,Beans
2024-03-01,beans,Kaabong,Kaabong,3.54,34.12,4125.0,Beans
2024-04-01,beans,Kaabong,Kaabong,3.54,34.12,4500.0,Beans
2024-05-01,beans,Kaabong,Kaabong,3.54,34.12,4500.0,Beans
2024-06-01,beans,Kaabong,Kaabong,3.54,34.12,3767.0,Beans
2024-07-01,beans,Kaabong,Kaabong,3.54,34.12,4150.0,Beans
2024-08-01,beans,Kaabong,Kaabong,3.54,34.12,4138.0,Beans
2024-09-01,beans,Kaabong,Kaabong,3.54,34.12,4125.0,Beans
2024-10-01,beans,Kaabong,Kaabong,3.54,34.12,4100.0,Beans
2024-11-01,beans,Kaabong,Kaabong,3.54,34.12,4000.0,Beans
2024-12-01,beans,Kaabong,Kaabong,3.54,34.12,4375.0,Beans
2025-01-01,beans,Kaabong,Kaabong,3.54,34.12,4200.0,Beans
2025-02-01,beans,Kaabong,Kaabong,3.54,34.12,4625.0,Beans
2025-03-01,beans,Kaabong,Kaabong,3.54,34.12,4500.0,Beans
2025-04-01,beans,Kaabong,Kaabong,3.54,34.12,4563.0,Beans
2025-05-01,beans,Kaabong,Kaabong,3.54,34.12,4625.0,Beans
2025-06-01,beans,Kaabong,Kaabong,3.54,34.12,4875.0,Beans
2025-07-01,beans,Kaabong,Kaabong,3.54,34.12,4400.0,Beans
2025-08-01,beans,Kaabong,Kaabong,3.54,34.12,4275.0,Beans
2025-09-01,beans,Kaabong,Kaabong,3.54,34.12,3500.0,Beans
2025-10-01,beans,Kaabong,Kaabong,3.54,34.12,3380.0,Beans
2025-11-01,beans,Kaabong,Kaabong,3.54,34.12,2713.0,Beans
2025-12-01,beans,Kaabong,Kaabong,3.54,34.12,3000.0,Beans
2026-01-01,beans,Kaabong,Kaabong,3.54,34.12,2957.0,Beans
2011-04-01,beans,Kapchorwa,Kween,1.38,34.52,2000.0,Beans
2011-05-01,beans,Kapchorwa,Kween,1.38,34.52,1800.0,Beans
2011-07-01,beans,Kapchorwa,Kween,1.38,34.52,800.0,Beans
2011-08-01,beans,Kapchorwa,Kween,1.38,34.52,1890.0,Beans
2013-04-01,beans,Kapchorwa,Kween,1.38,34.52,1800.0,Beans
2013-05-01,beans,Kapchorwa,Kween,1.38,34.52,1800.0,Beans
2013-06-01,beans,Kapchorwa,Kween,1.38,34.52,1800.0,Beans
2013-07-01,beans,Kapchorwa,Kween,1.38,34.52,1666.67,Beans
2013-08-01,beans,Kapchorwa,Kween,1.38,34.52,1800.0,Beans
2013-09-01,beans,Kapchorwa,Kween,1.38,34.52,1800.0,Beans
2013-10-01,beans,Kapchorwa,Kween,1.38,34.52,1800.0,Beans
2014-03-01,beans,Kapchorwa,Kween,1.38,34.52,2000.0,Beans
2014-04-01,beans,Kapchorwa,Kween,1.38,34.52,2000.0,Beans
2014-05-01,beans,Kapchorwa,Kween,1.38,34.52,2000.0,Beans
2014-06-01,beans,Kapchorwa,Kween,1.38,34.52,2000.0,Beans
2014-07-01,beans,Kapchorwa,Kween,1.38,34.52,2000.0,Beans
2014-11-01,beans,Kapchorwa,Kween,1.38,34.52,2000.0,Beans
2015-01-01,beans,Kapchorwa,Kween,1.38,34.52,1500.0,Beans
2015-02-01,beans,Kapchorwa,Kween,1.38,34.52,1650.0,Beans
2015-03-01,beans,Kapchorwa,Kween,1.38,34.52,1800.0,Beans
2015-04-01,beans,Kapchorwa,Kween,1.38,34.52,2300.0,Beans
2015-05-01,beans,Kapchorwa,Kween,1.38,34.52,2600.0,Beans
2015-06-01,beans,Kapchorwa,Kween,1.38,34.52,2500.0,Beans
2015-07-01,beans,Kapchorwa,Kween,1.38,34.52,1575.0,Beans
2015-08-01,beans,Kapchorwa,Kween,1.38,34.52,1750.0,Beans
2015-09-01,beans,Kapchorwa,Kween,1.38,34.52,2000.0,Beans
2015-10-01,beans,Kapchorwa,Kween,1.38,34.52,2000.0,Beans
2015-11-01,beans,Kapchorwa,Kween,1.38,34.52,2000.0,Beans
2015-12-01,beans,Kapchorwa,Kween,1.38,34.52,1875.0,Beans
2016-01-01,beans,Kapchorwa,Kween,1.38,34.52,2000.0,Beans
2016-02-01,beans,Kapchorwa,Kween,1.38,34.52,2100.0,Beans
2016-08-01,beans,Kapchorwa,Kween,1.38,34.52,1950.0,Beans
2016-09-01,beans,Kapchorwa,Kween,1.38,34.52,2100.0,Beans
2016-10-01,beans,Kapchorwa,Kween,1.38,34.52,2133.0,Beans
2016-11-01,beans,Kapchorwa,Kween,1.38,34.52,2000.0,Beans
2016-12-01,beans,Kapchorwa,Kween,1.38,34.52,2100.0,Beans
2017-01-01,beans,Kapchorwa,Kween,1.38,34.52,2333.0,Beans
2017-02-01,beans,Kapchorwa,Kween,1.38,34.52,2400.0,Beans
2017-03-01,beans,Kapchorwa,Kween,1.38,34.52,2500.0,Beans
2017-05-01,beans,Kapchorwa,Kween,1.38,34.52,3500.0,Beans
2017-07-01,beans,Kapchorwa,Kween,1.38,34.52,2000.0,Beans
2017-08-01,beans,Kapchorwa,Kween,1.38,34.52,2500.0,Beans
2017-09-01,beans,Kapchorwa,Kween,1.38,34.52,2500.0,Beans
2017-11-01,beans,Kapchorwa,Kween,1.38,34.52,2000.0,Beans
2017-12-01,beans,Kapchorwa,Kween,1.38,34.52,2000.0,Beans
2018-01-01,beans,Kapchorwa,Kween,1.38,34.52,2500.0,Beans
2018-02-01,beans,Kapchorwa,Kween,1.38,34.52,2500.0,Beans
2018-03-01,beans,Kapchorwa,Kween,1.38,34.52,2500.0,Beans
2018-04-01,beans,Kapchorwa,Kween,1.38,34.52,2500.0,Beans
2018-05-01,beans,Kapchorwa,Kween,1.38,34.52,2500.0,Beans
2018-06-01,beans,Kapchorwa,Kween,1.38,34.52,2000.0,Beans
2018-10-01,beans,Kapchorwa,Kween,1.38,34.52,2000.0,Beans
2018-11-01,beans,Kapchorwa,Kween,1.38,34.52,1850.0,Beans
2018-12-01,beans,Kapchorwa,Kween,1.38,34.52,1900.0,Beans
2019-02-01,beans,Kapchorwa,Kween,1.38,34.52,2400.0,Beans
2019-03-01,beans,Kapchorwa,Kween,1.38,34.52,2400.0,Beans
2019-04-01,beans,Kapchorwa,Kween,1.38,34.52,2700.0,Beans
2019-05-01,beans,Kapchorwa,Kween,1.38,34.52,3633.33,Beans
2019-06-01,beans,Kapchorwa,Kween,1.38,34.52,3500.0,Beans
2019-07-01,beans,Kapchorwa,Kween,1.38,34.52,2850.0,Beans
2019-08-01,beans,Kapchorwa,Kween,1.38,34.52,2933.33,Beans
2019-09-01,beans,Kapchorwa,Kween,1.38,34.52,2866.67,Beans
2019-10-01,beans,Kapchorwa,Kween,1.38,34.52,3100.0,Beans
2019-11-01,beans,Kapchorwa,Kween,1.38,34.52,3250.0,Beans
2019-12-01,beans,Kapchorwa,Kween,1.38,34.52,2966.67,Beans
2020-01-01,beans,Kapchorwa,Kween,1.38,34.52,2966.67,Beans
2020-02-01,beans,Kapchorwa,Kween,1.38,34.52,3050.0,Beans
2020-04-01,beans,Kapchorwa,Kween,1.38,34.52,3525.0,Beans
2020-05-01,beans,Kapchorwa,Kween,1.38,34.52,3550.0,Beans
2020-07-01,beans,Kapchorwa,Kween,1.38,34.52,3367.0,Beans
2020-08-01,beans,Kapchorwa,Kween,1.38,34.52,3258.0,Beans
2020-09-01,beans,Kapchorwa,Kween,1.38,34.52,3179.0,Beans
2020-10-01,beans,Kapchorwa,Kween,1.38,34.52,2958.0,Beans
2020-11-01,beans,Kapchorwa,Kween,1.38,34.52,2973.0,Beans
2020-12-01,beans,Kapchorwa,Kween,1.38,34.52,2820.0,Beans
2021-01-01,beans,Kapchorwa,Kween,1.38,34.52,3000.0,Beans
2021-04-01,beans,Kapchorwa,Kween,1.38,34.52,3000.0,Beans
2021-05-01,beans,Kapchorwa,Kween,1.38,34.52,3000.0,Beans
2021-06-01,beans,Kapchorwa,Kween,1.38,34.52,2500.0,Beans
2021-07-01,beans,Kapchorwa,Kween,1.38,34.52,2354.0,Beans
2021-08-01,beans,Kapchorwa,Kween,1.38,34.52,2093.0,Beans
2021-09-01,beans,Kapchorwa,Kween,1.38,34.52,2056.0,Beans
2021-10-01,beans,Kapchorwa,Kween,1.38,34.52,2000.0,Beans
2021-11-01,beans,Kapchorwa,Kween,1.38,34.52,1950.0,Beans
2021-12-01,beans,Kapchorwa,Kween,1.38,34.52,1933.0,Beans
2022-01-01,beans,Kapchorwa,Kween,1.38,34.52,2056.0,Beans
2022-03-01,beans,Kapchorwa,Kween,1.38,34.52,2100.0,Beans
2022-04-01,beans,Kapchorwa,Kween,1.38,34.52,2517.0,Beans
2022-05-01,beans,Kapchorwa,Kween,1.38,34.52,2917.0,Beans
2022-06-01,beans,Kapchorwa,Kween,1.38,34.52,2750.0,Beans
2022-07-01,beans,Kapchorwa,Kween,1.38,34.52,2500.0,Beans
2022-08-01,beans,Kapchorwa,Kween,1.38,34.52,3083.0,Beans
2022-09-01,beans,Kapchorwa,Kween,1.38,34.52,4000.0,Beans
2022-10-01,beans,Kapchorwa,Kween,1.38,34.52,3600.0,Beans
2022-11-01,beans,Kapchorwa,Kween,1.38,34.52,3500.0,Beans
2022-12-01,beans,Kapchorwa,Kween,1.38,34.52,3250.0,Beans
2023-01-01,beans,Kapchorwa,Kween,1.38,34.52,3100.0,Beans
2023-02-01,beans,Kapchorwa,Kween,1.38,34.52,3500.0,Beans
2023-03-01,beans,Kapchorwa,Kween,1.38,34.52,3390.0,Beans
2023-04-01,beans,Kapchorwa,Kween,1.38,34.52,5000.0,Beans
2023-05-01,beans,Kapchorwa,Kween,1.38,34.52,5000.0,Beans
2023-06-01,beans,Kapchorwa,Kween,1.38,34.52,4000.0,Beans
2023-07-01,beans,Kapchorwa,Kween,1.38,34.52,4000.0,Beans
2023-08-01,beans,Kapchorwa,Kween,1.38,34.52,4000.0,Beans
2023-09-01,beans,Kapchorwa,Kween,1.38,34.52,4000.0,Beans
2023-10-01,beans,Kapchorwa,Kween,1.38,34.52,4000.0,Beans
2023-11-01,beans,Kapchorwa,Kween,1.38,34.52,3700.0,Beans
2023-12-01,beans,Kapchorwa,Kween,1.38,34.52,3125.0,Beans
2024-01-01,beans,Kapchorwa,Kween,1.38,34.52,3000.0,Beans
2024-02-01,beans,Kapchorwa,Kween,1.38,34.52,3000.0,Beans
2024-03-01,beans,Kapchorwa,Kween,1.38,34.52,3000.0,Beans
2024-04-01,beans,Kapchorwa,Kween,1.38,34.52,3000.0,Beans
2024-05-01,beans,Kapchorwa,Kween,1.38,34.52,3000.0,Beans
2024-06-01,beans,Kapchorwa,Kween,1.38,34.52,3000.0,Beans
2024-07-01,beans,Kapchorwa,Kween,1.38,34.52,3000.0,Beans
2024-08-01,beans,Kapchorwa,Kween,1.38,34.52,3000.0,Beans
2024-09-01,beans,Kapchorwa,Kween,1.38,34.52,3000.0,Beans
2024-10-01,beans,Kapchorwa,Kween,1.38,34.52,3000.0,Beans
2024-11-01,beans,Kapchorwa,Kween,1.38,34.52,3000.0,Beans
2024-12-01,beans,Kapchorwa,Kween,1.38,34.52,3000.0,Beans
2025-01-01,beans,Kapchorwa,Kween,1.38,34.52,3000.0,Beans
2025-02-01,beans,Kapchorwa,Kween,1.38,34.52,3000.0,Beans
2025-03-01,beans,Kapchorwa,Kween,1.38,34.52,3043.0,Beans
2025-04-01,beans,Kapchorwa,Kween,1.38,34.52,3500.0,Beans
2025-05-01,beans,Kapchorwa,Kween,1.38,34.52,4000.0,Beans
2025-06-01,beans,Kapchorwa,Kween,1.38,34.52,3500.0,Beans
2025-07-01,beans,Kapchorwa,Kween,1.38,34.52,3000.0,Beans
2025-08-01,beans,Kapchorwa,Kween,1.38,34.52,3000.0,Beans
2025-09-01,beans,Kapchorwa,Kween,1.38,34.52,3000.0,Beans
2025-10-01,beans,Kapchorwa,Kween,1.38,34.52,2625.0,Beans
2025-11-01,beans,Kapchorwa,Kween,1.38,34.52,2500.0,Beans
2025-12-01,beans,Kapchorwa,Kween,1.38,34.52,2500.0,Beans
2022-09-01,beans,Karenga,Kaabong,3.57,33.7,3000.0,Beans
2022-10-01,beans,Karenga,Kaabong,3.57,33.7,3000.0,Beans
2022-11-01,beans,Karenga,Kaabong,3.57,33.7,3000.0,Beans
2022-12-01,beans,Karenga,Kaabong,3.57,33.7,4000.0,Beans
2023-01-01,beans,Karenga,Kaabong,3.57,33.7,3272.73,Beans
2023-02-01,beans,Karenga,Kaabong,3.57,33.7,3000.0,Beans
2023-03-01,beans,Karenga,Kaabong,3.57,33.7,4000.0,Beans
2023-04-01,beans,Karenga,Kaabong,3.57,33.7,4000.0,Beans
2023-06-01,beans,Karenga,Kaabong,3.57,33.7,4143.0,Beans
2023-07-01,beans,Karenga,Kaabong,3.57,33.7,3500.0,Beans
2023-08-01,beans,Karenga,Kaabong,3.57,33.7,3500.0,Beans
2023-09-01,beans,Karenga,Kaabong,3.57,33.7,3750.0,Beans
2023-10-01,beans,Karenga,Kaabong,3.57,33.7,3667.0,Beans
2023-11-01,beans,Karenga,Kaabong,3.57,33.7,4000.0,Beans
2023-12-01,beans,Karenga,Kaabong,3.57,33.7,4000.0,Beans
2024-01-01,beans,Karenga,Kaabong,3.57,33.7,3813.0,Beans
2024-02-01,beans,Karenga,Kaabong,3.57,33.7,3786.0,Beans
2024-03-01,beans,Karenga,Kaabong,3.57,33.7,3750.0,Beans
2024-04-01,beans,Karenga,Kaabong,3.57,33.7,3778.0,Beans
2024-05-01,beans,Karenga,Kaabong,3.57,33.7,3600.0,Beans
2024-06-01,beans,Karenga,Kaabong,3.57,33.7,4143.0,Beans
2024-07-01,beans,Karenga,Kaabong,3.57,33.7,4000.0,Beans
2024-08-01,beans,Karenga,Kaabong,3.57,33.7,4000.0,Beans
2024-09-01,beans,Karenga,Kaabong,3.57,33.7,3571.0,Beans
2024-10-01,beans,Karenga,Kaabong,3.57,33.7,3125.0,Beans
2024-11-01,beans,Karenga,Kaabong,3.57,33.7,3000.0,Beans
2024-12-01,beans,Karenga,Kaabong,3.57,33.7,3143.0,Beans
2025-01-01,beans,Karenga,Kaabong,3.57,33.7,3000.0,Beans
2025-02-01,beans,Karenga,Kaabong,3.57,33.7,3166.67,Beans
2025-03-01,beans,Karenga,Kaabong,3.57,33.7,3545.0,Beans
2025-04-01,beans,Karenga,Kaabong,3.57,33.7,4000.0,Beans
2025-05-01,beans,Karenga,Kaabong,3.57,33.7,4000.0,Beans
2025-06-01,beans,Karenga,Kaabong,3.57,33.7,4071.0,Beans
2025-07-01,beans,Karenga,Kaabong,3.57,33.7,4000.0,Beans
2025-08-01,beans,Karenga,Kaabong,3.57,33.7,4000.0,Beans
2025-09-01,beans,Karenga,Kaabong,3.57,33.7,3429.0,Beans
2025-10-01,beans,Karenga,Kaabong,3.57,33.7,3650.0,Beans
2025-11-01,beans,Karenga,Kaabong,3.57,33.7,3393.0,Beans
2025-12-01,beans,Karenga,Kaabong,3.57,33.7,3690.0,Beans
2026-01-01,beans,Karenga,Kaabong,3.57,33.7,3686.0,Beans
2018-10-01,beans,Karita,Amudat,1.54,34.83,2000.0,Beans
2018-11-01,beans,Karita,Amudat,1.54,34.83,3000.0,Beans
2018-12-01,beans,Karita,Amudat,1.54,34.83,3500.0,Beans
2019-01-01,beans,Karita,Amudat,1.54,34.83,2200.0,Beans
2019-02-01,beans,Karita,Amudat,1.54,34.83,2475.0,Beans
2019-04-01,beans,Karita,Amudat,1.54,34.83,3500.0,Beans
2019-05-01,beans,Karita,Amudat,1.54,34.83,3500.0,Beans
2019-06-01,beans,Karita,Amudat,1.54,34.83,3500.0,Beans
2019-07-01,beans,Karita,Amudat,1.54,34.83,3500.0,Beans
2019-08-01,beans,Karita,Amudat,1.54,34.83,3500.0,Beans
2019-09-01,beans,Karita,Amudat,1.54,34.83,3000.0,Beans
2019-10-01,beans,Karita,Amudat,1.54,34.83,3150.0,Beans
2019-11-01,beans,Karita,Amudat,1.54,34.83,3000.0,Beans
2020-01-01,beans,Karita,Amudat,1.54,34.83,3500.0,Beans
2020-02-01,beans,Karita,Amudat,1.54,34.83,3500.0,Beans
2020-04-01,beans,Karita,Amudat,1.54,34.83,4000.0,Beans
2020-05-01,beans,Karita,Amudat,1.54,34.83,4225.0,Beans
2020-06-01,beans,Karita,Amudat,1.54,34.83,3875.0,Beans
2020-07-01,beans,Karita,Amudat,1.54,34.83,3250.0,Beans
2021-11-01,beans,Karita,Amudat,1.54,34.83,3071.0,Beans
2021-12-01,beans,Karita,Amudat,1.54,34.83,3186.0,Beans
2022-01-01,beans,Karita,Amudat,1.54,34.83,3120.0,Beans
2022-04-01,beans,Karita,Amudat,1.54,34.83,3000.0,Beans
2022-08-01,beans,Karita,Amudat,1.54,34.83,2650.0,Beans
2022-09-01,beans,Karita,Amudat,1.54,34.83,2575.0,Beans
2022-10-01,beans,Karita,Amudat,1.54,34.83,2660.0,Beans
2022-11-01,beans,Karita,Amudat,1.54,34.83,2875.0,Beans
2022-12-01,beans,Karita,Amudat,1.54,34.83,2750.0,Beans
2023-01-01,beans,Karita,Amudat,1.54,34.83,3000.0,Beans
2023-02-01,beans,Karita,Amudat,1.54,34.83,3750.0,Beans
2023-03-01,beans,Karita,Amudat,1.54,34.83,4000.0,Beans
2023-04-01,beans,Karita,Amudat,1.54,34.83,3875.0,Beans
2023-05-01,beans,Karita,Amudat,1.54,34.83,3750.0,Beans
2023-06-01,beans,Karita,Amudat,1.54,34.83,4000.0,Beans
2023-07-01,beans,Karita,Amudat,1.54,34.83,4125.0,Beans
2023-08-01,beans,Karita,Amudat,1.54,34.83,4000.0,Beans
2023-09-01,beans,Karita,Amudat,1.54,34.83,4000.0,Beans
2023-10-01,beans,Karita,Amudat,1.54,34.83,3813.0,Beans
2023-11-01,beans,Karita,Amudat,1.54,34.83,3750.0,Beans
2023-12-01,beans,Karita,Amudat,1.54,34.83,3833.0,Beans
2024-01-01,beans,Karita,Amudat,1.54,34.83,3583.0,Beans
2024-02-01,beans,Karita,Amudat,1.54,34.83,4000.0,Beans
2024-03-01,beans,Karita,Amudat,1.54,34.83,3000.0,Beans
2024-04-01,beans,Karita,Amudat,1.54,34.83,3200.0,Beans
2024-05-01,beans,Karita,Amudat,1.54,34.83,3500.0,Beans
2024-06-01,beans,Karita,Amudat,1.54,34.83,4375.0,Beans
2024-07-01,beans,Karita,Amudat,1.54,34.83,4600.0,Beans
2024-08-01,beans,Karita,Amudat,1.54,34.83,4400.0,Beans
2024-09-01,beans,Karita,Amudat,1.54,34.83,4000.0,Beans
2024-10-01,beans,Karita,Amudat,1.54,34.83,4500.0,Beans
2024-11-01,beans,Karita,Amudat,1.54,34.83,4300.0,Beans
2024-12-01,beans,Karita,Amudat,1.54,34.83,4750.0,Beans
2025-01-01,beans,Karita,Amudat,1.54,34.83,4833.0,Beans
2025-02-01,beans,Karita,Amudat,1.54,34.83,4000.0,Beans
2025-03-01,beans,Karita,Amudat,1.54,34.83,4250.0,Beans
2025-04-01,beans,Karita,Amudat,1.54,34.83,4167.0,Beans
2025-05-01,beans,Karita,Amudat,1.54,34.83,4281.0,Beans
2025-06-01,beans,Karita,Amudat,1.54,34.83,4400.0,Beans
2025-07-01,beans,Karita,Amudat,1.54,34.83,4500.0,Beans
2025-08-01,beans,Karita,Amudat,1.54,34.83,4500.0,Beans
2025-09-01,beans,Karita,Amudat,1.54,34.83,4125.0,Beans
2025-10-01,beans,Karita,Amudat,1.54,34.83,4000.0,Beans
2026-01-01,beans,Karita,Amudat,1.54,34.83,4045.0,Beans
2021-07-01,beans,Kasese,Kasese,0.17,30.07,3000.0,Beans
2021-08-01,beans,Kasese,Kasese,0.17,30.07,2250.0,Beans
2021-09-01,beans,Kasese,Kasese,0.17,30.07,2400.0,Beans
2021-10-01,beans,Kasese,Kasese,0.17,30.07,2100.0,Beans
2021-11-01,beans,Kasese,Kasese,0.17,30.07,2150.0,Beans
2021-12-01,beans,Kasese,Kasese,0.17,30.07,2138.0,Beans
2022-03-01,beans,Kasese,Kasese,0.17,30.07,2700.0,Beans
2022-04-01,beans,Kasese,Kasese,0.17,30.07,2800.0,Beans
2022-05-01,beans,Kasese,Kasese,0.17,30.07,3567.0,Beans
2022-06-01,beans,Kasese,Kasese,0.17,30.07,3300.0,Beans
2022-07-01,beans,Kasese,Kasese,0.17,30.07,3425.0,Beans
2022-08-01,beans,Kasese,Kasese,0.17,30.07,3817.0,Beans
2022-09-01,beans,Kasese,Kasese,0.17,30.07,4000.0,Beans
2022-10-01,beans,Kasese,Kasese,0.17,30.07,4180.0,Beans
2022-11-01,beans,Kasese,Kasese,0.17,30.07,3540.0,Beans
2022-12-01,beans,Kasese,Kasese,0.17,30.07,3080.0,Beans
2023-01-01,beans,Kasese,Kasese,0.17,30.07,3225.0,Beans
2023-02-01,beans,Kasese,Kasese,0.17,30.07,3450.0,Beans
2023-03-01,beans,Kasese,Kasese,0.17,30.07,4300.0,Beans
2023-04-01,beans,Kasese,Kasese,0.17,30.07,5000.0,Beans
2023-06-01,beans,Kasese,Kasese,0.17,30.07,4700.0,Beans
2023-07-01,beans,Kasese,Kasese,0.17,30.07,3625.0,Beans
2023-08-01,beans,Kasese,Kasese,0.17,30.07,4700.0,Beans
2023-09-01,beans,Kasese,Kasese,0.17,30.07,5375.0,Beans
2023-10-01,beans,Kasese,Kasese,0.17,30.07,4740.0,Beans
2023-11-01,beans,Kasese,Kasese,0.17,30.07,4000.0,Beans
2023-12-01,beans,Kasese,Kasese,0.17,30.07,3775.0,Beans
2024-01-01,beans,Kasese,Kasese,0.17,30.07,3125.0,Beans
2024-02-01,beans,Kasese,Kasese,0.17,30.07,3380.0,Beans
2024-03-01,beans,Kasese,Kasese,0.17,30.07,3750.0,Beans
2024-04-01,beans,Kasese,Kasese,0.17,30.07,4225.0,Beans
2024-05-01,beans,Kasese,Kasese,0.17,30.07,4300.0,Beans
2024-06-01,beans,Kasese,Kasese,0.17,30.07,4000.0,Beans
2024-07-01,beans,Kasese,Kasese,0.17,30.07,3900.0,Beans
2024-08-01,beans,Kasese,Kasese,0.17,30.07,4133.0,Beans
2024-09-01,beans,Kasese,Kasese,0.17,30.07,5000.0,Beans
2024-10-01,beans,Kasese,Kasese,0.17,30.07,4660.0,Beans
2024-11-01,beans,Kasese,Kasese,0.17,30.07,3800.0,Beans
2024-12-01,beans,Kasese,Kasese,0.17,30.07,3520.0,Beans
2025-01-01,beans,Kasese,Kasese,0.17,30.07,3140.0,Beans
2025-02-01,beans,Kasese,Kasese,0.17,30.07,3487.0,Beans
2025-03-01,beans,Kasese,Kasese,0.17,30.07,3537.0,Beans
2025-04-01,beans,Kasese,Kasese,0.17,30.07,4500.0,Beans
2025-05-01,beans,Kasese,Kasese,0.17,30.07,5000.0,Beans
2025-06-01,beans,Kasese,Kasese,0.17,30.07,5125.0,Beans
2025-07-01,beans,Kasese,Kasese,0.17,30.07,5000.0,Beans
2025-08-01,beans,Kasese,Kasese,0.17,30.07,5000.0,Beans
2025-09-01,beans,Kasese,Kasese,0.17,30.07,5000.0,Beans
2025-10-01,beans,Kasese,Kasese,0.17,30.07,5000.0,Beans
2025-11-01,beans,Kasese,Kasese,0.17,30.07,5000.0,Beans
2025-12-01,beans,Kasese,Kasese,0.17,30.07,5000.0,Beans
2011-04-01,beans,Kiboga,Kyankwanzi,0.92,31.77,1950.0,Beans
2011-05-01,beans,Kiboga,Kyankwanzi,0.92,31.77,2150.0,Beans
2011-06-01,beans,Kiboga,Kyankwanzi,0.92,31.77,2000.0,Beans
2011-07-01,beans,Kiboga,Kyankwanzi,0.92,31.77,1500.0,Beans
2011-08-01,beans,Kiboga,Kyankwanzi,0.92,31.77,1667.0,Beans
2011-09-01,beans,Kiboga,Kyankwanzi,0.92,31.77,1500.0,Beans
2011-10-01,beans,Kiboga,Kyankwanzi,0.92,31.77,1900.0,Beans
2011-11-01,beans,Kiboga,Kyankwanzi,0.92,31.77,1632.0,Beans
2012-01-01,beans,Kiboga,Kyankwanzi,0.92,31.77,1425.0,Beans
2012-02-01,beans,Kiboga,Kyankwanzi,0.92,31.77,1450.0,Beans
2012-03-01,beans,Kiboga,Kyankwanzi,0.92,31.77,1609.0,Beans
2012-04-01,beans,Kiboga,Kyankwanzi,0.92,31.77,1700.0,Beans
2012-05-01,beans,Kiboga,Kyankwanzi,0.92,31.77,2000.0,Beans
2012-06-01,beans,Kiboga,Kyankwanzi,0.92,31.77,2000.0,Beans
2012-07-01,beans,Kiboga,Kyankwanzi,0.92,31.77,1500.0,Beans
2012-08-01,beans,Kiboga,Kyankwanzi,0.92,31.77,1500.0,Beans
2012-09-01,beans,Kiboga,Kyankwanzi,0.92,31.77,1500.0,Beans
2012-10-01,beans,Kiboga,Kyankwanzi,0.92,31.77,1642.0,Beans
2012-11-01,beans,Kiboga,Kyankwanzi,0.92,31.77,1408.0,Beans
2012-12-01,beans,Kiboga,Kyankwanzi,0.92,31.77,1400.0,Beans
2013-01-01,beans,Kiboga,Kyankwanzi,0.92,31.77,1400.0,Beans
2013-02-01,beans,Kiboga,Kyankwanzi,0.92,31.77,1650.0,Beans
2013-03-01,beans,Kiboga,Kyankwanzi,0.92,31.77,1800.0,Beans
2013-04-01,beans,Kiboga,Kyankwanzi,0.92,31.77,2000.0,Beans
2013-05-01,beans,Kiboga,Kyankwanzi,0.92,31.77,1916.7,Beans
2013-06-01,beans,Kiboga,Kyankwanzi,0.92,31.77,1800.0,Beans
2013-07-01,beans,Kiboga,Kyankwanzi,0.92,31.77,2033.5,Beans
2013-08-01,beans,Kiboga,Kyankwanzi,0.92,31.77,2200.0,Beans
2013-09-01,beans,Kiboga,Kyankwanzi,0.92,31.77,2300.0,Beans
2013-10-01,beans,Kiboga,Kyankwanzi,0.92,31.77,2084.0,Beans
2013-12-01,beans,Kiboga,Kyankwanzi,0.92,31.77,1300.0,Beans
2014-01-01,beans,Kiboga,Kyankwanzi,0.92,31.77,1517.0,Beans
2014-04-01,beans,Kiboga,Kyankwanzi,0.92,31.77,2450.0,Beans
2018-10-01,beans,Kotido,Kotido,3.0,34.11,2450.0,Beans
2018-11-01,beans,Kotido,Kotido,3.0,34.11,2538.0,Beans
2019-01-01,beans,Kotido,Kotido,3.0,34.11,2788.0,Beans
2019-02-01,beans,Kotido,Kotido,3.0,34.11,2875.0,Beans
2019-03-01,beans,Kotido,Kotido,3.0,34.11,2900.0,Beans
2019-04-01,beans,Kotido,Kotido,3.0,34.11,3562.5,Beans
2019-05-01,beans,Kotido,Kotido,3.0,34.11,3750.0,Beans
2019-06-01,beans,Kotido,Kotido,3.0,34.11,3787.5,Beans
2019-07-01,beans,Kotido,Kotido,3.0,34.11,3637.5,Beans
2019-08-01,beans,Kotido,Kotido,3.0,34.11,3550.0,Beans
2019-09-01,beans,Kotido,Kotido,3.0,34.11,3500.0,Beans
2019-10-01,beans,Kotido,Kotido,3.0,34.11,3237.5,Beans
2019-11-01,beans,Kotido,Kotido,3.0,34.11,3412.5,Beans
2019-12-01,beans,Kotido,Kotido,3.0,34.11,3425.0,Beans
2020-01-01,beans,Kotido,Kotido,3.0,34.11,3800.0,Beans
2020-02-01,beans,Kotido,Kotido,3.0,34.11,3900.0,Beans
2020-04-01,beans,Kotido,Kotido,3.0,34.11,4850.0,Beans
2020-05-01,beans,Kotido,Kotido,3.0,34.11,4513.64,Beans
2020-06-01,beans,Kotido,Kotido,3.0,34.11,3982.0,Beans
2020-07-01,beans,Kotido,Kotido,3.0,34.11,3576.0,Beans
2020-08-01,beans,Kotido,Kotido,3.0,34.11,3720.0,Beans
2020-09-01,beans,Kotido,Kotido,3.0,34.11,3646.0,Beans
2020-10-01,beans,Kotido,Kotido,3.0,34.11,3781.0,Beans
2020-11-01,beans,Kotido,Kotido,3.0,34.11,3403.0,Beans
2020-12-01,beans,Kotido,Kotido,3.0,34.11,3670.0,Beans
2021-01-01,beans,Kotido,Kotido,3.0,34.11,3518.0,Beans
2021-04-01,beans,Kotido,Kotido,3.0,34.11,3500.0,Beans
2021-05-01,beans,Kotido,Kotido,3.0,34.11,3333.0,Beans
2021-06-01,beans,Kotido,Kotido,3.0,34.11,3389.0,Beans
2021-07-01,beans,Kotido,Kotido,3.0,34.11,3143.0,Beans
2021-08-01,beans,Kotido,Kotido,3.0,34.11,3133.0,Beans
2021-09-01,beans,Kotido,Kotido,3.0,34.11,3083.0,Beans
2021-10-01,beans,Kotido,Kotido,3.0,34.11,3250.0,Beans
2021-11-01,beans,Kotido,Kotido,3.0,34.11,3250.0,Beans
2021-12-01,beans,Kotido,Kotido,3.0,34.11,3250.0,Beans
2022-04-01,beans,Kotido,Kotido,3.0,34.11,3500.0,Beans
2022-07-01,beans,Kotido,Kotido,3.0,34.11,3500.0,Beans
2022-08-01,beans,Kotido,Kotido,3.0,34.11,3800.0,Beans
2022-09-01,beans,Kotido,Kotido,3.0,34.11,3833.0,Beans
2022-10-01,beans,Kotido,Kotido,3.0,34.11,3840.0,Beans
2022-11-01,beans,Kotido,Kotido,3.0,34.11,3640.0,Beans
2022-12-01,beans,Kotido,Kotido,3.0,34.11,3450.0,Beans
2023-01-01,beans,Kotido,Kotido,3.0,34.11,3250.0,Beans
2023-02-01,beans,Kotido,Kotido,3.0,34.11,3500.0,Beans
2023-03-01,beans,Kotido,Kotido,3.0,34.11,3536.0,Beans
2023-04-01,beans,Kotido,Kotido,3.0,34.11,4800.0,Beans
2023-05-01,beans,Kotido,Kotido,3.0,34.11,4625.0,Beans
2023-06-01,beans,Kotido,Kotido,3.0,34.11,4640.0,Beans
2023-07-01,beans,Kotido,Kotido,3.0,34.11,3400.0,Beans
2023-08-01,beans,Kotido,Kotido,3.0,34.11,3400.0,Beans
2023-09-01,beans,Kotido,Kotido,3.0,34.11,3575.0,Beans
2023-10-01,beans,Kotido,Kotido,3.0,34.11,3675.0,Beans
2023-11-01,beans,Kotido,Kotido,3.0,34.11,3660.0,Beans
2023-12-01,beans,Kotido,Kotido,3.0,34.11,3100.0,Beans
2024-01-01,beans,Kotido,Kotido,3.0,34.11,2760.0,Beans
2024-02-01,beans,Kotido,Kotido,3.0,34.11,2550.0,Beans
2024-03-01,beans,Kotido,Kotido,3.0,34.11,2500.0,Beans
2024-04-01,beans,Kotido,Kotido,3.0,34.11,2600.0,Beans
2024-05-01,beans,Kotido,Kotido,3.0,34.11,2840.0,Beans
2024-06-01,beans,Kotido,Kotido,3.0,34.11,3160.0,Beans
2024-07-01,beans,Kotido,Kotido,3.0,34.11,2900.0,Beans
2024-08-01,beans,Kotido,Kotido,3.0,34.11,2933.0,Beans
2024-09-01,beans,Kotido,Kotido,3.0,34.11,3000.0,Beans
2024-10-01,beans,Kotido,Kotido,3.0,34.11,3500.0,Beans
2024-11-01,beans,Kotido,Kotido,3.0,34.11,3250.0,Beans
2024-12-01,beans,Kotido,Kotido,3.0,34.11,3500.0,Beans
2025-01-01,beans,Kotido,Kotido,3.0,34.11,3500.0,Beans
2025-02-01,beans,Kotido,Kotido,3.0,34.11,3500.0,Beans
2025-03-01,beans,Kotido,Kotido,3.0,34.11,3583.0,Beans
2025-04-01,beans,Kotido,Kotido,3.0,34.11,3700.0,Beans
2025-05-01,beans,Kotido,Kotido,3.0,34.11,4000.0,Beans
2025-06-01,beans,Kotido,Kotido,3.0,34.11,4188.0,Beans
2025-07-01,beans,Kotido,Kotido,3.0,34.11,3525.0,Beans
2025-08-01,beans,Kotido,Kotido,3.0,34.11,3000.0,Beans
2025-09-01,beans,Kotido,Kotido,3.0,34.11,3000.0,Beans
2025-10-01,beans,Kotido,Kotido,3.0,34.11,3000.0,Beans
2025-11-01,beans,Kotido,Kotido,3.0,34.11,3000.0,Beans
2025-12-01,beans,Kotido,Kotido,3.0,34.11,3000.0,Beans
2026-01-01,beans,Kotido,Kotido,3.0,34.11,2997.0,Beans
2010-01-01,beans,Lira,Lira,2.23,32.91,1323.08,Beans
2010-02-01,beans,Lira,Lira,2.23,32.91,1400.0,Beans
2010-03-01,beans,Lira,Lira,2.23,32.91,1364.29,Beans
2010-04-01,beans,Lira,Lira,2.23,32.91,1366.67,Beans
2010-05-01,beans,Lira,Lira,2.23,32.91,1543.75,Beans
2010-06-01,beans,Lira,Lira,2.23,32.91,1523.08,Beans
2010-07-01,beans,Lira,Lira,2.23,32.91,1269.23,Beans
2010-08-01,beans,Lira,Lira,2.23,32.91,1541.67,Beans
2010-09-01,beans,Lira,Lira,2.23,32.91,1550.0,Beans
2010-10-01,beans,Lira,Lira,2.23,32.91,1418.18,Beans
2010-11-01,beans,Lira,Lira,2.23,32.91,1300.0,Beans
2010-12-01,beans,Lira,Lira,2.23,32.91,1318.18,Beans
2011-01-01,beans,Lira,Lira,2.23,32.91,1550.0,Beans
2011-02-01,beans,Lira,Lira,2.23,32.91,1700.0,Beans
2011-03-01,beans,Lira,Lira,2.23,32.91,1700.0,Beans
2011-04-01,beans,Lira,Lira,2.23,32.91,1733.33,Beans
2011-05-01,beans,Lira,Lira,2.23,32.91,1833.33,Beans
2011-06-01,beans,Lira,Lira,2.23,32.91,2000.0,Beans
2011-07-01,beans,Lira,Lira,2.23,32.91,1500.0,Beans
2011-08-01,beans,Lira,Lira,2.23,32.91,1850.0,Beans
2011-09-01,beans,Lira,Lira,2.23,32.91,1600.0,Beans
2011-10-01,beans,Lira,Lira,2.23,32.91,1350.0,Beans
2011-11-01,beans,Lira,Lira,2.23,32.91,1292.0,Beans
2011-12-01,beans,Lira,Lira,2.23,32.91,1367.0,Beans
2012-01-01,beans,Lira,Lira,2.23,32.91,1417.0,Beans
2012-02-01,beans,Lira,Lira,2.23,32.91,1500.0,Beans
2012-03-01,beans,Lira,Lira,2.23,32.91,1500.0,Beans
2012-04-01,beans,Lira,Lira,2.23,32.91,1613.0,Beans
2012-05-01,beans,Lira,Lira,2.23,32.91,2050.0,Beans
2012-06-01,beans,Lira,Lira,2.23,32.91,2250.0,Beans
2012-07-01,beans,Lira,Lira,2.23,32.91,1475.0,Beans
2012-08-01,beans,Lira,Lira,2.23,32.91,1425.0,Beans
2012-09-01,beans,Lira,Lira,2.23,32.91,1400.0,Beans
2012-10-01,beans,Lira,Lira,2.23,32.91,1400.0,Beans
2012-11-01,beans,Lira,Lira,2.23,32.91,1400.0,Beans
2012-12-01,beans,Lira,Lira,2.23,32.91,1400.0,Beans
2013-01-01,beans,Lira,Lira,2.23,32.91,1600.0,Beans
2013-02-01,beans,Lira,Lira,2.23,32.91,1900.0,Beans
2013-03-01,beans,Lira,Lira,2.23,32.91,2000.0,Beans
2013-04-01,beans,Lira,Lira,2.23,32.91,2000.0,Beans
2013-05-01,beans,Lira,Lira,2.23,32.91,2161.8,Beans
2013-06-01,beans,Lira,Lira,2.23,32.91,2000.0,Beans
2013-07-01,beans,Lira,Lira,2.23,32.91,1986.6,Beans
2013-08-01,beans,Lira,Lira,2.23,32.91,2283.25,Beans
2013-09-01,beans,Lira,Lira,2.23,32.91,2483.5,Beans
2013-10-01,beans,Lira,Lira,2.23,32.91,1813.0,Beans
2013-11-01,beans,Lira,Lira,2.23,32.91,1500.0,Beans
2013-12-01,beans,Lira,Lira,2.23,32.91,1500.0,Beans
2014-01-01,beans,Lira,Lira,2.23,32.91,1844.0,Beans
2014-02-01,beans,Lira,Lira,2.23,32.91,2000.0,Beans
2014-03-01,beans,Lira,Lira,2.23,32.91,2000.0,Beans
2014-06-01,beans,Lira,Lira,2.23,32.91,1750.0,Beans
2014-07-01,beans,Lira,Lira,2.23,32.91,1680.0,Beans
2014-08-01,beans,Lira,Lira,2.23,32.91,1687.5,Beans
2014-09-01,beans,Lira,Lira,2.23,32.91,1712.5,Beans
2014-10-01,beans,Lira,Lira,2.23,32.91,1563.0,Beans
2014-11-01,beans,Lira,Lira,2.23,32.91,1550.0,Beans
2014-12-01,beans,Lira,Lira,2.23,32.91,1525.0,Beans
2015-01-01,beans,Lira,Lira,2.23,32.91,1900.0,Beans
2015-02-01,beans,Lira,Lira,2.23,32.91,2100.0,Beans
2015-03-01,beans,Lira,Lira,2.23,32.91,2000.0,Beans
2015-04-01,beans,Lira,Lira,2.23,32.91,2800.0,Beans
2015-05-01,beans,Lira,Lira,2.23,32.91,2850.0,Beans
2015-06-01,beans,Lira,Lira,2.23,32.91,2267.0,Beans
2015-07-01,beans,Lira,Lira,2.23,32.91,2000.0,Beans
2015-08-01,beans,Lira,Lira,2.23,32.91,2050.0,Beans
2015-09-01,beans,Lira,Lira,2.23,32.91,2250.0,Beans
2015-10-01,beans,Lira,Lira,2.23,32.91,2500.0,Beans
2015-11-01,beans,Lira,Lira,2.23,32.91,2500.0,Beans
2015-12-01,beans,Lira,Lira,2.23,32.91,2533.0,Beans
2016-01-01,beans,Lira,Lira,2.23,32.91,2600.0,Beans
2016-02-01,beans,Lira,Lira,2.23,32.91,2575.0,Beans
2016-03-01,beans,Lira,Lira,2.23,32.91,2100.0,Beans
2016-04-01,beans,Lira,Lira,2.23,32.91,2500.0,Beans
2016-05-01,beans,Lira,Lira,2.23,32.91,2375.0,Beans
2016-06-01,beans,Lira,Lira,2.23,32.91,2500.0,Beans
2016-07-01,beans,Lira,Lira,2.23,32.91,2275.0,Beans
2016-08-01,beans,Lira,Lira,2.23,32.91,2367.0,Beans
2016-09-01,beans,Lira,Lira,2.23,32.91,2500.0,Beans
2016-10-01,beans,Lira,Lira,2.23,32.91,2500.0,Beans
2016-11-01,beans,Lira,Lira,2.23,32.91,2250.0,Beans
2016-12-01,beans,Lira,Lira,2.23,32.91,2375.0,Beans
2017-01-01,beans,Lira,Lira,2.23,32.91,2533.0,Beans
2017-02-01,beans,Lira,Lira,2.23,32.91,2700.0,Beans
2017-03-01,beans,Lira,Lira,2.23,32.91,2700.0,Beans
2017-04-01,beans,Lira,Lira,2.23,32.91,3000.0,Beans
2017-05-01,beans,Lira,Lira,2.23,32.91,3133.0,Beans
2017-06-01,beans,Lira,Lira,2.23,32.91,2475.0,Beans
2017-07-01,beans,Lira,Lira,2.23,32.91,2500.0,Beans
2017-08-01,beans,Lira,Lira,2.23,32.91,2500.0,Beans
2017-09-01,beans,Lira,Lira,2.23,32.91,2167.0,Beans
2017-10-01,beans,Lira,Lira,2.23,32.91,2300.0,Beans
2017-11-01,beans,Lira,Lira,2.23,32.91,2067.0,Beans
2017-12-01,beans,Lira,Lira,2.23,32.91,2000.0,Beans
2018-01-01,beans,Lira,Lira,2.23,32.91,2500.0,Beans
2018-02-01,beans,Lira,Lira,2.23,32.91,2500.0,Beans
2018-03-01,beans,Lira,Lira,2.23,32.91,2500.0,Beans
2018-04-01,beans,Lira,Lira,2.23,32.91,2400.0,Beans
2018-05-01,beans,Lira,Lira,2.23,32.91,2000.0,Beans
2018-06-01,beans,Lira,Lira,2.23,32.91,2300.0,Beans
2018-07-01,beans,Lira,Lira,2.23,32.91,1800.0,Beans
2018-08-01,beans,Lira,Lira,2.23,32.91,1920.0,Beans
2018-09-01,beans,Lira,Lira,2.23,32.91,2000.0,Beans
2018-10-01,beans,Lira,Lira,2.23,32.91,2400.0,Beans
2018-11-01,beans,Lira,Lira,2.23,32.91,2233.0,Beans
2019-01-01,beans,Lira,Lira,2.23,32.91,2350.0,Beans
2019-02-01,beans,Lira,Lira,2.23,32.91,2610.0,Beans
2019-03-01,beans,Lira,Lira,2.23,32.91,3000.0,Beans
2019-04-01,beans,Lira,Lira,2.23,32.91,3200.0,Beans
2019-05-01,beans,Lira,Lira,2.23,32.91,3500.0,Beans
2019-06-01,beans,Lira,Lira,2.23,32.91,3450.0,Beans
2019-07-01,beans,Lira,Lira,2.23,32.91,3275.0,Beans
2019-08-01,beans,Lira,Lira,2.23,32.91,3233.33,Beans
2019-09-01,beans,Lira,Lira,2.23,32.91,3066.67,Beans
2019-10-01,beans,Lira,Lira,2.23,32.91,3300.0,Beans
2019-11-01,beans,Lira,Lira,2.23,32.91,3350.0,Beans
2019-12-01,beans,Lira,Lira,2.23,32.91,3066.67,Beans
2020-01-01,beans,Lira,Lira,2.23,32.91,3100.0,Beans
2020-02-01,beans,Lira,Lira,2.23,32.91,3050.0,Beans
2020-04-01,beans,Lira,Lira,2.23,32.91,4560.0,Beans
2020-05-01,beans,Lira,Lira,2.23,32.91,4929.0,Beans
2020-06-01,beans,Lira,Lira,2.23,32.91,4100.0,Beans
2020-07-01,beans,Lira,Lira,2.23,32.91,3662.0,Beans
2020-08-01,beans,Lira,Lira,2.23,32.91,3171.0,Beans
2020-09-01,beans,Lira,Lira,2.23,32.91,3000.0,Beans
2020-10-01,beans,Lira,Lira,2.23,32.91,3092.0,Beans
2020-11-01,beans,Lira,Lira,2.23,32.91,2908.0,Beans
2020-12-01,beans,Lira,Lira,2.23,32.91,2914.0,Beans
2021-01-01,beans,Lira,Lira,2.23,32.91,3000.0,Beans
2021-03-01,beans,Lira,Lira,2.23,32.91,3200.0,Beans
2021-04-01,beans,Lira,Lira,2.23,32.91,3500.0,Beans
2021-05-01,beans,Lira,Lira,2.23,32.91,3800.0,Beans
2021-06-01,beans,Lira,Lira,2.23,32.91,2200.0,Beans
2021-07-01,beans,Lira,Lira,2.23,32.91,2100.0,Beans
2021-08-01,beans,Lira,Lira,2.23,32.91,2000.0,Beans
2021-09-01,beans,Lira,Lira,2.23,32.91,1950.0,Beans
2021-10-01,beans,Lira,Lira,2.23,32.91,2267.0,Beans
2021-11-01,beans,Lira,Lira,2.23,32.91,2060.0,Beans
2021-12-01,beans,Lira,Lira,2.23,32.91,1850.0,Beans
2022-01-01,beans,Lira,Lira,2.23,32.91,2264.0,Beans
2022-03-01,beans,Lira,Lira,2.23,32.91,2783.33,Beans
2022-04-01,beans,Lira,Lira,2.23,32.91,3500.0,Beans
2022-05-01,beans,Lira,Lira,2.23,32.91,3500.0,Beans
2022-06-01,beans,Lira,Lira,2.23,32.91,3500.0,Beans
2022-07-01,beans,Lira,Lira,2.23,32.91,3500.0,Beans
2022-08-01,beans,Lira,Lira,2.23,32.91,3800.0,Beans
2022-09-01,beans,Lira,Lira,2.23,32.91,4050.0,Beans
2022-10-01,beans,Lira,Lira,2.23,32.91,4500.0,Beans
2022-11-01,beans,Lira,Lira,2.23,32.91,3700.0,Beans
2022-12-01,beans,Lira,Lira,2.23,32.91,3500.0,Beans
2023-01-01,beans,Lira,Lira,2.23,32.91,4160.0,Beans
2023-02-01,beans,Lira,Lira,2.23,32.91,4500.0,Beans
2023-03-01,beans,Lira,Lira,2.23,32.91,4072.0,Beans
2023-04-01,beans,Lira,Lira,2.23,32.91,4750.0,Beans
2023-05-01,beans,Lira,Lira,2.23,32.91,4775.0,Beans
2023-06-01,beans,Lira,Lira,2.23,32.91,4500.0,Beans
2023-07-01,beans,Lira,Lira,2.23,32.91,4167.0,Beans
2023-08-01,beans,Lira,Lira,2.23,32.91,4000.0,Beans
2023-09-01,beans,Lira,Lira,2.23,32.91,4575.0,Beans
2023-10-01,beans,Lira,Lira,2.23,32.91,4500.0,Beans
2023-11-01,beans,Lira,Lira,2.23,32.91,3300.0,Beans
2023-12-01,beans,Lira,Lira,2.23,32.91,2933.0,Beans
2024-01-01,beans,Lira,Lira,2.23,32.91,3800.0,Beans
2024-02-01,beans,Lira,Lira,2.23,32.91,4500.0,Beans
2024-03-01,beans,Lira,Lira,2.23,32.91,4300.0,Beans
2024-04-01,beans,Lira,Lira,2.23,32.91,4000.0,Beans
2024-05-01,beans,Lira,Lira,2.23,32.91,4250.0,Beans
2024-06-01,beans,Lira,Lira,2.23,32.91,4000.0,Beans
2024-07-01,beans,Lira,Lira,2.23,32.91,3875.0,Beans
2024-08-01,beans,Lira,Lira,2.23,32.91,3938.0,Beans
2024-09-01,beans,Lira,Lira,2.23,32.91,4667.0,Beans
2024-10-01,beans,Lira,Lira,2.23,32.91,4267.0,Beans
2024-11-01,beans,Lira,Lira,2.23,32.91,4500.0,Beans
2024-12-01,beans,Lira,Lira,2.23,32.91,4360.0,Beans
2025-01-01,beans,Lira,Lira,2.23,32.91,2120.0,Beans
2025-02-01,beans,Lira,Lira,2.23,32.91,3660.0,Beans
2025-03-01,beans,Lira,Lira,2.23,32.91,3713.0,Beans
2025-04-01,beans,Lira,Lira,2.23,32.91,4000.0,Beans
2025-05-01,beans,Lira,Lira,2.23,32.91,4825.0,Beans
2025-06-01,beans,Lira,Lira,2.23,32.91,4200.0,Beans
2025-07-01,beans,Lira,Lira,2.23,32.91,3760.0,Beans
2025-08-01,beans,Lira,Lira,2.23,32.91,3100.0,Beans
2025-09-01,beans,Lira,Lira,2.23,32.91,3300.0,Beans
2025-10-01,beans,Lira,Lira,2.23,32.91,4000.0,Beans
2025-11-01,beans,Lira,Lira,2.23,32.91,3833.0,Beans
2025-12-01,beans,Lira,Lira,2.23,32.91,3500.0,Beans
2018-10-01,beans,Makaratin,Abim,2.71,33.64,2500.0,Beans
2018-11-01,beans,Makaratin,Abim,2.71,33.64,2575.0,Beans
2019-01-01,beans,Makaratin,Abim,2.71,33.64,2500.0,Beans
2019-02-01,beans,Makaratin,Abim,2.71,33.64,2600.0,Beans
2019-03-01,beans,Makaratin,Abim,2.71,33.64,2600.0,Beans
2019-04-01,beans,Makaratin,Abim,2.71,33.64,3150.0,Beans
2019-05-01,beans,Makaratin,Abim,2.71,33.64,3500.0,Beans
2019-06-01,beans,Makaratin,Abim,2.71,33.64,3550.0,Beans
2019-07-01,beans,Makaratin,Abim,2.71,33.64,3550.0,Beans
2019-08-01,beans,Makaratin,Abim,2.71,33.64,3350.0,Beans
2019-09-01,beans,Makaratin,Abim,2.71,33.64,3225.0,Beans
2019-10-01,beans,Makaratin,Abim,2.71,33.64,3200.0,Beans
2019-11-01,beans,Makaratin,Abim,2.71,33.64,3375.0,Beans
2019-12-01,beans,Makaratin,Abim,2.71,33.64,3375.0,Beans
2020-01-01,beans,Makaratin,Abim,2.71,33.64,3475.0,Beans
2020-02-01,beans,Makaratin,Abim,2.71,33.64,3550.0,Beans
2020-05-01,beans,Makaratin,Abim,2.71,33.64,4250.0,Beans
2020-06-01,beans,Makaratin,Abim,2.71,33.64,4139.0,Beans
2020-07-01,beans,Makaratin,Abim,2.71,33.64,3771.0,Beans
2020-08-01,beans,Makaratin,Abim,2.71,33.64,3800.0,Beans
2020-09-01,beans,Makaratin,Abim,2.71,33.64,3906.0,Beans
2020-10-01,beans,Makaratin,Abim,2.71,33.64,3789.0,Beans
2020-11-01,beans,Makaratin,Abim,2.71,33.64,3590.0,Beans
2020-12-01,beans,Makaratin,Abim,2.71,33.64,3411.0,Beans
2021-01-01,beans,Makaratin,Abim,2.71,33.64,3342.0,Beans
2021-03-01,beans,Makaratin,Abim,2.71,33.64,3420.0,Beans
2021-04-01,beans,Makaratin,Abim,2.71,33.64,3460.0,Beans
2021-05-01,beans,Makaratin,Abim,2.71,33.64,3390.0,Beans
2021-06-01,beans,Makaratin,Abim,2.71,33.64,3390.0,Beans
2021-07-01,beans,Makaratin,Abim,2.71,33.64,3422.0,Beans
2021-08-01,beans,Makaratin,Abim,2.71,33.64,3260.0,Beans
2021-09-01,beans,Makaratin,Abim,2.71,33.64,3350.0,Beans
2022-04-01,beans,Makaratin,Abim,2.71,33.64,3000.0,Beans
2022-05-01,beans,Makaratin,Abim,2.71,33.64,2400.0,Beans
2022-06-01,beans,Makaratin,Abim,2.71,33.64,2333.0,Beans
2022-08-01,beans,Makaratin,Abim,2.71,33.64,4533.0,Beans
2022-09-01,beans,Makaratin,Abim,2.71,33.64,4357.0,Beans
2022-10-01,beans,Makaratin,Abim,2.71,33.64,3820.0,Beans
2022-11-01,beans,Makaratin,Abim,2.71,33.64,3300.0,Beans
2022-12-01,beans,Makaratin,Abim,2.71,33.64,3100.0,Beans
2023-01-01,beans,Makaratin,Abim,2.71,33.64,3300.0,Beans
2023-02-01,beans,Makaratin,Abim,2.71,33.64,4100.0,Beans
2023-03-01,beans,Makaratin,Abim,2.71,33.64,3524.0,Beans
2023-04-01,beans,Makaratin,Abim,2.71,33.64,4650.0,Beans
2023-05-01,beans,Makaratin,Abim,2.71,33.64,4500.0,Beans
2023-06-01,beans,Makaratin,Abim,2.71,33.64,3725.0,Beans
2023-07-01,beans,Makaratin,Abim,2.71,33.64,3500.0,Beans
2023-08-01,beans,Makaratin,Abim,2.71,33.64,3500.0,Beans
2023-09-01,beans,Makaratin,Abim,2.71,33.64,3500.0,Beans
2023-10-01,beans,Makaratin,Abim,2.71,33.64,3440.0,Beans
2023-11-01,beans,Makaratin,Abim,2.71,33.64,3100.0,Beans
2023-12-01,beans,Makaratin,Abim,2.71,33.64,2920.0,Beans
2024-01-01,beans,Makaratin,Abim,2.71,33.64,2550.0,Beans
2024-02-01,beans,Makaratin,Abim,2.71,33.64,2475.0,Beans
2024-03-01,beans,Makaratin,Abim,2.71,33.64,2550.0,Beans
2024-04-01,beans,Makaratin,Abim,2.71,33.64,2900.0,Beans
2024-05-01,beans,Makaratin,Abim,2.71,33.64,3550.0,Beans
2024-06-01,beans,Makaratin,Abim,2.71,33.64,4380.0,Beans
2024-07-01,beans,Makaratin,Abim,2.71,33.64,3600.0,Beans
2024-08-01,beans,Makaratin,Abim,2.71,33.64,3500.0,Beans
2024-09-01,beans,Makaratin,Abim,2.71,33.64,3500.0,Beans
2024-10-01,beans,Makaratin,Abim,2.71,33.64,3500.0,Beans
2024-11-01,beans,Makaratin,Abim,2.71,33.64,3500.0,Beans
2024-12-01,beans,Makaratin,Abim,2.71,33.64,3500.0,Beans
2025-01-01,beans,Makaratin,Abim,2.71,33.64,3250.0,Beans
2025-02-01,beans,Makaratin,Abim,2.71,33.64,3417.0,Beans
2025-03-01,beans,Makaratin,Abim,2.71,33.64,3550.0,Beans
2025-04-01,beans,Makaratin,Abim,2.71,33.64,3400.0,Beans
2025-05-01,beans,Makaratin,Abim,2.71,33.64,4125.0,Beans
2025-06-01,beans,Makaratin,Abim,2.71,33.64,4260.0,Beans
2025-07-01,beans,Makaratin,Abim,2.71,33.64,4188.0,Beans
2025-08-01,beans,Makaratin,Abim,2.71,33.64,3275.0,Beans
2025-09-01,beans,Makaratin,Abim,2.71,33.64,2710.0,Beans
2025-10-01,beans,Makaratin,Abim,2.71,33.64,2488.0,Beans
2025-11-01,beans,Makaratin,Abim,2.71,33.64,2700.0,Beans
2025-12-01,beans,Makaratin,Abim,2.71,33.64,3020.0,Beans
2026-01-01,beans,Makaratin,Abim,2.71,33.64,2981.0,Beans
2022-03-01,beans,Masaka,Masaka,-0.35,31.74,2833.33,Beans
2022-04-01,beans,Masaka,Masaka,-0.35,31.74,3100.0,Beans
2022-05-01,beans,Masaka,Masaka,-0.35,31.74,3500.0,Beans
2022-06-01,beans,Masaka,Masaka,-0.35,31.74,3540.0,Beans
2022-07-01,beans,Masaka,Masaka,-0.35,31.74,3700.0,Beans
2022-08-01,beans,Masaka,Masaka,-0.35,31.74,4067.0,Beans
2022-09-01,beans,Masaka,Masaka,-0.35,31.74,4880.0,Beans
2022-10-01,beans,Masaka,Masaka,-0.35,31.74,4600.0,Beans
2022-11-01,beans,Masaka,Masaka,-0.35,31.74,3900.0,Beans
2022-12-01,beans,Masaka,Masaka,-0.35,31.74,3200.0,Beans
2023-01-01,beans,Masaka,Masaka,-0.35,31.74,3050.0,Beans
2023-02-01,beans,Masaka,Masaka,-0.35,31.74,3666.67,Beans
2023-03-01,beans,Masaka,Masaka,-0.35,31.74,4680.0,Beans
2023-04-01,beans,Masaka,Masaka,-0.35,31.74,5750.0,Beans
2023-06-01,beans,Masaka,Masaka,-0.35,31.74,6000.0,Beans
2023-07-01,beans,Masaka,Masaka,-0.35,31.74,6075.0,Beans
2023-08-01,beans,Masaka,Masaka,-0.35,31.74,5900.0,Beans
2023-09-01,beans,Masaka,Masaka,-0.35,31.74,5625.0,Beans
2023-10-01,beans,Masaka,Masaka,-0.35,31.74,5600.0,Beans
2023-11-01,beans,Masaka,Masaka,-0.35,31.74,3360.0,Beans
2023-12-01,beans,Masaka,Masaka,-0.35,31.74,3450.0,Beans
2024-01-01,beans,Masaka,Masaka,-0.35,31.74,2850.0,Beans
2024-02-01,beans,Masaka,Masaka,-0.35,31.74,3500.0,Beans
2024-03-01,beans,Masaka,Masaka,-0.35,31.74,3600.0,Beans
2024-04-01,beans,Masaka,Masaka,-0.35,31.74,3700.0,Beans
2024-05-01,beans,Masaka,Masaka,-0.35,31.74,4250.0,Beans
2024-06-01,beans,Masaka,Masaka,-0.35,31.74,3600.0,Beans
2024-07-01,beans,Masaka,Masaka,-0.35,31.74,4500.0,Beans
2024-08-01,beans,Masaka,Masaka,-0.35,31.74,4444.0,Beans
2024-09-01,beans,Masaka,Masaka,-0.35,31.74,4500.0,Beans
2024-10-01,beans,Masaka,Masaka,-0.35,31.74,4500.0,Beans
2024-11-01,beans,Masaka,Masaka,-0.35,31.74,4500.0,Beans
2024-12-01,beans,Masaka,Masaka,-0.35,31.74,4450.0,Beans
2025-01-01,beans,Masaka,Masaka,-0.35,31.74,4560.0,Beans
2025-02-01,beans,Masaka,Masaka,-0.35,31.74,4503.0,Beans
2025-03-01,beans,Masaka,Masaka,-0.35,31.74,4568.0,Beans
2025-04-01,beans,Masaka,Masaka,-0.35,31.74,4710.0,Beans
2025-05-01,beans,Masaka,Masaka,-0.35,31.74,3250.0,Beans
2025-06-01,beans,Masaka,Masaka,-0.35,31.74,3100.0,Beans
2025-07-01,beans,Masaka,Masaka,-0.35,31.74,2850.0,Beans
2025-08-01,beans,Masaka,Masaka,-0.35,31.74,3000.0,Beans
2025-09-01,beans,Masaka,Masaka,-0.35,31.74,3200.0,Beans
2025-10-01,beans,Masaka,Masaka,-0.35,31.74,3067.0,Beans
2025-11-01,beans,Masaka,Masaka,-0.35,31.74,3000.0,Beans
2025-12-01,beans,Masaka,Masaka,-0.35,31.74,2975.0,Beans
2026-01-01,beans,Masaka,Masaka,-0.35,31.74,3616.0,Beans
2026-02-01,beans,Masaka,Masaka,-0.35,31.74,3737.0,Beans
2026-03-01,beans,Masaka,Masaka,-0.35,31.74,3500.0,Beans
2026-04-01,beans,Masaka,Masaka,-0.35,31.74,3500.0,Beans
2020-01-01,beans,Masindi,Masindi,1.69,31.71,3400.0,Beans
2020-02-01,beans,Masindi,Masindi,1.69,31.71,3500.0,Beans
2020-08-01,beans,Masindi,Masindi,1.69,31.71,3633.0,Beans
2020-09-01,beans,Masindi,Masindi,1.69,31.71,3500.0,Beans
2020-10-01,beans,Masindi,Masindi,1.69,31.71,3175.0,Beans
2020-11-01,beans,Masindi,Masindi,1.69,31.71,3000.0,Beans
2020-12-01,beans,Masindi,Masindi,1.69,31.71,2407.0,Beans
2021-01-01,beans,Masindi,Masindi,1.69,31.71,2642.0,Beans
2021-03-01,beans,Masindi,Masindi,1.69,31.71,3233.0,Beans
2021-07-01,beans,Masindi,Masindi,1.69,31.71,3250.0,Beans
2021-08-01,beans,Masindi,Masindi,1.69,31.71,2314.0,Beans
2021-09-01,beans,Masindi,Masindi,1.69,31.71,2000.0,Beans
2022-03-01,beans,Masindi,Masindi,1.69,31.71,2500.0,Beans
2022-05-01,beans,Masindi,Masindi,1.69,31.71,3400.0,Beans
2022-07-01,beans,Masindi,Masindi,1.69,31.71,3500.0,Beans
2022-09-01,beans,Masindi,Masindi,1.69,31.71,4150.0,Beans
2022-10-01,beans,Masindi,Masindi,1.69,31.71,3500.0,Beans
2022-12-01,beans,Masindi,Masindi,1.69,31.71,3000.0,Beans
2023-03-01,beans,Masindi,Masindi,1.69,31.71,4200.0,Beans
2023-04-01,beans,Masindi,Masindi,1.69,31.71,3567.0,Beans
2023-06-01,beans,Masindi,Masindi,1.69,31.71,4500.0,Beans
2023-07-01,beans,Masindi,Masindi,1.69,31.71,4333.0,Beans
2023-08-01,beans,Masindi,Masindi,1.69,31.71,4933.0,Beans
2023-09-01,beans,Masindi,Masindi,1.69,31.71,5000.0,Beans
2023-10-01,beans,Masindi,Masindi,1.69,31.71,4500.0,Beans
2023-11-01,beans,Masindi,Masindi,1.69,31.71,4167.0,Beans
2023-12-01,beans,Masindi,Masindi,1.69,31.71,4000.0,Beans
2024-01-01,beans,Masindi,Masindi,1.69,31.71,4600.0,Beans
2024-02-01,beans,Masindi,Masindi,1.69,31.71,4367.0,Beans
2024-03-01,beans,Masindi,Masindi,1.69,31.71,5000.0,Beans
2024-04-01,beans,Masindi,Masindi,1.69,31.71,5000.0,Beans
2024-05-01,beans,Masindi,Masindi,1.69,31.71,5000.0,Beans
2024-06-01,beans,Masindi,Masindi,1.69,31.71,4000.0,Beans
2024-07-01,beans,Masindi,Masindi,1.69,31.71,4000.0,Beans
2024-08-01,beans,Masindi,Masindi,1.69,31.71,4000.0,Beans
2024-09-01,beans,Masindi,Masindi,1.69,31.71,4000.0,Beans
2024-10-01,beans,Masindi,Masindi,1.69,31.71,4000.0,Beans
2024-11-01,beans,Masindi,Masindi,1.69,31.71,2500.0,Beans
2024-12-01,beans,Masindi,Masindi,1.69,31.71,2000.0,Beans
2025-01-01,beans,Masindi,Masindi,1.69,31.71,3295.0,Beans
2025-02-01,beans,Masindi,Masindi,1.69,31.71,4000.0,Beans
2025-03-01,beans,Masindi,Masindi,1.69,31.71,4000.0,Beans
2025-04-01,beans,Masindi,Masindi,1.69,31.71,4000.0,Beans
2025-05-01,beans,Masindi,Masindi,1.69,31.71,3788.0,Beans
2025-06-01,beans,Masindi,Masindi,1.69,31.71,3775.0,Beans
2025-07-01,beans,Masindi,Masindi,1.69,31.71,3550.0,Beans
2025-08-01,beans,Masindi,Masindi,1.69,31.71,3500.0,Beans
2025-09-01,beans,Masindi,Masindi,1.69,31.71,3222.0,Beans
2025-10-01,beans,Masindi,Masindi,1.69,31.71,2818.0,Beans
2025-11-01,beans,Masindi,Masindi,1.69,31.71,2714.0,Beans
2025-12-01,beans,Masindi,Masindi,1.69,31.71,2667.0,Beans
2018-10-01,beans,Mbale,Mbale,1.07,34.18,2125.0,Beans
2018-11-01,beans,Mbale,Mbale,1.07,34.18,2050.0,Beans
2019-01-01,beans,Mbale,Mbale,1.07,34.18,2350.0,Beans
2019-02-01,beans,Mbale,Mbale,1.07,34.18,2750.0,Beans
2019-03-01,beans,Mbale,Mbale,1.07,34.18,3000.0,Beans
2019-04-01,beans,Mbale,Mbale,1.07,34.18,3066.67,Beans
2019-05-01,beans,Mbale,Mbale,1.07,34.18,3866.67,Beans
2019-06-01,beans,Mbale,Mbale,1.07,34.18,3066.67,Beans
2019-07-01,beans,Mbale,Mbale,1.07,34.18,2800.0,Beans
2019-08-01,beans,Mbale,Mbale,1.07,34.18,2933.33,Beans
2019-09-01,beans,Mbale,Mbale,1.07,34.18,3022.33,Beans
2019-10-01,beans,Mbale,Mbale,1.07,34.18,3000.0,Beans
2019-11-01,beans,Mbale,Mbale,1.07,34.18,3075.0,Beans
2019-12-01,beans,Mbale,Mbale,1.07,34.18,3266.67,Beans
2020-01-01,beans,Mbale,Mbale,1.07,34.18,3266.67,Beans
2020-02-01,beans,Mbale,Mbale,1.07,34.18,3250.0,Beans
2020-04-01,beans,Mbale,Mbale,1.07,34.18,4225.0,Beans
2020-05-01,beans,Mbale,Mbale,1.07,34.18,4175.0,Beans
2020-06-01,beans,Mbale,Mbale,1.07,34.18,3500.0,Beans
2020-07-01,beans,Mbale,Mbale,1.07,34.18,3500.0,Beans
2020-08-01,beans,Mbale,Mbale,1.07,34.18,3667.0,Beans
2020-09-01,beans,Mbale,Mbale,1.07,34.18,3900.0,Beans
2020-10-01,beans,Mbale,Mbale,1.07,34.18,4000.0,Beans
2020-11-01,beans,Mbale,Mbale,1.07,34.18,2883.0,Beans
2020-12-01,beans,Mbale,Mbale,1.07,34.18,3320.0,Beans
2021-01-01,beans,Mbale,Mbale,1.07,34.18,3333.0,Beans
2021-04-01,beans,Mbale,Mbale,1.07,34.18,3500.0,Beans
2021-05-01,beans,Mbale,Mbale,1.07,34.18,3500.0,Beans
2021-06-01,beans,Mbale,Mbale,1.07,34.18,2500.0,Beans
2021-07-01,beans,Mbale,Mbale,1.07,34.18,2300.0,Beans
2021-10-01,beans,Mbale,Mbale,1.07,34.18,1900.0,Beans
2022-03-01,beans,Mbale,Mbale,1.07,34.18,3250.0,Beans
2022-04-01,beans,Mbale,Mbale,1.07,34.18,2960.0,Beans
2022-05-01,beans,Mbale,Mbale,1.07,34.18,3467.0,Beans
2022-06-01,beans,Mbale,Mbale,1.07,34.18,3333.0,Beans
2022-07-01,beans,Mbale,Mbale,1.07,34.18,3350.0,Beans
2022-08-01,beans,Mbale,Mbale,1.07,34.18,3250.0,Beans
2022-09-01,beans,Mbale,Mbale,1.07,34.18,3625.0,Beans
2022-10-01,beans,Mbale,Mbale,1.07,34.18,3700.0,Beans
2022-11-01,beans,Mbale,Mbale,1.07,34.18,3583.0,Beans
2022-12-01,beans,Mbale,Mbale,1.07,34.18,3500.0,Beans
2023-01-01,beans,Mbale,Mbale,1.07,34.18,3125.0,Beans
2023-02-01,beans,Mbale,Mbale,1.07,34.18,4000.0,Beans
2023-03-01,beans,Mbale,Mbale,1.07,34.18,4500.0,Beans
2023-04-01,beans,Mbale,Mbale,1.07,34.18,5375.0,Beans
2023-05-01,beans,Mbale,Mbale,1.07,34.18,5500.0,Beans
2023-06-01,beans,Mbale,Mbale,1.07,34.18,5250.0,Beans
2023-07-01,beans,Mbale,Mbale,1.07,34.18,4500.0,Beans
2023-08-01,beans,Mbale,Mbale,1.07,34.18,4500.0,Beans
2023-09-01,beans,Mbale,Mbale,1.07,34.18,4250.0,Beans
2023-10-01,beans,Mbale,Mbale,1.07,34.18,4000.0,Beans
2023-11-01,beans,Mbale,Mbale,1.07,34.18,4600.0,Beans
2023-12-01,beans,Mbale,Mbale,1.07,34.18,5000.0,Beans
2024-01-01,beans,Mbale,Mbale,1.07,34.18,4250.0,Beans
2024-02-01,beans,Mbale,Mbale,1.07,34.18,4000.0,Beans
2024-03-01,beans,Mbale,Mbale,1.07,34.18,4000.0,Beans
2024-04-01,beans,Mbale,Mbale,1.07,34.18,4000.0,Beans
2024-05-01,beans,Mbale,Mbale,1.07,34.18,4000.0,Beans
2024-06-01,beans,Mbale,Mbale,1.07,34.18,4000.0,Beans
2024-07-01,beans,Mbale,Mbale,1.07,34.18,4000.0,Beans
2024-08-01,beans,Mbale,Mbale,1.07,34.18,4000.0,Beans
2024-09-01,beans,Mbale,Mbale,1.07,34.18,3625.0,Beans
2024-10-01,beans,Mbale,Mbale,1.07,34.18,3500.0,Beans
2024-11-01,beans,Mbale,Mbale,1.07,34.18,3500.0,Beans
2024-12-01,beans,Mbale,Mbale,1.07,34.18,3500.0,Beans
2025-01-01,beans,Mbale,Mbale,1.07,34.18,3500.0,Beans
2025-02-01,beans,Mbale,Mbale,1.07,34.18,3500.0,Beans
2025-03-01,beans,Mbale,Mbale,1.07,34.18,3550.0,Beans
2025-04-01,beans,Mbale,Mbale,1.07,34.18,3660.0,Beans
2025-05-01,beans,Mbale,Mbale,1.07,34.18,3500.0,Beans
2026-01-01,beans,Mbale,Mbale,1.07,34.18,3129.0,Beans
2026-02-01,beans,Mbale,Mbale,1.07,34.18,3225.0,Beans
2026-03-01,beans,Mbale,Mbale,1.07,34.18,3507.0,Beans
2026-04-01,beans,Mbale,Mbale,1.07,34.18,3460.0,Beans
2011-04-01,beans,Mbarara,Mbarara,-0.61,30.65,2000.0,Beans
2011-05-01,beans,Mbarara,Mbarara,-0.61,30.65,2100.0,Beans
2011-06-01,beans,Mbarara,Mbarara,-0.61,30.65,2000.0,Beans
2011-07-01,beans,Mbarara,Mbarara,-0.61,30.65,1950.0,Beans
2011-08-01,beans,Mbarara,Mbarara,-0.61,30.65,2055.0,Beans
2011-09-01,beans,Mbarara,Mbarara,-0.61,30.65,2000.0,Beans
2011-10-01,beans,Mbarara,Mbarara,-0.61,30.65,1642.0,Beans
2011-11-01,beans,Mbarara,Mbarara,-0.61,30.65,1515.0,Beans
2011-12-01,beans,Mbarara,Mbarara,-0.61,30.65,1600.0,Beans
2012-01-01,beans,Mbarara,Mbarara,-0.61,30.65,1718.0,Beans
2012-02-01,beans,Mbarara,Mbarara,-0.61,30.65,1825.0,Beans
2012-03-01,beans,Mbarara,Mbarara,-0.61,30.65,1934.0,Beans
2012-04-01,beans,Mbarara,Mbarara,-0.61,30.65,2467.0,Beans
2012-05-01,beans,Mbarara,Mbarara,-0.61,30.65,2859.0,Beans
2012-06-01,beans,Mbarara,Mbarara,-0.61,30.65,2200.0,Beans
2012-07-01,beans,Mbarara,Mbarara,-0.61,30.65,2158.0,Beans
2012-08-01,beans,Mbarara,Mbarara,-0.61,30.65,2100.0,Beans
2012-09-01,beans,Mbarara,Mbarara,-0.61,30.65,2000.0,Beans
2012-10-01,beans,Mbarara,Mbarara,-0.61,30.65,1875.0,Beans
2012-11-01,beans,Mbarara,Mbarara,-0.61,30.65,1867.0,Beans
2012-12-01,beans,Mbarara,Mbarara,-0.61,30.65,2000.0,Beans
2013-01-01,beans,Mbarara,Mbarara,-0.61,30.65,1900.0,Beans
2013-02-01,beans,Mbarara,Mbarara,-0.61,30.65,1950.0,Beans
2013-03-01,beans,Mbarara,Mbarara,-0.61,30.65,2000.0,Beans
2013-04-01,beans,Mbarara,Mbarara,-0.61,30.65,2091.75,Beans
2013-05-01,beans,Mbarara,Mbarara,-0.61,30.65,2276.8,Beans
2013-06-01,beans,Mbarara,Mbarara,-0.61,30.65,2000.0,Beans
2013-07-01,beans,Mbarara,Mbarara,-0.61,30.65,2013.4,Beans
2013-08-01,beans,Mbarara,Mbarara,-0.61,30.65,2250.25,Beans
2013-09-01,beans,Mbarara,Mbarara,-0.61,30.65,2533.5,Beans
2013-10-01,beans,Mbarara,Mbarara,-0.61,30.65,2693.0,Beans
2013-11-01,beans,Mbarara,Mbarara,-0.61,30.65,2234.0,Beans
2013-12-01,beans,Mbarara,Mbarara,-0.61,30.65,1933.0,Beans
2014-01-01,beans,Mbarara,Mbarara,-0.61,30.65,1822.0,Beans
2014-02-01,beans,Mbarara,Mbarara,-0.61,30.65,2000.0,Beans
2014-03-01,beans,Mbarara,Mbarara,-0.61,30.65,1950.0,Beans
2014-04-01,beans,Mbarara,Mbarara,-0.61,30.65,2040.0,Beans
2014-05-01,beans,Mbarara,Mbarara,-0.61,30.65,1963.0,Beans
2014-06-01,beans,Mbarara,Mbarara,-0.61,30.65,1917.0,Beans
2014-07-01,beans,Mbarara,Mbarara,-0.61,30.65,1840.0,Beans
2014-08-01,beans,Mbarara,Mbarara,-0.61,30.65,1850.0,Beans
2014-10-01,beans,Mbarara,Mbarara,-0.61,30.65,1800.0,Beans
2015-01-01,beans,Mbarara,Mbarara,-0.61,30.65,1900.0,Beans
2015-02-01,beans,Mbarara,Mbarara,-0.61,30.65,1750.0,Beans
2015-03-01,beans,Mbarara,Mbarara,-0.61,30.65,2375.0,Beans
2015-04-01,beans,Mbarara,Mbarara,-0.61,30.65,2750.0,Beans
2015-05-01,beans,Mbarara,Mbarara,-0.61,30.65,2950.0,Beans
2015-06-01,beans,Mbarara,Mbarara,-0.61,30.65,2750.0,Beans
2015-07-01,beans,Mbarara,Mbarara,-0.61,30.65,2325.0,Beans
2015-08-01,beans,Mbarara,Mbarara,-0.61,30.65,2050.0,Beans
2015-09-01,beans,Mbarara,Mbarara,-0.61,30.65,2750.0,Beans
2015-10-01,beans,Mbarara,Mbarara,-0.61,30.65,3500.0,Beans
2015-11-01,beans,Mbarara,Mbarara,-0.61,30.65,3350.0,Beans
2016-01-01,beans,Mbarara,Mbarara,-0.61,30.65,2267.0,Beans
2016-02-01,beans,Mbarara,Mbarara,-0.61,30.65,2100.0,Beans
2016-03-01,beans,Mbarara,Mbarara,-0.61,30.65,2425.0,Beans
2016-04-01,beans,Mbarara,Mbarara,-0.61,30.65,2500.0,Beans
2016-05-01,beans,Mbarara,Mbarara,-0.61,30.65,2800.0,Beans
2016-06-01,beans,Mbarara,Mbarara,-0.61,30.65,2725.0,Beans
2016-07-01,beans,Mbarara,Mbarara,-0.61,30.65,2275.0,Beans
2016-08-01,beans,Mbarara,Mbarara,-0.61,30.65,2500.0,Beans
2016-09-01,beans,Mbarara,Mbarara,-0.61,30.65,2600.0,Beans
2016-10-01,beans,Mbarara,Mbarara,-0.61,30.65,2500.0,Beans
2016-11-01,beans,Mbarara,Mbarara,-0.61,30.65,2600.0,Beans
2016-12-01,beans,Mbarara,Mbarara,-0.61,30.65,2700.0,Beans
2017-01-01,beans,Mbarara,Mbarara,-0.61,30.65,2800.0,Beans
2017-02-01,beans,Mbarara,Mbarara,-0.61,30.65,2800.0,Beans
2017-03-01,beans,Mbarara,Mbarara,-0.61,30.65,2800.0,Beans
2017-04-01,beans,Mbarara,Mbarara,-0.61,30.65,2800.0,Beans
2017-05-01,beans,Mbarara,Mbarara,-0.61,30.65,2800.0,Beans
2017-06-01,beans,Mbarara,Mbarara,-0.61,30.65,2800.0,Beans
2017-07-01,beans,Mbarara,Mbarara,-0.61,30.65,2800.0,Beans
2017-08-01,beans,Mbarara,Mbarara,-0.61,30.65,2800.0,Beans
2017-09-01,beans,Mbarara,Mbarara,-0.61,30.65,2950.0,Beans
2017-11-01,beans,Mbarara,Mbarara,-0.61,30.65,2500.0,Beans
2018-01-01,beans,Mbarara,Mbarara,-0.61,30.65,2500.0,Beans
2018-02-01,beans,Mbarara,Mbarara,-0.61,30.65,2500.0,Beans
2018-03-01,beans,Mbarara,Mbarara,-0.61,30.65,2500.0,Beans
2018-04-01,beans,Mbarara,Mbarara,-0.61,30.65,2550.0,Beans
2018-05-01,beans,Mbarara,Mbarara,-0.61,30.65,2200.0,Beans
2018-06-01,beans,Mbarara,Mbarara,-0.61,30.65,2300.0,Beans
2018-10-01,beans,Mbarara,Mbarara,-0.61,30.65,2325.0,Beans
2018-11-01,beans,Mbarara,Mbarara,-0.61,30.65,2300.0,Beans
2018-12-01,beans,Mbarara,Mbarara,-0.61,30.65,2300.0,Beans
2019-01-01,beans,Mbarara,Mbarara,-0.61,30.65,2300.0,Beans
2019-02-01,beans,Mbarara,Mbarara,-0.61,30.65,2300.0,Beans
2019-03-01,beans,Mbarara,Mbarara,-0.61,30.65,2500.0,Beans
2019-04-01,beans,Mbarara,Mbarara,-0.61,30.65,2800.0,Beans
2019-05-01,beans,Mbarara,Mbarara,-0.61,30.65,2650.0,Beans
2019-06-01,beans,Mbarara,Mbarara,-0.61,30.65,2500.0,Beans
2019-07-01,beans,Mbarara,Mbarara,-0.61,30.65,2800.0,Beans
2019-08-01,beans,Mbarara,Mbarara,-0.61,30.65,2950.0,Beans
2019-09-01,beans,Mbarara,Mbarara,-0.61,30.65,3000.0,Beans
2019-10-01,beans,Mbarara,Mbarara,-0.61,30.65,3000.0,Beans
2019-11-01,beans,Mbarara,Mbarara,-0.61,30.65,3200.0,Beans
2019-12-01,beans,Mbarara,Mbarara,-0.61,30.65,3200.0,Beans
2020-01-01,beans,Mbarara,Mbarara,-0.61,30.65,3200.0,Beans
2020-02-01,beans,Mbarara,Mbarara,-0.61,30.65,3400.0,Beans
2020-04-01,beans,Mbarara,Mbarara,-0.61,30.65,4083.33,Beans
2020-05-01,beans,Mbarara,Mbarara,-0.61,30.65,4250.0,Beans
2020-06-01,beans,Mbarara,Mbarara,-0.61,30.65,3380.0,Beans
2020-07-01,beans,Mbarara,Mbarara,-0.61,30.65,3638.0,Beans
2020-08-01,beans,Mbarara,Mbarara,-0.61,30.65,3466.0,Beans
2020-09-01,beans,Mbarara,Mbarara,-0.61,30.65,3800.0,Beans
2020-10-01,beans,Mbarara,Mbarara,-0.61,30.65,3500.0,Beans
2020-11-01,beans,Mbarara,Mbarara,-0.61,30.65,3400.0,Beans
2020-12-01,beans,Mbarara,Mbarara,-0.61,30.65,3500.0,Beans
2021-01-01,beans,Mbarara,Mbarara,-0.61,30.65,3208.0,Beans
2021-04-01,beans,Mbarara,Mbarara,-0.61,30.65,3000.0,Beans
2021-05-01,beans,Mbarara,Mbarara,-0.61,30.65,2500.0,Beans
2021-06-01,beans,Mbarara,Mbarara,-0.61,30.65,2500.0,Beans
2021-07-01,beans,Mbarara,Mbarara,-0.61,30.65,3000.0,Beans
2021-08-01,beans,Mbarara,Mbarara,-0.61,30.65,2369.0,Beans
2021-09-01,beans,Mbarara,Mbarara,-0.61,30.65,2375.0,Beans
2021-10-01,beans,Mbarara,Mbarara,-0.61,30.65,2453.0,Beans
2021-11-01,beans,Mbarara,Mbarara,-0.61,30.65,2383.0,Beans
2021-12-01,beans,Mbarara,Mbarara,-0.61,30.65,2450.0,Beans
2022-02-01,beans,Mbarara,Mbarara,-0.61,30.65,3000.0,Beans
2022-03-01,beans,Mbarara,Mbarara,-0.61,30.65,3000.0,Beans
2022-04-01,beans,Mbarara,Mbarara,-0.61,30.65,3500.0,Beans
2022-05-01,beans,Mbarara,Mbarara,-0.61,30.65,3714.0,Beans
2022-06-01,beans,Mbarara,Mbarara,-0.61,30.65,3643.0,Beans
2022-07-01,beans,Mbarara,Mbarara,-0.61,30.65,4000.0,Beans
2022-08-01,beans,Mbarara,Mbarara,-0.61,30.65,4250.0,Beans
2022-09-01,beans,Mbarara,Mbarara,-0.61,30.65,4500.0,Beans
2022-10-01,beans,Mbarara,Mbarara,-0.61,30.65,4300.0,Beans
2022-11-01,beans,Mbarara,Mbarara,-0.61,30.65,4000.0,Beans
2022-12-01,beans,Mbarara,Mbarara,-0.61,30.65,4000.0,Beans
2023-01-01,beans,Mbarara,Mbarara,-0.61,30.65,4500.0,Beans
2023-02-01,beans,Mbarara,Mbarara,-0.61,30.65,4666.67,Beans
2023-03-01,beans,Mbarara,Mbarara,-0.61,30.65,4500.0,Beans
2023-04-01,beans,Mbarara,Mbarara,-0.61,30.65,4500.0,Beans
2023-05-01,beans,Mbarara,Mbarara,-0.61,30.65,5125.0,Beans
2023-06-01,beans,Mbarara,Mbarara,-0.61,30.65,5500.0,Beans
2023-07-01,beans,Mbarara,Mbarara,-0.61,30.65,5250.0,Beans
2023-08-01,beans,Mbarara,Mbarara,-0.61,30.65,5000.0,Beans
2023-09-01,beans,Mbarara,Mbarara,-0.61,30.65,5000.0,Beans
2023-10-01,beans,Mbarara,Mbarara,-0.61,30.65,5000.0,Beans
2023-11-01,beans,Mbarara,Mbarara,-0.61,30.65,4700.0,Beans
2023-12-01,beans,Mbarara,Mbarara,-0.61,30.65,4500.0,Beans
2024-01-01,beans,Mbarara,Mbarara,-0.61,30.65,4125.0,Beans
2024-02-01,beans,Mbarara,Mbarara,-0.61,30.65,4000.0,Beans
2024-03-01,beans,Mbarara,Mbarara,-0.61,30.65,4000.0,Beans
2024-04-01,beans,Mbarara,Mbarara,-0.61,30.65,4000.0,Beans
2024-05-01,beans,Mbarara,Mbarara,-0.61,30.65,4000.0,Beans
2024-06-01,beans,Mbarara,Mbarara,-0.61,30.65,4000.0,Beans
2024-07-01,beans,Mbarara,Mbarara,-0.61,30.65,4000.0,Beans
2024-08-01,beans,Mbarara,Mbarara,-0.61,30.65,4278.0,Beans
2024-09-01,beans,Mbarara,Mbarara,-0.61,30.65,4875.0,Beans
2024-10-01,beans,Mbarara,Mbarara,-0.61,30.65,5000.0,Beans
2024-11-01,beans,Mbarara,Mbarara,-0.61,30.65,5000.0,Beans
2024-12-01,beans,Mbarara,Mbarara,-0.61,30.65,5000.0,Beans
2025-01-01,beans,Mbarara,Mbarara,-0.61,30.65,5000.0,Beans
2025-02-01,beans,Mbarara,Mbarara,-0.61,30.65,5000.0,Beans
2025-03-01,beans,Mbarara,Mbarara,-0.61,30.65,5072.0,Beans
2025-04-01,beans,Mbarara,Mbarara,-0.61,30.65,5229.0,Beans
2025-05-01,beans,Mbarara,Mbarara,-0.61,30.65,5125.0,Beans
2025-06-01,beans,Mbarara,Mbarara,-0.61,30.65,4000.0,Beans
2025-07-01,beans,Mbarara,Mbarara,-0.61,30.65,3500.0,Beans
2025-08-01,beans,Mbarara,Mbarara,-0.61,30.65,3833.0,Beans
2025-09-01,beans,Mbarara,Mbarara,-0.61,30.65,4000.0,Beans
2025-10-01,beans,Mbarara,Mbarara,-0.61,30.65,4000.0,Beans
2025-11-01,beans,Mbarara,Mbarara,-0.61,30.65,3500.0,Beans
2025-12-01,beans,Mbarara,Mbarara,-0.61,30.65,3411.0,Beans
2026-01-01,beans,Mbarara,Mbarara,-0.61,30.65,3078.0,Beans
2026-02-01,beans,Mbarara,Mbarara,-0.61,30.65,3078.0,Beans
2026-03-01,beans,Mbarara,Mbarara,-0.61,30.65,3325.0,Beans
2026-04-01,beans,Mbarara,Mbarara,-0.61,30.65,3604.0,Beans
2021-07-01,beans,Moroto,Moroto,2.53,34.65,3517.0,Beans
2021-08-01,beans,Moroto,Moroto,2.53,34.65,3500.0,Beans
2021-09-01,beans,Moroto,Moroto,2.53,34.65,3733.0,Beans
2021-10-01,beans,Moroto,Moroto,2.53,34.65,3680.0,Beans
2021-11-01,beans,Moroto,Moroto,2.53,34.65,3647.0,Beans
2021-12-01,beans,Moroto,Moroto,2.53,34.65,3627.0,Beans
2022-08-01,beans,Moroto,Moroto,2.53,34.65,3500.0,Beans
2022-09-01,beans,Moroto,Moroto,2.53,34.65,3875.0,Beans
2022-10-01,beans,Moroto,Moroto,2.53,34.65,4700.0,Beans
2022-11-01,beans,Moroto,Moroto,2.53,34.65,5000.0,Beans
2022-12-01,beans,Moroto,Moroto,2.53,34.65,4600.0,Beans
2023-01-01,beans,Moroto,Moroto,2.53,34.65,5000.0,Beans
2023-02-01,beans,Moroto,Moroto,2.53,34.65,5000.0,Beans
2023-03-01,beans,Moroto,Moroto,2.53,34.65,5000.0,Beans
2023-04-01,beans,Moroto,Moroto,2.53,34.65,5000.0,Beans
2023-06-01,beans,Moroto,Moroto,2.53,34.65,5400.0,Beans
2023-07-01,beans,Moroto,Moroto,2.53,34.65,4517.0,Beans
2023-08-01,beans,Moroto,Moroto,2.53,34.65,3000.0,Beans
2023-09-01,beans,Moroto,Moroto,2.53,34.65,3000.0,Beans
2023-10-01,beans,Moroto,Moroto,2.53,34.65,4188.0,Beans
2023-11-01,beans,Moroto,Moroto,2.53,34.65,3750.0,Beans
2023-12-01,beans,Moroto,Moroto,2.53,34.65,3000.0,Beans
2024-01-01,beans,Moroto,Moroto,2.53,34.65,4000.0,Beans
2024-02-01,beans,Moroto,Moroto,2.53,34.65,4000.0,Beans
2024-03-01,beans,Moroto,Moroto,2.53,34.65,4000.0,Beans
2024-04-01,beans,Moroto,Moroto,2.53,34.65,4000.0,Beans
2024-05-01,beans,Moroto,Moroto,2.53,34.65,4000.0,Beans
2024-06-01,beans,Moroto,Moroto,2.53,34.65,4000.0,Beans
2024-07-01,beans,Moroto,Moroto,2.53,34.65,4000.0,Beans
2024-08-01,beans,Moroto,Moroto,2.53,34.65,4000.0,Beans
2024-09-01,beans,Moroto,Moroto,2.53,34.65,4000.0,Beans
2024-10-01,beans,Moroto,Moroto,2.53,34.65,4000.0,Beans
2024-11-01,beans,Moroto,Moroto,2.53,34.65,4000.0,Beans
2024-12-01,beans,Moroto,Moroto,2.53,34.65,4000.0,Beans
2025-01-01,beans,Moroto,Moroto,2.53,34.65,4000.0,Beans
2025-02-01,beans,Moroto,Moroto,2.53,34.65,4000.0,Beans
2025-03-01,beans,Moroto,Moroto,2.53,34.65,4000.0,Beans
2025-04-01,beans,Moroto,Moroto,2.53,34.65,4042.0,Beans
2025-05-01,beans,Moroto,Moroto,2.53,34.65,4773.0,Beans
2025-06-01,beans,Moroto,Moroto,2.53,34.65,4875.0,Beans
2025-07-01,beans,Moroto,Moroto,2.53,34.65,4358.0,Beans
2025-08-01,beans,Moroto,Moroto,2.53,34.65,3927.0,Beans
2025-09-01,beans,Moroto,Moroto,2.53,34.65,3729.0,Beans
2025-10-01,beans,Moroto,Moroto,2.53,34.65,3733.0,Beans
2025-11-01,beans,Moroto,Moroto,2.53,34.65,3620.0,Beans
2025-12-01,beans,Moroto,Moroto,2.53,34.65,3747.0,Beans
2026-01-01,beans,Moroto,Moroto,2.53,34.65,3707.0,Beans
2022-03-01,beans,Mukono,Mukono,0.36,32.75,2900.0,Beans
2022-04-01,beans,Mukono,Mukono,0.36,32.75,3000.0,Beans
2022-05-01,beans,Mukono,Mukono,0.36,32.75,3320.0,Beans
2022-06-01,beans,Mukono,Mukono,0.36,32.75,3500.0,Beans
2022-07-01,beans,Mukono,Mukono,0.36,32.75,3500.0,Beans
2022-08-01,beans,Mukono,Mukono,0.36,32.75,3500.0,Beans
2022-09-01,beans,Mukono,Mukono,0.36,32.75,4140.0,Beans
2022-10-01,beans,Mukono,Mukono,0.36,32.75,4150.0,Beans
2022-11-01,beans,Mukono,Mukono,0.36,32.75,4040.0,Beans
2022-12-01,beans,Mukono,Mukono,0.36,32.75,3900.0,Beans
2023-01-01,beans,Mukono,Mukono,0.36,32.75,3775.0,Beans
2023-02-01,beans,Mukono,Mukono,0.36,32.75,3920.0,Beans
2023-03-01,beans,Mukono,Mukono,0.36,32.75,3957.0,Beans
2023-04-01,beans,Mukono,Mukono,0.36,32.75,5167.0,Beans
2023-06-01,beans,Mukono,Mukono,0.36,32.75,5980.0,Beans
2023-07-01,beans,Mukono,Mukono,0.36,32.75,5375.0,Beans
2023-08-01,beans,Mukono,Mukono,0.36,32.75,4325.0,Beans
2023-09-01,beans,Mukono,Mukono,0.36,32.75,4500.0,Beans
2023-10-01,beans,Mukono,Mukono,0.36,32.75,4500.0,Beans
2023-11-01,beans,Mukono,Mukono,0.36,32.75,4560.0,Beans
2023-12-01,beans,Mukono,Mukono,0.36,32.75,4250.0,Beans
2024-01-01,beans,Mukono,Mukono,0.36,32.75,3875.0,Beans
2024-02-01,beans,Mukono,Mukono,0.36,32.75,3667.0,Beans
2024-03-01,beans,Mukono,Mukono,0.36,32.75,3350.0,Beans
2024-04-01,beans,Mukono,Mukono,0.36,32.75,3850.0,Beans
2024-05-01,beans,Mukono,Mukono,0.36,32.75,3800.0,Beans
2024-06-01,beans,Mukono,Mukono,0.36,32.75,4050.0,Beans
2024-07-01,beans,Mukono,Mukono,0.36,32.75,4000.0,Beans
2024-08-01,beans,Mukono,Mukono,0.36,32.75,4056.0,Beans
2024-09-01,beans,Mukono,Mukono,0.36,32.75,4000.0,Beans
2024-10-01,beans,Mukono,Mukono,0.36,32.75,4125.0,Beans
2024-11-01,beans,Mukono,Mukono,0.36,32.75,4000.0,Beans
2024-12-01,beans,Mukono,Mukono,0.36,32.75,4150.0,Beans
2025-01-01,beans,Mukono,Mukono,0.36,32.75,4333.0,Beans
2025-02-01,beans,Mukono,Mukono,0.36,32.75,4500.0,Beans
2025-03-01,beans,Mukono,Mukono,0.36,32.75,4565.0,Beans
2025-04-01,beans,Mukono,Mukono,0.36,32.75,4707.0,Beans
2022-08-01,beans,Nabilatuk,Nakapiripirit,2.05,34.57,2500.0,Beans
2022-09-01,beans,Nabilatuk,Nakapiripirit,2.05,34.57,2325.0,Beans
2022-10-01,beans,Nabilatuk,Nakapiripirit,2.05,34.57,2600.0,Beans
2022-11-01,beans,Nabilatuk,Nakapiripirit,2.05,34.57,3550.0,Beans
2022-12-01,beans,Nabilatuk,Nakapiripirit,2.05,34.57,3900.0,Beans
2023-01-01,beans,Nabilatuk,Nakapiripirit,2.05,34.57,4000.0,Beans
2023-02-01,beans,Nabilatuk,Nakapiripirit,2.05,34.57,3950.0,Beans
2023-03-01,beans,Nabilatuk,Nakapiripirit,2.05,34.57,4120.0,Beans
2023-04-01,beans,Nabilatuk,Nakapiripirit,2.05,34.57,4875.0,Beans
2023-06-01,beans,Nabilatuk,Nakapiripirit,2.05,34.57,4900.0,Beans
2023-07-01,beans,Nabilatuk,Nakapiripirit,2.05,34.57,3971.0,Beans
2023-08-01,beans,Nabilatuk,Nakapiripirit,2.05,34.57,3067.0,Beans
2023-09-01,beans,Nabilatuk,Nakapiripirit,2.05,34.57,3000.0,Beans
2023-10-01,beans,Nabilatuk,Nakapiripirit,2.05,34.57,3050.0,Beans
2023-11-01,beans,Nabilatuk,Nakapiripirit,2.05,34.57,3400.0,Beans
2023-12-01,beans,Nabilatuk,Nakapiripirit,2.05,34.57,3133.0,Beans
2024-01-01,beans,Nabilatuk,Nakapiripirit,2.05,34.57,2867.0,Beans
2024-02-01,beans,Nabilatuk,Nakapiripirit,2.05,34.57,3000.0,Beans
2024-03-01,beans,Nabilatuk,Nakapiripirit,2.05,34.57,3480.0,Beans
2024-04-01,beans,Nabilatuk,Nakapiripirit,2.05,34.57,3400.0,Beans
2024-05-01,beans,Nabilatuk,Nakapiripirit,2.05,34.57,3600.0,Beans
2024-06-01,beans,Nabilatuk,Nakapiripirit,2.05,34.57,3600.0,Beans
2024-07-01,beans,Nabilatuk,Nakapiripirit,2.05,34.57,3120.0,Beans
2024-08-01,beans,Nabilatuk,Nakapiripirit,2.05,34.57,2740.0,Beans
2024-09-01,beans,Nabilatuk,Nakapiripirit,2.05,34.57,2700.0,Beans
2024-10-01,beans,Nabilatuk,Nakapiripirit,2.05,34.57,3600.0,Beans
2024-11-01,beans,Nabilatuk,Nakapiripirit,2.05,34.57,3013.0,Beans
2024-12-01,beans,Nabilatuk,Nakapiripirit,2.05,34.57,3950.0,Beans
2025-01-01,beans,Nabilatuk,Nakapiripirit,2.05,34.57,3800.0,Beans
2025-02-01,beans,Nabilatuk,Nakapiripirit,2.05,34.57,3500.0,Beans
2025-03-01,beans,Nabilatuk,Nakapiripirit,2.05,34.57,3600.0,Beans
2025-04-01,beans,Nabilatuk,Nakapiripirit,2.05,34.57,3964.0,Beans
2025-05-01,beans,Nabilatuk,Nakapiripirit,2.05,34.57,4511.0,Beans
2025-06-01,beans,Nabilatuk,Nakapiripirit,2.05,34.57,4476.0,Beans
2025-07-01,beans,Nabilatuk,Nakapiripirit,2.05,34.57,3833.0,Beans
2025-08-01,beans,Nabilatuk,Nakapiripirit,2.05,34.57,3267.0,Beans
2025-09-01,beans,Nabilatuk,Nakapiripirit,2.05,34.57,3233.0,Beans
2025-10-01,beans,Nabilatuk,Nakapiripirit,2.05,34.57,3044.0,Beans
2025-11-01,beans,Nabilatuk,Nakapiripirit,2.05,34.57,3444.0,Beans
2025-12-01,beans,Nabilatuk,Nakapiripirit,2.05,34.57,3383.0,Beans
2026-01-01,beans,Nabilatuk,Nakapiripirit,2.05,34.57,3358.0,Beans
2018-10-01,beans,Namalu,Nakapiripirit,1.79,34.6,2000.0,Beans
2018-11-01,beans,Namalu,Nakapiripirit,1.79,34.6,2000.0,Beans
2018-12-01,beans,Namalu,Nakapiripirit,1.79,34.6,2000.0,Beans
2019-01-01,beans,Namalu,Nakapiripirit,1.79,34.6,2000.0,Beans
2019-02-01,beans,Namalu,Nakapiripirit,1.79,34.6,2000.0,Beans
2019-03-01,beans,Namalu,Nakapiripirit,1.79,34.6,2000.0,Beans
2019-04-01,beans,Namalu,Nakapiripirit,1.79,34.6,3500.0,Beans
2019-05-01,beans,Namalu,Nakapiripirit,1.79,34.6,3500.0,Beans
2019-06-01,beans,Namalu,Nakapiripirit,1.79,34.6,3000.0,Beans
2019-07-01,beans,Namalu,Nakapiripirit,1.79,34.6,3000.0,Beans
2019-08-01,beans,Namalu,Nakapiripirit,1.79,34.6,3000.0,Beans
2019-09-01,beans,Namalu,Nakapiripirit,1.79,34.6,3000.0,Beans
2019-10-01,beans,Namalu,Nakapiripirit,1.79,34.6,3200.0,Beans
2019-11-01,beans,Namalu,Nakapiripirit,1.79,34.6,3500.0,Beans
2019-12-01,beans,Namalu,Nakapiripirit,1.79,34.6,3500.0,Beans
2020-01-01,beans,Namalu,Nakapiripirit,1.79,34.6,3500.0,Beans
2020-02-01,beans,Namalu,Nakapiripirit,1.79,34.6,3500.0,Beans
2020-04-01,beans,Namalu,Nakapiripirit,1.79,34.6,3666.67,Beans
2020-05-01,beans,Namalu,Nakapiripirit,1.79,34.6,3846.15,Beans
2020-06-01,beans,Namalu,Nakapiripirit,1.79,34.6,3050.0,Beans
2020-07-01,beans,Namalu,Nakapiripirit,1.79,34.6,2665.0,Beans
2020-08-01,beans,Namalu,Nakapiripirit,1.79,34.6,2138.0,Beans
2020-09-01,beans,Namalu,Nakapiripirit,1.79,34.6,2000.0,Beans
2020-10-01,beans,Namalu,Nakapiripirit,1.79,34.6,2200.0,Beans
2020-11-01,beans,Namalu,Nakapiripirit,1.79,34.6,2250.0,Beans
2020-12-01,beans,Namalu,Nakapiripirit,1.79,34.6,2300.0,Beans
2021-01-01,beans,Namalu,Nakapiripirit,1.79,34.6,2390.0,Beans
2021-04-01,beans,Namalu,Nakapiripirit,1.79,34.6,2500.0,Beans
2021-05-01,beans,Namalu,Nakapiripirit,1.79,34.6,2600.0,Beans
2021-06-01,beans,Namalu,Nakapiripirit,1.79,34.6,2333.0,Beans
2021-07-01,beans,Namalu,Nakapiripirit,1.79,34.6,2200.0,Beans
2021-08-01,beans,Namalu,Nakapiripirit,1.79,34.6,2180.0,Beans
2021-09-01,beans,Namalu,Nakapiripirit,1.79,34.6,2000.0,Beans
2021-11-01,beans,Namalu,Nakapiripirit,1.79,34.6,2000.0,Beans
2021-12-01,beans,Namalu,Nakapiripirit,1.79,34.6,2000.0,Beans
2022-08-01,beans,Namalu,Nakapiripirit,1.79,34.6,3000.0,Beans
2022-09-01,beans,Namalu,Nakapiripirit,1.79,34.6,3200.0,Beans
2022-10-01,beans,Namalu,Nakapiripirit,1.79,34.6,3680.0,Beans
2022-11-01,beans,Namalu,Nakapiripirit,1.79,34.6,3200.0,Beans
2022-12-01,beans,Namalu,Nakapiripirit,1.79,34.6,3160.0,Beans
2023-01-01,beans,Namalu,Nakapiripirit,1.79,34.6,3100.0,Beans
2023-02-01,beans,Namalu,Nakapiripirit,1.79,34.6,2950.0,Beans
2023-03-01,beans,Namalu,Nakapiripirit,1.79,34.6,3320.0,Beans
2023-04-01,beans,Namalu,Nakapiripirit,1.79,34.6,4250.0,Beans
2023-05-01,beans,Namalu,Nakapiripirit,1.79,34.6,4850.0,Beans
2023-06-01,beans,Namalu,Nakapiripirit,1.79,34.6,4800.0,Beans
2023-07-01,beans,Namalu,Nakapiripirit,1.79,34.6,3560.0,Beans
2023-08-01,beans,Namalu,Nakapiripirit,1.79,34.6,2000.0,Beans
2023-09-01,beans,Namalu,Nakapiripirit,1.79,34.6,2000.0,Beans
2023-10-01,beans,Namalu,Nakapiripirit,1.79,34.6,2500.0,Beans
2023-11-01,beans,Namalu,Nakapiripirit,1.79,34.6,3180.0,Beans
2023-12-01,beans,Namalu,Nakapiripirit,1.79,34.6,2867.0,Beans
2024-01-01,beans,Namalu,Nakapiripirit,1.79,34.6,3000.0,Beans
2024-02-01,beans,Namalu,Nakapiripirit,1.79,34.6,3000.0,Beans
2024-03-01,beans,Namalu,Nakapiripirit,1.79,34.6,2960.0,Beans
2024-04-01,beans,Namalu,Nakapiripirit,1.79,34.6,2960.0,Beans
2024-05-01,beans,Namalu,Nakapiripirit,1.79,34.6,3000.0,Beans
2024-06-01,beans,Namalu,Nakapiripirit,1.79,34.6,3000.0,Beans
2024-07-01,beans,Namalu,Nakapiripirit,1.79,34.6,2500.0,Beans
2024-08-01,beans,Namalu,Nakapiripirit,1.79,34.6,2430.0,Beans
2024-09-01,beans,Namalu,Nakapiripirit,1.79,34.6,2575.0,Beans
2024-10-01,beans,Namalu,Nakapiripirit,1.79,34.6,2680.0,Beans
2024-11-01,beans,Namalu,Nakapiripirit,1.79,34.6,2562.0,Beans
2024-12-01,beans,Namalu,Nakapiripirit,1.79,34.6,3700.0,Beans
2025-01-01,beans,Namalu,Nakapiripirit,1.79,34.6,4067.0,Beans
2025-02-01,beans,Namalu,Nakapiripirit,1.79,34.6,3500.0,Beans
2025-03-01,beans,Namalu,Nakapiripirit,1.79,34.6,4083.0,Beans
2025-04-01,beans,Namalu,Nakapiripirit,1.79,34.6,4125.0,Beans
2025-05-01,beans,Namalu,Nakapiripirit,1.79,34.6,4550.0,Beans
2025-06-01,beans,Namalu,Nakapiripirit,1.79,34.6,3875.0,Beans
2025-07-01,beans,Namalu,Nakapiripirit,1.79,34.6,2067.0,Beans
2025-08-01,beans,Namalu,Nakapiripirit,1.79,34.6,2067.0,Beans
2025-09-01,beans,Namalu,Nakapiripirit,1.79,34.6,2100.0,Beans
2025-10-01,beans,Namalu,Nakapiripirit,1.79,34.6,2700.0,Beans
2025-11-01,beans,Namalu,Nakapiripirit,1.79,34.6,3000.0,Beans
2025-12-01,beans,Namalu,Nakapiripirit,1.79,34.6,3100.0,Beans
2026-01-01,beans,Namalu,Nakapiripirit,1.79,34.6,3080.0,Beans
2022-09-01,beans,Napak,Napak,2.22,34.26,4125.0,Beans
2022-10-01,beans,Napak,Napak,2.22,34.26,4520.0,Beans
2022-11-01,beans,Napak,Napak,2.22,34.26,4950.0,Beans
2022-12-01,beans,Napak,Napak,2.22,34.26,3600.0,Beans
2023-01-01,beans,Napak,Napak,2.22,34.26,4000.0,Beans
2023-02-01,beans,Napak,Napak,2.22,34.26,4000.0,Beans
2023-03-01,beans,Napak,Napak,2.22,34.26,4000.0,Beans
2023-04-01,beans,Napak,Napak,2.22,34.26,4750.0,Beans
2023-06-01,beans,Napak,Napak,2.22,34.26,5267.0,Beans
2023-07-01,beans,Napak,Napak,2.22,34.26,5040.0,Beans
2023-08-01,beans,Napak,Napak,2.22,34.26,4633.0,Beans
2023-09-01,beans,Napak,Napak,2.22,34.26,4667.0,Beans
2023-10-01,beans,Napak,Napak,2.22,34.26,4875.0,Beans
2023-11-01,beans,Napak,Napak,2.22,34.26,4500.0,Beans
2023-12-01,beans,Napak,Napak,2.22,34.26,4000.0,Beans
2024-01-01,beans,Napak,Napak,2.22,34.26,4000.0,Beans
2024-02-01,beans,Napak,Napak,2.22,34.26,4000.0,Beans
2024-03-01,beans,Napak,Napak,2.22,34.26,4000.0,Beans
2024-04-01,beans,Napak,Napak,2.22,34.26,4000.0,Beans
2024-05-01,beans,Napak,Napak,2.22,34.26,4317.0,Beans
2024-06-01,beans,Napak,Napak,2.22,34.26,4000.0,Beans
2024-07-01,beans,Napak,Napak,2.22,34.26,4000.0,Beans
2024-08-01,beans,Napak,Napak,2.22,34.26,4000.0,Beans
2024-09-01,beans,Napak,Napak,2.22,34.26,4000.0,Beans
2024-10-01,beans,Napak,Napak,2.22,34.26,4000.0,Beans
2024-11-01,beans,Napak,Napak,2.22,34.26,4000.0,Beans
2024-12-01,beans,Napak,Napak,2.22,34.26,4000.0,Beans
2025-01-01,beans,Napak,Napak,2.22,34.26,4000.0,Beans
2025-02-01,beans,Napak,Napak,2.22,34.26,4000.0,Beans
2025-03-01,beans,Napak,Napak,2.22,34.26,4000.0,Beans
2025-04-01,beans,Napak,Napak,2.22,34.26,4125.0,Beans
2025-05-01,beans,Napak,Napak,2.22,34.26,4542.0,Beans
2025-06-01,beans,Napak,Napak,2.22,34.26,4571.0,Beans
2025-07-01,beans,Napak,Napak,2.22,34.26,4413.0,Beans
2025-08-01,beans,Napak,Napak,2.22,34.26,4000.0,Beans
2025-09-01,beans,Napak,Napak,2.22,34.26,4000.0,Beans
2025-10-01,beans,Napak,Napak,2.22,34.26,4000.0,Beans
2025-11-01,beans,Napak,Napak,2.22,34.26,4500.0,Beans
2026-01-01,beans,Napak,Napak,2.22,34.26,4516.0,Beans
2008-10-01,beans,Owino,Kampala,0.32,32.57,1570.0,Beans
2008-11-01,beans,Owino,Kampala,0.32,32.57,1408.33,Beans
2008-12-01,beans,Owino,Kampala,0.32,32.57,1400.0,Beans
2009-01-01,beans,Owino,Kampala,0.32,32.57,1500.0,Beans
2009-02-01,beans,Owino,Kampala,0.32,32.57,1500.0,Beans
2009-03-01,beans,Owino,Kampala,0.32,32.57,1476.92,Beans
2009-04-01,beans,Owino,Kampala,0.32,32.57,1454.55,Beans
2009-05-01,beans,Owino,Kampala,0.32,32.57,1666.67,Beans
2009-06-01,beans,Owino,Kampala,0.32,32.57,1584.62,Beans
2009-07-01,beans,Owino,Kampala,0.32,32.57,1538.46,Beans
2009-08-01,beans,Owino,Kampala,0.32,32.57,1807.14,Beans
2009-09-01,beans,Owino,Kampala,0.32,32.57,2069.23,Beans
2009-10-01,beans,Owino,Kampala,0.32,32.57,1753.85,Beans
2009-11-01,beans,Owino,Kampala,0.32,32.57,1527.27,Beans
2009-12-01,beans,Owino,Kampala,0.32,32.57,1400.0,Beans
2010-01-01,beans,Owino,Kampala,0.32,32.57,1320.0,Beans
2010-02-01,beans,Owino,Kampala,0.32,32.57,1372.73,Beans
2010-03-01,beans,Owino,Kampala,0.32,32.57,1485.71,Beans
2010-04-01,beans,Owino,Kampala,0.32,32.57,1690.91,Beans
2010-05-01,beans,Owino,Kampala,0.32,32.57,1807.69,Beans
2010-06-01,beans,Owino,Kampala,0.32,32.57,1550.0,Beans
2010-07-01,beans,Owino,Kampala,0.32,32.57,1608.33,Beans
2010-08-01,beans,Owino,Kampala,0.32,32.57,1753.57,Beans
2010-09-01,beans,Owino,Kampala,0.32,32.57,1815.38,Beans
2010-10-01,beans,Owino,Kampala,0.32,32.57,1800.0,Beans
2010-11-01,beans,Owino,Kampala,0.32,32.57,1592.31,Beans
2010-12-01,beans,Owino,Kampala,0.32,32.57,1553.85,Beans
2011-01-01,beans,Owino,Kampala,0.32,32.57,1678.57,Beans
2011-02-01,beans,Owino,Kampala,0.32,32.57,1758.33,Beans
2011-03-01,beans,Owino,Kampala,0.32,32.57,2040.91,Beans
2011-04-01,beans,Owino,Kampala,0.32,32.57,1600.0,Beans
2011-05-01,beans,Owino,Kampala,0.32,32.57,2625.0,Beans
2011-06-01,beans,Owino,Kampala,0.32,32.57,1700.0,Beans
2011-07-01,beans,Owino,Kampala,0.32,32.57,1438.0,Beans
2011-08-01,beans,Owino,Kampala,0.32,32.57,1529.0,Beans
2011-09-01,beans,Owino,Kampala,0.32,32.57,1500.0,Beans
2011-10-01,beans,Owino,Kampala,0.32,32.57,1487.0,Beans
2011-11-01,beans,Owino,Kampala,0.32,32.57,1510.0,Beans
2011-12-01,beans,Owino,Kampala,0.32,32.57,1467.0,Beans
2012-01-01,beans,Owino,Kampala,0.32,32.57,1411.0,Beans
2012-02-01,beans,Owino,Kampala,0.32,32.57,1650.0,Beans
2012-03-01,beans,Owino,Kampala,0.32,32.57,1746.0,Beans
2012-04-01,beans,Owino,Kampala,0.32,32.57,2650.0,Beans
2012-05-01,beans,Owino,Kampala,0.32,32.57,2775.0,Beans
2012-06-01,beans,Owino,Kampala,0.32,32.57,2400.0,Beans
2012-07-01,beans,Owino,Kampala,0.32,32.57,1650.0,Beans
2012-08-01,beans,Owino,Kampala,0.32,32.57,1689.0,Beans
2012-09-01,beans,Owino,Kampala,0.32,32.57,2067.0,Beans
2012-10-01,beans,Owino,Kampala,0.32,32.57,1815.0,Beans
2012-11-01,beans,Owino,Kampala,0.32,32.57,1492.0,Beans
2012-12-01,beans,Owino,Kampala,0.32,32.57,1617.0,Beans
2013-01-01,beans,Owino,Kampala,0.32,32.57,1775.0,Beans
2013-02-01,beans,Owino,Kampala,0.32,32.57,1733.0,Beans
2013-03-01,beans,Owino,Kampala,0.32,32.57,2350.0,Beans
2013-04-01,beans,Owino,Kampala,0.32,32.57,2408.5,Beans
2013-05-01,beans,Owino,Kampala,0.32,32.57,2410.5,Beans
2013-06-01,beans,Owino,Kampala,0.32,32.57,2350.0,Beans
2013-07-01,beans,Owino,Kampala,0.32,32.57,1893.4,Beans
2013-08-01,beans,Owino,Kampala,0.32,32.57,2300.0,Beans
2013-09-01,beans,Owino,Kampala,0.32,32.57,2450.0,Beans
2013-10-01,beans,Owino,Kampala,0.32,32.57,1975.0,Beans
2013-11-01,beans,Owino,Kampala,0.32,32.57,1517.0,Beans
2013-12-01,beans,Owino,Kampala,0.32,32.57,1617.0,Beans
2014-01-01,beans,Owino,Kampala,0.32,32.57,2000.0,Beans
2014-02-01,beans,Owino,Kampala,0.32,32.57,2000.0,Beans
2014-03-01,beans,Owino,Kampala,0.32,32.57,2292.0,Beans
2014-04-01,beans,Owino,Kampala,0.32,32.57,2290.0,Beans
2014-05-01,beans,Owino,Kampala,0.32,32.57,2525.0,Beans
2014-06-01,beans,Owino,Kampala,0.32,32.57,1833.0,Beans
2014-07-01,beans,Owino,Kampala,0.32,32.57,1710.0,Beans
2014-08-01,beans,Owino,Kampala,0.32,32.57,1925.0,Beans
2014-09-01,beans,Owino,Kampala,0.32,32.57,2000.0,Beans
2014-10-01,beans,Owino,Kampala,0.32,32.57,1863.0,Beans
2014-11-01,beans,Owino,Kampala,0.32,32.57,1812.5,Beans
2014-12-01,beans,Owino,Kampala,0.32,32.57,1800.0,Beans
2015-01-01,beans,Owino,Kampala,0.32,32.57,2000.0,Beans
2015-02-01,beans,Owino,Kampala,0.32,32.57,2400.0,Beans
2015-03-01,beans,Owino,Kampala,0.32,32.57,2500.0,Beans
2015-04-01,beans,Owino,Kampala,0.32,32.57,4000.0,Beans
2015-05-01,beans,Owino,Kampala,0.32,32.57,4333.0,Beans
2015-06-01,beans,Owino,Kampala,0.32,32.57,2000.0,Beans
2015-07-01,beans,Owino,Kampala,0.32,32.57,2100.0,Beans
2015-08-01,beans,Owino,Kampala,0.32,32.57,2325.0,Beans
2015-09-01,beans,Owino,Kampala,0.32,32.57,2500.0,Beans
2015-10-01,beans,Owino,Kampala,0.32,32.57,2500.0,Beans
2015-11-01,beans,Owino,Kampala,0.32,32.57,2500.0,Beans
2015-12-01,beans,Owino,Kampala,0.32,32.57,2383.0,Beans
2016-01-01,beans,Owino,Kampala,0.32,32.57,2567.0,Beans
2016-02-01,beans,Owino,Kampala,0.32,32.57,2750.0,Beans
2016-03-01,beans,Owino,Kampala,0.32,32.57,3000.0,Beans
2016-04-01,beans,Owino,Kampala,0.32,32.57,2955.0,Beans
2016-05-01,beans,Owino,Kampala,0.32,32.57,2967.0,Beans
2016-06-01,beans,Owino,Kampala,0.32,32.57,2517.0,Beans
2016-07-01,beans,Owino,Kampala,0.32,32.57,2600.0,Beans
2016-08-01,beans,Owino,Kampala,0.32,32.57,2733.0,Beans
2016-09-01,beans,Owino,Kampala,0.32,32.57,2925.0,Beans
2016-10-01,beans,Owino,Kampala,0.32,32.57,2500.0,Beans
2016-11-01,beans,Owino,Kampala,0.32,32.57,2522.0,Beans
2016-12-01,beans,Owino,Kampala,0.32,32.57,2911.0,Beans
2017-01-01,beans,Owino,Kampala,0.32,32.57,3000.0,Beans
2017-02-01,beans,Owino,Kampala,0.32,32.57,3267.0,Beans
2017-03-01,beans,Owino,Kampala,0.32,32.57,3425.0,Beans
2017-04-01,beans,Owino,Kampala,0.32,32.57,3644.0,Beans
2017-05-01,beans,Owino,Kampala,0.32,32.57,2767.0,Beans
2017-06-01,beans,Owino,Kampala,0.32,32.57,2500.0,Beans
2017-07-01,beans,Owino,Kampala,0.32,32.57,2750.0,Beans
2017-08-01,beans,Owino,Kampala,0.32,32.57,2600.0,Beans
2017-09-01,beans,Owino,Kampala,0.32,32.57,2700.0,Beans
2017-10-01,beans,Owino,Kampala,0.32,32.57,2900.0,Beans
2017-11-01,beans,Owino,Kampala,0.32,32.57,2450.0,Beans
2017-12-01,beans,Owino,Kampala,0.32,32.57,2363.0,Beans
2018-01-01,beans,Owino,Kampala,0.32,32.57,2400.0,Beans
2018-02-01,beans,Owino,Kampala,0.32,32.57,2400.0,Beans
2018-03-01,beans,Owino,Kampala,0.32,32.57,2700.0,Beans
2018-04-01,beans,Owino,Kampala,0.32,32.57,3000.0,Beans
2018-05-01,beans,Owino,Kampala,0.32,32.57,3000.0,Beans
2018-06-01,beans,Owino,Kampala,0.32,32.57,2400.0,Beans
2018-07-01,beans,Owino,Kampala,0.32,32.57,2062.5,Beans
2018-08-01,beans,Owino,Kampala,0.32,32.57,2000.0,Beans
2018-09-01,beans,Owino,Kampala,0.32,32.57,2100.0,Beans
2018-10-01,beans,Owino,Kampala,0.32,32.57,1767.0,Beans
2018-11-01,beans,Owino,Kampala,0.32,32.57,2467.0,Beans
2018-12-01,beans,Owino,Kampala,0.32,32.57,2450.0,Beans
2019-01-01,beans,Owino,Kampala,0.32,32.57,2617.0,Beans
2019-02-01,beans,Owino,Kampala,0.32,32.57,2700.0,Beans
2019-03-01,beans,Owino,Kampala,0.32,32.57,2750.0,Beans
2019-04-01,beans,Owino,Kampala,0.32,32.57,2900.0,Beans
2019-05-01,beans,Owino,Kampala,0.32,32.57,3600.0,Beans
2019-06-01,beans,Owino,Kampala,0.32,32.57,3552.5,Beans
2019-07-01,beans,Owino,Kampala,0.32,32.57,3287.5,Beans
2019-08-01,beans,Owino,Kampala,0.32,32.57,3337.5,Beans
2019-09-01,beans,Owino,Kampala,0.32,32.57,3391.5,Beans
2019-10-01,beans,Owino,Kampala,0.32,32.57,3466.67,Beans
2019-11-01,beans,Owino,Kampala,0.32,32.57,3425.0,Beans
2019-12-01,beans,Owino,Kampala,0.32,32.57,3350.0,Beans
2020-01-01,beans,Owino,Kampala,0.32,32.57,3450.0,Beans
2020-02-01,beans,Owino,Kampala,0.32,32.57,3500.0,Beans
2020-04-01,beans,Owino,Kampala,0.32,32.57,4200.0,Beans
2020-05-01,beans,Owino,Kampala,0.32,32.57,4250.0,Beans
2020-06-01,beans,Owino,Kampala,0.32,32.57,3400.0,Beans
2020-07-01,beans,Owino,Kampala,0.32,32.57,3516.0,Beans
2020-08-01,beans,Owino,Kampala,0.32,32.57,3554.0,Beans
2020-09-01,beans,Owino,Kampala,0.32,32.57,4000.0,Beans
2020-10-01,beans,Owino,Kampala,0.32,32.57,4000.0,Beans
2020-11-01,beans,Owino,Kampala,0.32,32.57,3040.0,Beans
2020-12-01,beans,Owino,Kampala,0.32,32.57,3060.0,Beans
2021-01-01,beans,Owino,Kampala,0.32,32.57,3267.0,Beans
2021-04-01,beans,Owino,Kampala,0.32,32.57,3000.0,Beans
2021-05-01,beans,Owino,Kampala,0.32,32.57,3500.0,Beans
2021-06-01,beans,Owino,Kampala,0.32,32.57,2300.0,Beans
2021-07-01,beans,Owino,Kampala,0.32,32.57,2500.0,Beans
2021-08-01,beans,Owino,Kampala,0.32,32.57,2300.0,Beans
2021-09-01,beans,Owino,Kampala,0.32,32.57,2255.0,Beans
2021-10-01,beans,Owino,Kampala,0.32,32.57,2200.0,Beans
2021-11-01,beans,Owino,Kampala,0.32,32.57,2089.0,Beans
2021-12-01,beans,Owino,Kampala,0.32,32.57,1729.0,Beans
2022-01-01,beans,Owino,Kampala,0.32,32.57,1560.0,Beans
2022-02-01,beans,Owino,Kampala,0.32,32.57,2400.0,Beans
2022-03-01,beans,Owino,Kampala,0.32,32.57,2925.0,Beans
2022-04-01,beans,Owino,Kampala,0.32,32.57,3500.0,Beans
2022-05-01,beans,Owino,Kampala,0.32,32.57,3500.0,Beans
2022-06-01,beans,Owino,Kampala,0.32,32.57,3600.0,Beans
2022-07-01,beans,Owino,Kampala,0.32,32.57,4000.0,Beans
2022-08-01,beans,Owino,Kampala,0.32,32.57,4517.0,Beans
2022-09-01,beans,Owino,Kampala,0.32,32.57,4840.0,Beans
2022-10-01,beans,Owino,Kampala,0.32,32.57,4750.0,Beans
2022-11-01,beans,Owino,Kampala,0.32,32.57,3580.0,Beans
2022-12-01,beans,Owino,Kampala,0.32,32.57,3600.0,Beans
2023-01-01,beans,Owino,Kampala,0.32,32.57,3375.0,Beans
2023-02-01,beans,Owino,Kampala,0.32,32.57,4250.0,Beans
2023-03-01,beans,Owino,Kampala,0.32,32.57,5000.0,Beans
2023-04-01,beans,Owino,Kampala,0.32,32.57,5000.0,Beans
2023-05-01,beans,Owino,Kampala,0.32,32.57,6250.0,Beans
2023-06-01,beans,Owino,Kampala,0.32,32.57,5700.0,Beans
2023-07-01,beans,Owino,Kampala,0.32,32.57,4875.0,Beans
2023-08-01,beans,Owino,Kampala,0.32,32.57,4500.0,Beans
2023-09-01,beans,Owino,Kampala,0.32,32.57,4625.0,Beans
2023-10-01,beans,Owino,Kampala,0.32,32.57,4667.0,Beans
2023-11-01,beans,Owino,Kampala,0.32,32.57,4500.0,Beans
2023-12-01,beans,Owino,Kampala,0.32,32.57,4200.0,Beans
2024-01-01,beans,Owino,Kampala,0.32,32.57,4000.0,Beans
2024-02-01,beans,Owino,Kampala,0.32,32.57,4000.0,Beans
2024-03-01,beans,Owino,Kampala,0.32,32.57,4000.0,Beans
2024-04-01,beans,Owino,Kampala,0.32,32.57,4000.0,Beans
2024-05-01,beans,Owino,Kampala,0.32,32.57,4620.0,Beans
2024-06-01,beans,Owino,Kampala,0.32,32.57,4375.0,Beans
2024-07-01,beans,Owino,Kampala,0.32,32.57,4375.0,Beans
2024-08-01,beans,Owino,Kampala,0.32,32.57,4222.0,Beans
2024-09-01,beans,Owino,Kampala,0.32,32.57,4500.0,Beans
2024-10-01,beans,Owino,Kampala,0.32,32.57,4500.0,Beans
2024-11-01,beans,Owino,Kampala,0.32,32.57,4500.0,Beans
2024-12-01,beans,Owino,Kampala,0.32,32.57,4250.0,Beans
2025-01-01,beans,Owino,Kampala,0.32,32.57,4500.0,Beans
2025-02-01,beans,Owino,Kampala,0.32,32.57,4500.0,Beans
2025-03-01,beans,Owino,Kampala,0.32,32.57,4565.0,Beans
2025-04-01,beans,Owino,Kampala,0.32,32.57,4707.0,Beans
2026-01-01,beans,Owino,Kampala,0.32,32.57,4486.0,Beans
2026-02-01,beans,Owino,Kampala,0.32,32.57,4497.0,Beans
2026-03-01,beans,Owino,Kampala,0.32,32.57,4505.0,Beans
2026-04-01,beans,Owino,Kampala,0.32,32.57,4514.0,Beans
2018-11-01,beans,Soroti,Soroti,1.71,33.62,2050.0,Beans
2020-01-01,beans,Soroti,Soroti,1.71,33.62,3050.0,Beans
2020-02-01,beans,Soroti,Soroti,1.71,33.62,3000.0,Beans
2020-04-01,beans,Soroti,Soroti,1.71,33.62,3825.0,Beans
2020-05-01,beans,Soroti,Soroti,1.71,33.62,4800.0,Beans
2020-06-01,beans,Soroti,Soroti,1.71,33.62,3200.0,Beans
2020-07-01,beans,Soroti,Soroti,1.71,33.62,3407.0,Beans
2021-04-01,beans,Soroti,Soroti,1.71,33.62,2500.0,Beans
2021-05-01,beans,Soroti,Soroti,1.71,33.62,2800.0,Beans
2022-08-01,beans,Soroti,Soroti,1.71,33.62,4000.0,Beans
2022-09-01,beans,Soroti,Soroti,1.71,33.62,4300.0,Beans
2022-10-01,beans,Soroti,Soroti,1.71,33.62,4100.0,Beans
2022-11-01,beans,Soroti,Soroti,1.71,33.62,4050.0,Beans
2022-12-01,beans,Soroti,Soroti,1.71,33.62,4000.0,Beans
2023-01-01,beans,Soroti,Soroti,1.71,33.62,3850.0,Beans
2023-02-01,beans,Soroti,Soroti,1.71,33.62,4200.0,Beans
2023-03-01,beans,Soroti,Soroti,1.71,33.62,4560.0,Beans
2023-04-01,beans,Soroti,Soroti,1.71,33.62,5000.0,Beans
2023-05-01,beans,Soroti,Soroti,1.71,33.62,5400.0,Beans
2023-06-01,beans,Soroti,Soroti,1.71,33.62,5300.0,Beans
2023-07-01,beans,Soroti,Soroti,1.71,33.62,4817.0,Beans
2023-08-01,beans,Soroti,Soroti,1.71,33.62,4400.0,Beans
2023-09-01,beans,Soroti,Soroti,1.71,33.62,4500.0,Beans
2023-10-01,beans,Soroti,Soroti,1.71,33.62,4500.0,Beans
2023-11-01,beans,Soroti,Soroti,1.71,33.62,4750.0,Beans
2023-12-01,beans,Soroti,Soroti,1.71,33.62,4167.0,Beans
2024-01-01,beans,Soroti,Soroti,1.71,33.62,4033.0,Beans
2024-02-01,beans,Soroti,Soroti,1.71,33.62,4000.0,Beans
2024-03-01,beans,Soroti,Soroti,1.71,33.62,3800.0,Beans
2024-04-01,beans,Soroti,Soroti,1.71,33.62,4050.0,Beans
2024-05-01,beans,Soroti,Soroti,1.71,33.62,4417.0,Beans
2024-06-01,beans,Soroti,Soroti,1.71,33.62,4375.0,Beans
2024-07-01,beans,Soroti,Soroti,1.71,33.62,4160.0,Beans
2024-08-01,beans,Soroti,Soroti,1.71,33.62,4120.0,Beans
2024-09-01,beans,Soroti,Soroti,1.71,33.62,4000.0,Beans
2024-10-01,beans,Soroti,Soroti,1.71,33.62,4200.0,Beans
2024-11-01,beans,Soroti,Soroti,1.71,33.62,4107.0,Beans
2024-12-01,beans,Soroti,Soroti,1.71,33.62,4000.0,Beans
2025-01-01,beans,Soroti,Soroti,1.71,33.62,4000.0,Beans
2025-02-01,beans,Soroti,Soroti,1.71,33.62,4000.0,Beans
2025-03-01,beans,Soroti,Soroti,1.71,33.62,4120.0,Beans
2025-04-01,beans,Soroti,Soroti,1.71,33.62,4408.0,Beans
2025-05-01,beans,Soroti,Soroti,1.71,33.62,4533.0,Beans
2025-07-01,beans,Soroti,Soroti,1.71,33.62,3973.0,Beans
2025-08-01,beans,Soroti,Soroti,1.71,33.62,3817.0,Beans
2025-09-01,beans,Soroti,Soroti,1.71,33.62,3750.0,Beans
2025-10-01,beans,Soroti,Soroti,1.71,33.62,3720.0,Beans
2025-11-01,beans,Soroti,Soroti,1.71,33.62,3608.0,Beans
2025-12-01,beans,Soroti,Soroti,1.71,33.62,3560.0,Beans
2021-07-01,beans,Tororo,Tororo,0.69,34.18,2880.0,Beans
2021-08-01,beans,Tororo,Tororo,0.69,34.18,3067.0,Beans
2021-09-01,beans,Tororo,Tororo,0.69,34.18,3070.0,Beans
2021-10-01,beans,Tororo,Tororo,0.69,34.18,2861.0,Beans
2021-11-01,beans,Tororo,Tororo,0.69,34.18,2725.0,Beans
2021-12-01,beans,Tororo,Tororo,0.69,34.18,2812.0,Beans
2022-01-01,beans,Tororo,Tororo,0.69,34.18,2905.0,Beans
2022-03-01,beans,Tororo,Tororo,0.69,34.18,2650.0,Beans
2022-04-01,beans,Tororo,Tororo,0.69,34.18,2933.0,Beans
2022-05-01,beans,Tororo,Tororo,0.69,34.18,3317.0,Beans
2022-06-01,beans,Tororo,Tororo,0.69,34.18,3567.0,Beans
2022-07-01,beans,Tororo,Tororo,0.69,34.18,3500.0,Beans
2022-08-01,beans,Tororo,Tororo,0.69,34.18,3683.0,Beans
2022-09-01,beans,Tororo,Tororo,0.69,34.18,4375.0,Beans
2022-10-01,beans,Tororo,Tororo,0.69,34.18,3720.0,Beans
2022-11-01,beans,Tororo,Tororo,0.69,34.18,3720.0,Beans
2022-12-01,beans,Tororo,Tororo,0.69,34.18,3575.0,Beans
2023-01-01,beans,Tororo,Tororo,0.69,34.18,3800.0,Beans
2023-02-01,beans,Tororo,Tororo,0.69,34.18,4000.0,Beans
2023-03-01,beans,Tororo,Tororo,0.69,34.18,4000.0,Beans
2023-04-01,beans,Tororo,Tororo,0.69,34.18,5000.0,Beans
2023-06-01,beans,Tororo,Tororo,0.69,34.18,4667.0,Beans
2023-07-01,beans,Tororo,Tororo,0.69,34.18,4500.0,Beans
2023-08-01,beans,Tororo,Tororo,0.69,34.18,4700.0,Beans
2023-09-01,beans,Tororo,Tororo,0.69,34.18,4500.0,Beans
2023-10-01,beans,Tororo,Tororo,0.69,34.18,4275.0,Beans
2023-11-01,beans,Tororo,Tororo,0.69,34.18,4080.0,Beans
2023-12-01,beans,Tororo,Tororo,0.69,34.18,3500.0,Beans
2024-01-01,beans,Tororo,Tororo,0.69,34.18,3800.0,Beans
2024-02-01,beans,Tororo,Tororo,0.69,34.18,4375.0,Beans
2024-03-01,beans,Tororo,Tororo,0.69,34.18,4125.0,Beans
2024-04-01,beans,Tororo,Tororo,0.69,34.18,4000.0,Beans
2024-05-01,beans,Tororo,Tororo,0.69,34.18,3800.0,Beans
2024-06-01,beans,Tororo,Tororo,0.69,34.18,3500.0,Beans
2024-07-01,beans,Tororo,Tororo,0.69,34.18,3900.0,Beans
2024-08-01,beans,Tororo,Tororo,0.69,34.18,4167.0,Beans
2024-09-01,beans,Tororo,Tororo,0.69,34.18,4250.0,Beans
2024-10-01,beans,Tororo,Tororo,0.69,34.18,3620.0,Beans
2024-11-01,beans,Tororo,Tororo,0.69,34.18,3000.0,Beans
2024-12-01,beans,Tororo,Tororo,0.69,34.18,3000.0,Beans
2025-01-01,beans,Tororo,Tororo,0.69,34.18,3800.0,Beans
2025-02-01,beans,Tororo,Tororo,0.69,34.18,3267.0,Beans
2025-03-01,beans,Tororo,Tororo,0.69,34.18,3314.0,Beans
2025-04-01,beans,Tororo,Tororo,0.69,34.18,3500.0,Beans
2022-03-01,beans,Wakiso,Wakiso,0.4,32.48,2625.0,Beans
2022-04-01,beans,Wakiso,Wakiso,0.4,32.48,3133.0,Beans
2022-05-01,beans,Wakiso,Wakiso,0.4,32.48,3550.0,Beans
2022-06-01,beans,Wakiso,Wakiso,0.4,32.48,3680.0,Beans
2022-07-01,beans,Wakiso,Wakiso,0.4,32.48,3533.33,Beans
2022-08-01,beans,Wakiso,Wakiso,0.4,32.48,4167.0,Beans
2022-09-01,beans,Wakiso,Wakiso,0.4,32.48,4500.0,Beans
2022-10-01,beans,Wakiso,Wakiso,0.4,32.48,4525.0,Beans
2022-11-01,beans,Wakiso,Wakiso,0.4,32.48,3720.0,Beans
2022-12-01,beans,Wakiso,Wakiso,0.4,32.48,3540.0,Beans
2023-01-01,beans,Wakiso,Wakiso,0.4,32.48,3750.0,Beans
2023-02-01,beans,Wakiso,Wakiso,0.4,32.48,4066.67,Beans
2023-03-01,beans,Wakiso,Wakiso,0.4,32.48,4540.0,Beans
2023-04-01,beans,Wakiso,Wakiso,0.4,32.48,4900.0,Beans
2023-06-01,beans,Wakiso,Wakiso,0.4,32.48,3750.0,Beans
2023-07-01,beans,Wakiso,Wakiso,0.4,32.48,4625.0,Beans
2023-08-01,beans,Wakiso,Wakiso,0.4,32.48,4200.0,Beans
2023-09-01,beans,Wakiso,Wakiso,0.4,32.48,4375.0,Beans
2023-10-01,beans,Wakiso,Wakiso,0.4,32.48,4667.0,Beans
2023-11-01,beans,Wakiso,Wakiso,0.4,32.48,4280.0,Beans
2023-12-01,beans,Wakiso,Wakiso,0.4,32.48,4000.0,Beans
2024-01-01,beans,Wakiso,Wakiso,0.4,32.48,3775.0,Beans
2024-02-01,beans,Wakiso,Wakiso,0.4,32.48,3820.0,Beans
2024-03-01,beans,Wakiso,Wakiso,0.4,32.48,3875.0,Beans
2024-04-01,beans,Wakiso,Wakiso,0.4,32.48,4350.0,Beans
2024-05-01,beans,Wakiso,Wakiso,0.4,32.48,4360.0,Beans
2024-06-01,beans,Wakiso,Wakiso,0.4,32.48,4050.0,Beans
2024-07-01,beans,Wakiso,Wakiso,0.4,32.48,4000.0,Beans
2024-08-01,beans,Wakiso,Wakiso,0.4,32.48,4111.0,Beans
2024-09-01,beans,Wakiso,Wakiso,0.4,32.48,4250.0,Beans
2024-10-01,beans,Wakiso,Wakiso,0.4,32.48,4875.0,Beans
2024-11-01,beans,Wakiso,Wakiso,0.4,32.48,3760.0,Beans
2024-12-01,beans,Wakiso,Wakiso,0.4,32.48,3950.0,Beans
2025-01-01,beans,Wakiso,Wakiso,0.4,32.48,3900.0,Beans
2025-02-01,beans,Wakiso,Wakiso,0.4,32.48,4000.0,Beans
2025-03-01,beans,Wakiso,Wakiso,0.4,32.48,4058.0,Beans
2025-04-01,beans,Wakiso,Wakiso,0.4,32.48,4184.0,Beans
2021-07-01,maize,Arua,Arua,3.02,30.91,1000.0,Maize (white)
2021-10-01,maize,Arua,Arua,3.02,30.91,1000.0,Maize (white)
2022-03-01,maize,Arua,Arua,3.02,30.91,950.0,Maize (white)
2022-05-01,maize,Arua,Arua,3.02,30.91,2000.0,Maize (white)
2022-06-01,maize,Arua,Arua,3.02,30.91,2000.0,Maize (white)
2022-07-01,maize,Arua,Arua,3.02,30.91,2000.0,Maize (white)
2024-05-01,maize,Arua,Arua,3.02,30.91,1500.0,Maize (white)
2024-06-01,maize,Arua,Arua,3.02,30.91,1367.0,Maize (white)
2024-07-01,maize,Arua,Arua,3.02,30.91,1500.0,Maize (white)
2024-08-01,maize,Arua,Arua,3.02,30.91,1500.0,Maize (white)
2024-09-01,maize,Arua,Arua,3.02,30.91,1500.0,Maize (white)
2024-10-01,maize,Arua,Arua,3.02,30.91,1000.0,Maize (white)
2024-11-01,maize,Arua,Arua,3.02,30.91,800.0,Maize (white)
2024-12-01,maize,Arua,Arua,3.02,30.91,900.0,Maize (white)
2025-01-01,maize,Arua,Arua,3.02,30.91,1000.0,Maize (white)
2025-02-01,maize,Arua,Arua,3.02,30.91,1500.0,Maize (white)
2025-03-01,maize,Arua,Arua,3.02,30.91,1522.0,Maize (white)
2025-04-01,maize,Arua,Arua,3.02,30.91,1569.0,Maize (white)
2025-05-01,maize,Arua,Arua,3.02,30.91,1600.0,Maize (white)
2025-06-01,maize,Arua,Arua,3.02,30.91,1100.0,Maize (white)
2025-07-01,maize,Arua,Arua,3.02,30.91,1200.0,Maize (white)
2025-08-01,maize,Arua,Arua,3.02,30.91,1200.0,Maize (white)
2025-09-01,maize,Arua,Arua,3.02,30.91,2000.0,Maize (white)
2025-10-01,maize,Arua,Arua,3.02,30.91,1350.0,Maize (white)
2025-11-01,maize,Arua,Arua,3.02,30.91,1400.0,Maize (white)
2025-12-01,maize,Arua,Arua,3.02,30.91,1667.0,Maize (white)
2026-01-01,maize,Arua,Arua,3.02,30.91,2186.0,Maize (white)
2026-02-01,maize,Arua,Arua,3.02,30.91,2204.0,Maize (white)
2026-03-01,maize,Arua,Arua,3.02,30.91,2216.0,Maize (white)
2026-04-01,maize,Arua,Arua,3.02,30.91,2379.0,Maize (white)
2022-03-01,maize,Busia,Busia,0.47,34.09,1050.0,Maize (white)
2022-04-01,maize,Busia,Busia,0.47,34.09,1358.0,Maize (white)
2022-05-01,maize,Busia,Busia,0.47,34.09,1517.0,Maize (white)
2022-06-01,maize,Busia,Busia,0.47,34.09,1867.0,Maize (white)
2022-07-01,maize,Busia,Busia,0.47,34.09,1925.0,Maize (white)
2022-08-01,maize,Busia,Busia,0.47,34.09,1717.0,Maize (white)
2022-09-01,maize,Busia,Busia,0.47,34.09,1925.0,Maize (white)
2022-10-01,maize,Busia,Busia,0.47,34.09,1820.0,Maize (white)
2022-11-01,maize,Busia,Busia,0.47,34.09,1960.0,Maize (white)
2022-12-01,maize,Busia,Busia,0.47,34.09,1612.5,Maize (white)
2023-01-01,maize,Busia,Busia,0.47,34.09,1440.0,Maize (white)
2023-02-01,maize,Busia,Busia,0.47,34.09,1633.33,Maize (white)
2023-03-01,maize,Busia,Busia,0.47,34.09,1690.0,Maize (white)
2023-04-01,maize,Busia,Busia,0.47,34.09,1750.0,Maize (white)
2023-06-01,maize,Busia,Busia,0.47,34.09,1833.0,Maize (white)
2023-07-01,maize,Busia,Busia,0.47,34.09,1690.0,Maize (white)
2023-08-01,maize,Busia,Busia,0.47,34.09,1250.0,Maize (white)
2023-09-01,maize,Busia,Busia,0.47,34.09,1263.0,Maize (white)
2023-10-01,maize,Busia,Busia,0.47,34.09,1238.0,Maize (white)
2023-11-01,maize,Busia,Busia,0.47,34.09,1060.0,Maize (white)
2023-12-01,maize,Busia,Busia,0.47,34.09,1000.0,Maize (white)
2024-01-01,maize,Busia,Busia,0.47,34.09,944.0,Maize (white)
2024-02-01,maize,Busia,Busia,0.47,34.09,800.0,Maize (white)
2024-03-01,maize,Busia,Busia,0.47,34.09,875.0,Maize (white)
2024-04-01,maize,Busia,Busia,0.47,34.09,913.0,Maize (white)
2024-05-01,maize,Busia,Busia,0.47,34.09,910.0,Maize (white)
2024-06-01,maize,Busia,Busia,0.47,34.09,872.0,Maize (white)
2024-07-01,maize,Busia,Busia,0.47,34.09,870.0,Maize (white)
2024-08-01,maize,Busia,Busia,0.47,34.09,868.0,Maize (white)
2024-09-01,maize,Busia,Busia,0.47,34.09,920.0,Maize (white)
2024-10-01,maize,Busia,Busia,0.47,34.09,1058.0,Maize (white)
2024-11-01,maize,Busia,Busia,0.47,34.09,1175.0,Maize (white)
2024-12-01,maize,Busia,Busia,0.47,34.09,1100.0,Maize (white)
2025-01-01,maize,Busia,Busia,0.47,34.09,1070.0,Maize (white)
2025-02-01,maize,Busia,Busia,0.47,34.09,1115.0,Maize (white)
2025-03-01,maize,Busia,Busia,0.47,34.09,1131.0,Maize (white)
2025-04-01,maize,Busia,Busia,0.47,34.09,1500.0,Maize (white)
2025-05-01,maize,Busia,Busia,0.47,34.09,1480.0,Maize (white)
2025-06-01,maize,Busia,Busia,0.47,34.09,1531.0,Maize (white)
2025-07-01,maize,Busia,Busia,0.47,34.09,1270.0,Maize (white)
2025-08-01,maize,Busia,Busia,0.47,34.09,1038.0,Maize (white)
2025-09-01,maize,Busia,Busia,0.47,34.09,1081.0,Maize (white)
2025-10-01,maize,Busia,Busia,0.47,34.09,1135.0,Maize (white)
2025-11-01,maize,Busia,Busia,0.47,34.09,1100.0,Maize (white)
2025-12-01,maize,Busia,Busia,0.47,34.09,1250.0,Maize (white)
2022-03-01,maize,Fort Portal,Kabarole,0.66,30.28,1500.0,Maize (white)
2022-04-01,maize,Fort Portal,Kabarole,0.66,30.28,1500.0,Maize (white)
2022-05-01,maize,Fort Portal,Kabarole,0.66,30.28,1800.0,Maize (white)
2022-06-01,maize,Fort Portal,Kabarole,0.66,30.28,1820.0,Maize (white)
2022-07-01,maize,Fort Portal,Kabarole,0.66,30.28,2000.0,Maize (white)
2022-08-01,maize,Fort Portal,Kabarole,0.66,30.28,2000.0,Maize (white)
2022-09-01,maize,Fort Portal,Kabarole,0.66,30.28,2000.0,Maize (white)
2022-10-01,maize,Fort Portal,Kabarole,0.66,30.28,2000.0,Maize (white)
2022-11-01,maize,Fort Portal,Kabarole,0.66,30.28,2000.0,Maize (white)
2022-12-01,maize,Fort Portal,Kabarole,0.66,30.28,2020.0,Maize (white)
2023-01-01,maize,Fort Portal,Kabarole,0.66,30.28,1300.0,Maize (white)
2023-02-01,maize,Fort Portal,Kabarole,0.66,30.28,1300.0,Maize (white)
2023-03-01,maize,Fort Portal,Kabarole,0.66,30.28,1600.0,Maize (white)
2023-04-01,maize,Fort Portal,Kabarole,0.66,30.28,2200.0,Maize (white)
2023-06-01,maize,Fort Portal,Kabarole,0.66,30.28,2300.0,Maize (white)
2023-07-01,maize,Fort Portal,Kabarole,0.66,30.28,2125.0,Maize (white)
2023-08-01,maize,Fort Portal,Kabarole,0.66,30.28,1800.0,Maize (white)
2023-09-01,maize,Fort Portal,Kabarole,0.66,30.28,1275.0,Maize (white)
2023-10-01,maize,Fort Portal,Kabarole,0.66,30.28,1320.0,Maize (white)
2023-11-01,maize,Fort Portal,Kabarole,0.66,30.28,1200.0,Maize (white)
2023-12-01,maize,Fort Portal,Kabarole,0.66,30.28,1200.0,Maize (white)
2024-02-01,maize,Fort Portal,Kabarole,0.66,30.28,980.0,Maize (white)
2024-03-01,maize,Fort Portal,Kabarole,0.66,30.28,875.0,Maize (white)
2024-04-01,maize,Fort Portal,Kabarole,0.66,30.28,900.0,Maize (white)
2024-05-01,maize,Fort Portal,Kabarole,0.66,30.28,900.0,Maize (white)
2024-06-01,maize,Fort Portal,Kabarole,0.66,30.28,900.0,Maize (white)
2024-07-01,maize,Fort Portal,Kabarole,0.66,30.28,900.0,Maize (white)
2024-08-01,maize,Fort Portal,Kabarole,0.66,30.28,894.0,Maize (white)
2024-09-01,maize,Fort Portal,Kabarole,0.66,30.28,900.0,Maize (white)
2024-10-01,maize,Fort Portal,Kabarole,0.66,30.28,1030.0,Maize (white)
2024-11-01,maize,Fort Portal,Kabarole,0.66,30.28,1200.0,Maize (white)
2024-12-01,maize,Fort Portal,Kabarole,0.66,30.28,1100.0,Maize (white)
2025-01-01,maize,Fort Portal,Kabarole,0.66,30.28,1452.0,Maize (white)
2025-02-01,maize,Fort Portal,Kabarole,0.66,30.28,1251.0,Maize (white)
2025-03-01,maize,Fort Portal,Kabarole,0.66,30.28,1269.0,Maize (white)
2025-04-01,maize,Fort Portal,Kabarole,0.66,30.28,2000.0,Maize (white)
2025-05-01,maize,Fort Portal,Kabarole,0.66,30.28,2000.0,Maize (white)
2025-06-01,maize,Fort Portal,Kabarole,0.66,30.28,2000.0,Maize (white)
2025-07-01,maize,Fort Portal,Kabarole,0.66,30.28,2000.0,Maize (white)
2025-08-01,maize,Fort Portal,Kabarole,0.66,30.28,2000.0,Maize (white)
2025-09-01,maize,Fort Portal,Kabarole,0.66,30.28,2563.0,Maize (white)
2025-10-01,maize,Fort Portal,Kabarole,0.66,30.28,1970.0,Maize (white)
2025-11-01,maize,Fort Portal,Kabarole,0.66,30.28,2500.0,Maize (white)
2025-12-01,maize,Fort Portal,Kabarole,0.66,30.28,2250.0,Maize (white)
2011-04-01,maize,Gulu,Gulu,2.77,32.31,1000.0,Maize (white)
2011-05-01,maize,Gulu,Gulu,2.77,32.31,1066.67,Maize (white)
2011-06-01,maize,Gulu,Gulu,2.77,32.31,1067.0,Maize (white)
2011-07-01,maize,Gulu,Gulu,2.77,32.31,1200.0,Maize (white)
2011-08-01,maize,Gulu,Gulu,2.77,32.31,888.0,Maize (white)
2011-09-01,maize,Gulu,Gulu,2.77,32.31,700.0,Maize (white)
2011-10-01,maize,Gulu,Gulu,2.77,32.31,773.0,Maize (white)
2011-11-01,maize,Gulu,Gulu,2.77,32.31,811.0,Maize (white)
2011-12-01,maize,Gulu,Gulu,2.77,32.31,800.0,Maize (white)
2012-01-01,maize,Gulu,Gulu,2.77,32.31,892.0,Maize (white)
2012-02-01,maize,Gulu,Gulu,2.77,32.31,693.0,Maize (white)
2012-03-01,maize,Gulu,Gulu,2.77,32.31,867.0,Maize (white)
2012-04-01,maize,Gulu,Gulu,2.77,32.31,992.0,Maize (white)
2012-05-01,maize,Gulu,Gulu,2.77,32.31,1342.0,Maize (white)
2012-06-01,maize,Gulu,Gulu,2.77,32.31,1233.0,Maize (white)
2012-07-01,maize,Gulu,Gulu,2.77,32.31,1054.0,Maize (white)
2012-08-01,maize,Gulu,Gulu,2.77,32.31,867.0,Maize (white)
2012-09-01,maize,Gulu,Gulu,2.77,32.31,767.0,Maize (white)
2012-10-01,maize,Gulu,Gulu,2.77,32.31,813.0,Maize (white)
2012-11-01,maize,Gulu,Gulu,2.77,32.31,929.0,Maize (white)
2012-12-01,maize,Gulu,Gulu,2.77,32.31,967.0,Maize (white)
2013-01-01,maize,Gulu,Gulu,2.77,32.31,950.0,Maize (white)
2013-02-01,maize,Gulu,Gulu,2.77,32.31,950.0,Maize (white)
2013-03-01,maize,Gulu,Gulu,2.77,32.31,1000.0,Maize (white)
2013-04-01,maize,Gulu,Gulu,2.77,32.31,1033.0,Maize (white)
2013-05-01,maize,Gulu,Gulu,2.77,32.31,1139.0,Maize (white)
2013-06-01,maize,Gulu,Gulu,2.77,32.31,1000.0,Maize (white)
2013-07-01,maize,Gulu,Gulu,2.77,32.31,1130.0,Maize (white)
2013-08-01,maize,Gulu,Gulu,2.77,32.31,944.67,Maize (white)
2013-09-01,maize,Gulu,Gulu,2.77,32.31,1000.0,Maize (white)
2013-10-01,maize,Gulu,Gulu,2.77,32.31,907.0,Maize (white)
2013-11-01,maize,Gulu,Gulu,2.77,32.31,1000.0,Maize (white)
2013-12-01,maize,Gulu,Gulu,2.77,32.31,984.0,Maize (white)
2014-01-01,maize,Gulu,Gulu,2.77,32.31,956.0,Maize (white)
2014-02-01,maize,Gulu,Gulu,2.77,32.31,850.0,Maize (white)
2014-03-01,maize,Gulu,Gulu,2.77,32.31,988.0,Maize (white)
2014-04-01,maize,Gulu,Gulu,2.77,32.31,990.0,Maize (white)
2014-05-01,maize,Gulu,Gulu,2.77,32.31,1038.0,Maize (white)
2014-06-01,maize,Gulu,Gulu,2.77,32.31,1050.0,Maize (white)
2014-07-01,maize,Gulu,Gulu,2.77,32.31,1066.67,Maize (white)
2014-08-01,maize,Gulu,Gulu,2.77,32.31,750.0,Maize (white)
2014-09-01,maize,Gulu,Gulu,2.77,32.31,662.5,Maize (white)
2015-01-01,maize,Gulu,Gulu,2.77,32.31,530.0,Maize (white)
2015-02-01,maize,Gulu,Gulu,2.77,32.31,1000.0,Maize (white)
2015-03-01,maize,Gulu,Gulu,2.77,32.31,1000.0,Maize (white)
2015-04-01,maize,Gulu,Gulu,2.77,32.31,1500.0,Maize (white)
2015-05-01,maize,Gulu,Gulu,2.77,32.31,1500.0,Maize (white)
2015-06-01,maize,Gulu,Gulu,2.77,32.31,1500.0,Maize (white)
2015-07-01,maize,Gulu,Gulu,2.77,32.31,1200.0,Maize (white)
2015-08-01,maize,Gulu,Gulu,2.77,32.31,1000.0,Maize (white)
2015-09-01,maize,Gulu,Gulu,2.77,32.31,1000.0,Maize (white)
2015-10-01,maize,Gulu,Gulu,2.77,32.31,1000.0,Maize (white)
2015-11-01,maize,Gulu,Gulu,2.77,32.31,1500.0,Maize (white)
2015-12-01,maize,Gulu,Gulu,2.77,32.31,1833.0,Maize (white)
2016-01-01,maize,Gulu,Gulu,2.77,32.31,1000.0,Maize (white)
2016-02-01,maize,Gulu,Gulu,2.77,32.31,1000.0,Maize (white)
2016-03-01,maize,Gulu,Gulu,2.77,32.31,1000.0,Maize (white)
2016-04-01,maize,Gulu,Gulu,2.77,32.31,1200.0,Maize (white)
2016-05-01,maize,Gulu,Gulu,2.77,32.31,1400.0,Maize (white)
2016-06-01,maize,Gulu,Gulu,2.77,32.31,1000.0,Maize (white)
2016-07-01,maize,Gulu,Gulu,2.77,32.31,1000.0,Maize (white)
2016-08-01,maize,Gulu,Gulu,2.77,32.31,1133.0,Maize (white)
2016-09-01,maize,Gulu,Gulu,2.77,32.31,1000.0,Maize (white)
2016-10-01,maize,Gulu,Gulu,2.77,32.31,1200.0,Maize (white)
2016-11-01,maize,Gulu,Gulu,2.77,32.31,1100.0,Maize (white)
2016-12-01,maize,Gulu,Gulu,2.77,32.31,1200.0,Maize (white)
2017-01-01,maize,Gulu,Gulu,2.77,32.31,1200.0,Maize (white)
2017-02-01,maize,Gulu,Gulu,2.77,32.31,1200.0,Maize (white)
2017-03-01,maize,Gulu,Gulu,2.77,32.31,1200.0,Maize (white)
2017-04-01,maize,Gulu,Gulu,2.77,32.31,1800.0,Maize (white)
2017-05-01,maize,Gulu,Gulu,2.77,32.31,2000.0,Maize (white)
2017-06-01,maize,Gulu,Gulu,2.77,32.31,2000.0,Maize (white)
2017-07-01,maize,Gulu,Gulu,2.77,32.31,2000.0,Maize (white)
2017-08-01,maize,Gulu,Gulu,2.77,32.31,2000.0,Maize (white)
2017-09-01,maize,Gulu,Gulu,2.77,32.31,1500.0,Maize (white)
2017-11-01,maize,Gulu,Gulu,2.77,32.31,1500.0,Maize (white)
2017-12-01,maize,Gulu,Gulu,2.77,32.31,1500.0,Maize (white)
2018-01-01,maize,Gulu,Gulu,2.77,32.31,1500.0,Maize (white)
2018-02-01,maize,Gulu,Gulu,2.77,32.31,1600.0,Maize (white)
2018-03-01,maize,Gulu,Gulu,2.77,32.31,1600.0,Maize (white)
2018-04-01,maize,Gulu,Gulu,2.77,32.31,1600.0,Maize (white)
2018-05-01,maize,Gulu,Gulu,2.77,32.31,1600.0,Maize (white)
2018-06-01,maize,Gulu,Gulu,2.77,32.31,1600.0,Maize (white)
2018-10-01,maize,Gulu,Gulu,2.77,32.31,1000.0,Maize (white)
2018-11-01,maize,Gulu,Gulu,2.77,32.31,1000.0,Maize (white)
2019-01-01,maize,Gulu,Gulu,2.77,32.31,800.0,Maize (white)
2019-02-01,maize,Gulu,Gulu,2.77,32.31,1000.0,Maize (white)
2019-03-01,maize,Gulu,Gulu,2.77,32.31,900.0,Maize (white)
2019-04-01,maize,Gulu,Gulu,2.77,32.31,1500.0,Maize (white)
2019-05-01,maize,Gulu,Gulu,2.77,32.31,1550.0,Maize (white)
2019-06-01,maize,Gulu,Gulu,2.77,32.31,1800.0,Maize (white)
2019-07-01,maize,Gulu,Gulu,2.77,32.31,2000.0,Maize (white)
2019-08-01,maize,Gulu,Gulu,2.77,32.31,2000.0,Maize (white)
2019-09-01,maize,Gulu,Gulu,2.77,32.31,1600.0,Maize (white)
2019-10-01,maize,Gulu,Gulu,2.77,32.31,1800.0,Maize (white)
2019-11-01,maize,Gulu,Gulu,2.77,32.31,2000.0,Maize (white)
2019-12-01,maize,Gulu,Gulu,2.77,32.31,2000.0,Maize (white)
2020-01-01,maize,Gulu,Gulu,2.77,32.31,1500.0,Maize (white)
2020-02-01,maize,Gulu,Gulu,2.77,32.31,1600.0,Maize (white)
2020-04-01,maize,Gulu,Gulu,2.77,32.31,1100.0,Maize (white)
2020-05-01,maize,Gulu,Gulu,2.77,32.31,1200.0,Maize (white)
2020-06-01,maize,Gulu,Gulu,2.77,32.31,1200.0,Maize (white)
2020-07-01,maize,Gulu,Gulu,2.77,32.31,1500.0,Maize (white)
2020-08-01,maize,Gulu,Gulu,2.77,32.31,1500.0,Maize (white)
2020-09-01,maize,Gulu,Gulu,2.77,32.31,1425.0,Maize (white)
2020-10-01,maize,Gulu,Gulu,2.77,32.31,967.0,Maize (white)
2020-11-01,maize,Gulu,Gulu,2.77,32.31,1136.0,Maize (white)
2020-12-01,maize,Gulu,Gulu,2.77,32.31,1015.0,Maize (white)
2021-01-01,maize,Gulu,Gulu,2.77,32.31,1025.0,Maize (white)
2021-03-01,maize,Gulu,Gulu,2.77,32.31,1160.0,Maize (white)
2021-04-01,maize,Gulu,Gulu,2.77,32.31,1000.0,Maize (white)
2021-05-01,maize,Gulu,Gulu,2.77,32.31,1222.0,Maize (white)
2021-07-01,maize,Gulu,Gulu,2.77,32.31,1086.0,Maize (white)
2021-08-01,maize,Gulu,Gulu,2.77,32.31,1200.0,Maize (white)
2021-09-01,maize,Gulu,Gulu,2.77,32.31,1200.0,Maize (white)
2021-10-01,maize,Gulu,Gulu,2.77,32.31,1120.0,Maize (white)
2021-11-01,maize,Gulu,Gulu,2.77,32.31,1286.0,Maize (white)
2021-12-01,maize,Gulu,Gulu,2.77,32.31,1357.0,Maize (white)
2022-01-01,maize,Gulu,Gulu,2.77,32.31,1467.0,Maize (white)
2022-02-01,maize,Gulu,Gulu,2.77,32.31,1300.0,Maize (white)
2022-03-01,maize,Gulu,Gulu,2.77,32.31,1500.0,Maize (white)
2022-04-01,maize,Gulu,Gulu,2.77,32.31,1529.0,Maize (white)
2022-05-01,maize,Gulu,Gulu,2.77,32.31,1620.0,Maize (white)
2022-06-01,maize,Gulu,Gulu,2.77,32.31,1500.0,Maize (white)
2022-08-01,maize,Gulu,Gulu,2.77,32.31,2000.0,Maize (white)
2022-09-01,maize,Gulu,Gulu,2.77,32.31,2000.0,Maize (white)
2022-10-01,maize,Gulu,Gulu,2.77,32.31,2000.0,Maize (white)
2022-11-01,maize,Gulu,Gulu,2.77,32.31,1975.0,Maize (white)
2022-12-01,maize,Gulu,Gulu,2.77,32.31,2000.0,Maize (white)
2023-01-01,maize,Gulu,Gulu,2.77,32.31,1500.0,Maize (white)
2023-02-01,maize,Gulu,Gulu,2.77,32.31,1416.67,Maize (white)
2023-03-01,maize,Gulu,Gulu,2.77,32.31,1637.5,Maize (white)
2023-04-01,maize,Gulu,Gulu,2.77,32.31,1667.0,Maize (white)
2023-05-01,maize,Gulu,Gulu,2.77,32.31,2000.0,Maize (white)
2023-06-01,maize,Gulu,Gulu,2.77,32.31,1933.0,Maize (white)
2023-07-01,maize,Gulu,Gulu,2.77,32.31,1850.0,Maize (white)
2023-08-01,maize,Gulu,Gulu,2.77,32.31,1529.0,Maize (white)
2023-09-01,maize,Gulu,Gulu,2.77,32.31,1414.0,Maize (white)
2023-10-01,maize,Gulu,Gulu,2.77,32.31,1438.0,Maize (white)
2023-11-01,maize,Gulu,Gulu,2.77,32.31,1411.0,Maize (white)
2023-12-01,maize,Gulu,Gulu,2.77,32.31,1360.0,Maize (white)
2024-01-01,maize,Gulu,Gulu,2.77,32.31,1492.0,Maize (white)
2024-02-01,maize,Gulu,Gulu,2.77,32.31,1250.0,Maize (white)
2024-03-01,maize,Gulu,Gulu,2.77,32.31,1257.0,Maize (white)
2024-04-01,maize,Gulu,Gulu,2.77,32.31,1211.0,Maize (white)
2024-05-01,maize,Gulu,Gulu,2.77,32.31,1150.0,Maize (white)
2024-06-01,maize,Gulu,Gulu,2.77,32.31,1075.0,Maize (white)
2024-07-01,maize,Gulu,Gulu,2.77,32.31,1086.0,Maize (white)
2024-08-01,maize,Gulu,Gulu,2.77,32.31,1133.0,Maize (white)
2024-09-01,maize,Gulu,Gulu,2.77,32.31,1067.0,Maize (white)
2024-10-01,maize,Gulu,Gulu,2.77,32.31,1000.0,Maize (white)
2024-11-01,maize,Gulu,Gulu,2.77,32.31,1200.0,Maize (white)
2024-12-01,maize,Gulu,Gulu,2.77,32.31,1200.0,Maize (white)
2025-01-01,maize,Gulu,Gulu,2.77,32.31,1272.0,Maize (white)
2025-02-01,maize,Gulu,Gulu,2.77,32.31,1224.0,Maize (white)
2025-03-01,maize,Gulu,Gulu,2.77,32.31,1242.0,Maize (white)
2025-04-01,maize,Gulu,Gulu,2.77,32.31,1550.0,Maize (white)
2025-05-01,maize,Gulu,Gulu,2.77,32.31,2000.0,Maize (white)
2025-06-01,maize,Gulu,Gulu,2.77,32.31,2000.0,Maize (white)
2025-07-01,maize,Gulu,Gulu,2.77,32.31,1800.0,Maize (white)
2025-08-01,maize,Gulu,Gulu,2.77,32.31,1333.0,Maize (white)
2025-09-01,maize,Gulu,Gulu,2.77,32.31,1540.0,Maize (white)
2025-10-01,maize,Gulu,Gulu,2.77,32.31,1820.0,Maize (white)
2025-11-01,maize,Gulu,Gulu,2.77,32.31,2000.0,Maize (white)
2025-12-01,maize,Gulu,Gulu,2.77,32.31,1871.0,Maize (white)
2026-01-01,maize,Gulu,Gulu,2.77,32.31,1654.0,Maize (white)
2026-02-01,maize,Gulu,Gulu,2.77,32.31,1772.0,Maize (white)
2026-03-01,maize,Gulu,Gulu,2.77,32.31,1875.0,Maize (white)
2026-04-01,maize,Gulu,Gulu,2.77,32.31,1949.0,Maize (white)
2021-07-01,maize,Hoima,Hoima,1.43,31.35,850.0,Maize (white)
2021-08-01,maize,Hoima,Hoima,1.43,31.35,800.0,Maize (white)
2021-09-01,maize,Hoima,Hoima,1.43,31.35,1500.0,Maize (white)
2021-10-01,maize,Hoima,Hoima,1.43,31.35,1300.0,Maize (white)
2022-01-01,maize,Hoima,Hoima,1.43,31.35,900.0,Maize (white)
2022-03-01,maize,Hoima,Hoima,1.43,31.35,1300.0,Maize (white)
2022-04-01,maize,Hoima,Hoima,1.43,31.35,1600.0,Maize (white)
2022-05-01,maize,Hoima,Hoima,1.43,31.35,2000.0,Maize (white)
2022-06-01,maize,Hoima,Hoima,1.43,31.35,2083.0,Maize (white)
2022-07-01,maize,Hoima,Hoima,1.43,31.35,2375.0,Maize (white)
2022-08-01,maize,Hoima,Hoima,1.43,31.35,2417.0,Maize (white)
2022-09-01,maize,Hoima,Hoima,1.43,31.35,2000.0,Maize (white)
2022-10-01,maize,Hoima,Hoima,1.43,31.35,2000.0,Maize (white)
2022-11-01,maize,Hoima,Hoima,1.43,31.35,2375.0,Maize (white)
2022-12-01,maize,Hoima,Hoima,1.43,31.35,2625.0,Maize (white)
2023-01-01,maize,Hoima,Hoima,1.43,31.35,2200.0,Maize (white)
2023-02-01,maize,Hoima,Hoima,1.43,31.35,1500.0,Maize (white)
2023-03-01,maize,Hoima,Hoima,1.43,31.35,1500.0,Maize (white)
2023-04-01,maize,Hoima,Hoima,1.43,31.35,1700.0,Maize (white)
2023-06-01,maize,Hoima,Hoima,1.43,31.35,2000.0,Maize (white)
2023-07-01,maize,Hoima,Hoima,1.43,31.35,1750.0,Maize (white)
2023-08-01,maize,Hoima,Hoima,1.43,31.35,1800.0,Maize (white)
2023-09-01,maize,Hoima,Hoima,1.43,31.35,2000.0,Maize (white)
2023-10-01,maize,Hoima,Hoima,1.43,31.35,2000.0,Maize (white)
2023-11-01,maize,Hoima,Hoima,1.43,31.35,1900.0,Maize (white)
2023-12-01,maize,Hoima,Hoima,1.43,31.35,1420.0,Maize (white)
2024-01-01,maize,Hoima,Hoima,1.43,31.35,940.0,Maize (white)
2024-02-01,maize,Hoima,Hoima,1.43,31.35,700.0,Maize (white)
2024-03-01,maize,Hoima,Hoima,1.43,31.35,600.0,Maize (white)
2024-04-01,maize,Hoima,Hoima,1.43,31.35,750.0,Maize (white)
2024-05-01,maize,Hoima,Hoima,1.43,31.35,720.0,Maize (white)
2024-06-01,maize,Hoima,Hoima,1.43,31.35,700.0,Maize (white)
2024-07-01,maize,Hoima,Hoima,1.43,31.35,840.0,Maize (white)
2024-08-01,maize,Hoima,Hoima,1.43,31.35,911.0,Maize (white)
2024-09-01,maize,Hoima,Hoima,1.43,31.35,1000.0,Maize (white)
2024-10-01,maize,Hoima,Hoima,1.43,31.35,1000.0,Maize (white)
2024-11-01,maize,Hoima,Hoima,1.43,31.35,1000.0,Maize (white)
2024-12-01,maize,Hoima,Hoima,1.43,31.35,1000.0,Maize (white)
2025-01-01,maize,Hoima,Hoima,1.43,31.35,1000.0,Maize (white)
2025-02-01,maize,Hoima,Hoima,1.43,31.35,1000.0,Maize (white)
2025-03-01,maize,Hoima,Hoima,1.43,31.35,1014.0,Maize (white)
2025-04-01,maize,Hoima,Hoima,1.43,31.35,1300.0,Maize (white)
2025-05-01,maize,Hoima,Hoima,1.43,31.35,2100.0,Maize (white)
2025-06-01,maize,Hoima,Hoima,1.43,31.35,2500.0,Maize (white)
2025-07-01,maize,Hoima,Hoima,1.43,31.35,2300.0,Maize (white)
2025-08-01,maize,Hoima,Hoima,1.43,31.35,1500.0,Maize (white)
2025-09-01,maize,Hoima,Hoima,1.43,31.35,1500.0,Maize (white)
2025-10-01,maize,Hoima,Hoima,1.43,31.35,1500.0,Maize (white)
2025-11-01,maize,Hoima,Hoima,1.43,31.35,1500.0,Maize (white)
2025-12-01,maize,Hoima,Hoima,1.43,31.35,1500.0,Maize (white)
2011-04-01,maize,Iganga,Iganga,0.61,33.47,600.0,Maize (white)
2011-05-01,maize,Iganga,Iganga,0.61,33.47,975.0,Maize (white)
2011-06-01,maize,Iganga,Iganga,0.61,33.47,850.0,Maize (white)
2011-07-01,maize,Iganga,Iganga,0.61,33.47,1150.0,Maize (white)
2011-08-01,maize,Iganga,Iganga,0.61,33.47,988.0,Maize (white)
2011-09-01,maize,Iganga,Iganga,0.61,33.47,1000.0,Maize (white)
2011-10-01,maize,Iganga,Iganga,0.61,33.47,743.0,Maize (white)
2011-11-01,maize,Iganga,Iganga,0.61,33.47,786.0,Maize (white)
2011-12-01,maize,Iganga,Iganga,0.61,33.47,750.0,Maize (white)
2012-01-01,maize,Iganga,Iganga,0.61,33.47,718.0,Maize (white)
2012-02-01,maize,Iganga,Iganga,0.61,33.47,700.0,Maize (white)
2012-03-01,maize,Iganga,Iganga,0.61,33.47,747.0,Maize (white)
2012-04-01,maize,Iganga,Iganga,0.61,33.47,820.0,Maize (white)
2012-05-01,maize,Iganga,Iganga,0.61,33.47,1178.0,Maize (white)
2012-06-01,maize,Iganga,Iganga,0.61,33.47,1150.0,Maize (white)
2012-07-01,maize,Iganga,Iganga,0.61,33.47,920.0,Maize (white)
2012-08-01,maize,Iganga,Iganga,0.61,33.47,740.0,Maize (white)
2012-09-01,maize,Iganga,Iganga,0.61,33.47,549.0,Maize (white)
2012-10-01,maize,Iganga,Iganga,0.61,33.47,599.0,Maize (white)
2012-11-01,maize,Iganga,Iganga,0.61,33.47,705.0,Maize (white)
2012-12-01,maize,Iganga,Iganga,0.61,33.47,770.0,Maize (white)
2013-01-01,maize,Iganga,Iganga,0.61,33.47,1150.0,Maize (white)
2013-02-01,maize,Iganga,Iganga,0.61,33.47,750.0,Maize (white)
2013-03-01,maize,Iganga,Iganga,0.61,33.47,800.0,Maize (white)
2013-04-01,maize,Iganga,Iganga,0.61,33.47,800.0,Maize (white)
2013-05-01,maize,Iganga,Iganga,0.61,33.47,833.3,Maize (white)
2013-06-01,maize,Iganga,Iganga,0.61,33.47,800.0,Maize (white)
2013-07-01,maize,Iganga,Iganga,0.61,33.47,710.0,Maize (white)
2013-08-01,maize,Iganga,Iganga,0.61,33.47,700.0,Maize (white)
2013-09-01,maize,Iganga,Iganga,0.61,33.47,741.5,Maize (white)
2013-10-01,maize,Iganga,Iganga,0.61,33.47,855.0,Maize (white)
2013-11-01,maize,Iganga,Iganga,0.61,33.47,950.0,Maize (white)
2013-12-01,maize,Iganga,Iganga,0.61,33.47,1000.0,Maize (white)
2014-01-01,maize,Iganga,Iganga,0.61,33.47,737.0,Maize (white)
2014-02-01,maize,Iganga,Iganga,0.61,33.47,640.0,Maize (white)
2014-03-01,maize,Iganga,Iganga,0.61,33.47,809.0,Maize (white)
2014-04-01,maize,Iganga,Iganga,0.61,33.47,910.0,Maize (white)
2014-05-01,maize,Iganga,Iganga,0.61,33.47,938.0,Maize (white)
2014-06-01,maize,Iganga,Iganga,0.61,33.47,933.0,Maize (white)
2014-07-01,maize,Iganga,Iganga,0.61,33.47,740.0,Maize (white)
2014-08-01,maize,Iganga,Iganga,0.61,33.47,537.5,Maize (white)
2014-09-01,maize,Iganga,Iganga,0.61,33.47,487.5,Maize (white)
2014-10-01,maize,Iganga,Iganga,0.61,33.47,475.0,Maize (white)
2014-11-01,maize,Iganga,Iganga,0.61,33.47,550.0,Maize (white)
2014-12-01,maize,Iganga,Iganga,0.61,33.47,500.0,Maize (white)
2015-05-01,maize,Iganga,Iganga,0.61,33.47,1000.0,Maize (white)
2015-06-01,maize,Iganga,Iganga,0.61,33.47,1000.0,Maize (white)
2015-07-01,maize,Iganga,Iganga,0.61,33.47,638.0,Maize (white)
2015-08-01,maize,Iganga,Iganga,0.61,33.47,500.0,Maize (white)
2015-09-01,maize,Iganga,Iganga,0.61,33.47,625.0,Maize (white)
2015-10-01,maize,Iganga,Iganga,0.61,33.47,838.0,Maize (white)
2015-11-01,maize,Iganga,Iganga,0.61,33.47,1000.0,Maize (white)
2015-12-01,maize,Iganga,Iganga,0.61,33.47,800.0,Maize (white)
2016-01-01,maize,Iganga,Iganga,0.61,33.47,682.5,Maize (white)
2016-02-01,maize,Iganga,Iganga,0.61,33.47,730.0,Maize (white)
2016-03-01,maize,Iganga,Iganga,0.61,33.47,800.0,Maize (white)
2016-04-01,maize,Iganga,Iganga,0.61,33.47,1075.0,Maize (white)
2016-05-01,maize,Iganga,Iganga,0.61,33.47,1000.0,Maize (white)
2016-06-01,maize,Iganga,Iganga,0.61,33.47,1300.0,Maize (white)
2016-07-01,maize,Iganga,Iganga,0.61,33.47,1000.0,Maize (white)
2016-08-01,maize,Iganga,Iganga,0.61,33.47,1000.0,Maize (white)
2016-09-01,maize,Iganga,Iganga,0.61,33.47,1200.0,Maize (white)
2016-10-01,maize,Iganga,Iganga,0.61,33.47,1275.0,Maize (white)
2016-12-01,maize,Iganga,Iganga,0.61,33.47,1300.0,Maize (white)
2017-01-01,maize,Iganga,Iganga,0.61,33.47,1250.0,Maize (white)
2017-02-01,maize,Iganga,Iganga,0.61,33.47,1275.0,Maize (white)
2017-03-01,maize,Iganga,Iganga,0.61,33.47,1313.0,Maize (white)
2017-04-01,maize,Iganga,Iganga,0.61,33.47,2175.0,Maize (white)
2017-07-01,maize,Iganga,Iganga,0.61,33.47,1025.0,Maize (white)
2017-08-01,maize,Iganga,Iganga,0.61,33.47,1088.0,Maize (white)
2017-09-01,maize,Iganga,Iganga,0.61,33.47,1000.0,Maize (white)
2017-11-01,maize,Iganga,Iganga,0.61,33.47,963.0,Maize (white)
2017-12-01,maize,Iganga,Iganga,0.61,33.47,900.0,Maize (white)
2018-01-01,maize,Iganga,Iganga,0.61,33.47,1000.0,Maize (white)
2018-02-01,maize,Iganga,Iganga,0.61,33.47,700.0,Maize (white)
2018-03-01,maize,Iganga,Iganga,0.61,33.47,800.0,Maize (white)
2018-04-01,maize,Iganga,Iganga,0.61,33.47,700.0,Maize (white)
2018-05-01,maize,Iganga,Iganga,0.61,33.47,700.0,Maize (white)
2018-06-01,maize,Iganga,Iganga,0.61,33.47,700.0,Maize (white)
2018-10-01,maize,Iganga,Iganga,0.61,33.47,575.0,Maize (white)
2018-11-01,maize,Iganga,Iganga,0.61,33.47,550.0,Maize (white)
2018-12-01,maize,Iganga,Iganga,0.61,33.47,625.0,Maize (white)
2019-02-01,maize,Iganga,Iganga,0.61,33.47,900.0,Maize (white)
2019-03-01,maize,Iganga,Iganga,0.61,33.47,1233.0,Maize (white)
2019-04-01,maize,Iganga,Iganga,0.61,33.47,1000.0,Maize (white)
2019-05-01,maize,Iganga,Iganga,0.61,33.47,1500.0,Maize (white)
2019-06-01,maize,Iganga,Iganga,0.61,33.47,1433.33,Maize (white)
2019-07-01,maize,Iganga,Iganga,0.61,33.47,1375.0,Maize (white)
2019-08-01,maize,Iganga,Iganga,0.61,33.47,1400.0,Maize (white)
2019-09-01,maize,Iganga,Iganga,0.61,33.47,1400.0,Maize (white)
2019-10-01,maize,Iganga,Iganga,0.61,33.47,1325.0,Maize (white)
2019-11-01,maize,Iganga,Iganga,0.61,33.47,1200.0,Maize (white)
2020-01-01,maize,Iganga,Iganga,0.61,33.47,1166.67,Maize (white)
2020-02-01,maize,Iganga,Iganga,0.61,33.47,950.0,Maize (white)
2020-04-01,maize,Iganga,Iganga,0.61,33.47,1050.0,Maize (white)
2020-05-01,maize,Iganga,Iganga,0.61,33.47,1100.0,Maize (white)
2020-06-01,maize,Iganga,Iganga,0.61,33.47,1200.0,Maize (white)
2020-07-01,maize,Iganga,Iganga,0.61,33.47,834.0,Maize (white)
2020-08-01,maize,Iganga,Iganga,0.61,33.47,858.0,Maize (white)
2020-09-01,maize,Iganga,Iganga,0.61,33.47,950.0,Maize (white)
2020-10-01,maize,Iganga,Iganga,0.61,33.47,1000.0,Maize (white)
2020-11-01,maize,Iganga,Iganga,0.61,33.47,900.0,Maize (white)
2020-12-01,maize,Iganga,Iganga,0.61,33.47,938.0,Maize (white)
2021-01-01,maize,Iganga,Iganga,0.61,33.47,940.0,Maize (white)
2021-04-01,maize,Iganga,Iganga,0.61,33.47,800.0,Maize (white)
2021-05-01,maize,Iganga,Iganga,0.61,33.47,1000.0,Maize (white)
2021-06-01,maize,Iganga,Iganga,0.61,33.47,1000.0,Maize (white)
2021-07-01,maize,Iganga,Iganga,0.61,33.47,900.0,Maize (white)
2022-03-01,maize,Iganga,Iganga,0.61,33.47,1150.0,Maize (white)
2022-04-01,maize,Iganga,Iganga,0.61,33.47,1500.0,Maize (white)
2022-05-01,maize,Iganga,Iganga,0.61,33.47,1500.0,Maize (white)
2022-06-01,maize,Iganga,Iganga,0.61,33.47,1800.0,Maize (white)
2022-07-01,maize,Iganga,Iganga,0.61,33.47,1650.0,Maize (white)
2022-08-01,maize,Iganga,Iganga,0.61,33.47,1617.0,Maize (white)
2022-09-01,maize,Iganga,Iganga,0.61,33.47,1880.0,Maize (white)
2022-10-01,maize,Iganga,Iganga,0.61,33.47,1800.0,Maize (white)
2022-11-01,maize,Iganga,Iganga,0.61,33.47,1840.0,Maize (white)
2022-12-01,maize,Iganga,Iganga,0.61,33.47,1820.0,Maize (white)
2023-01-01,maize,Iganga,Iganga,0.61,33.47,1025.0,Maize (white)
2023-02-01,maize,Iganga,Iganga,0.61,33.47,1225.0,Maize (white)
2023-03-01,maize,Iganga,Iganga,0.61,33.47,1560.0,Maize (white)
2023-04-01,maize,Iganga,Iganga,0.61,33.47,1625.0,Maize (white)
2023-05-01,maize,Iganga,Iganga,0.61,33.47,1800.0,Maize (white)
2023-06-01,maize,Iganga,Iganga,0.61,33.47,1840.0,Maize (white)
2023-07-01,maize,Iganga,Iganga,0.61,33.47,1175.0,Maize (white)
2023-08-01,maize,Iganga,Iganga,0.61,33.47,867.0,Maize (white)
2023-09-01,maize,Iganga,Iganga,0.61,33.47,1275.0,Maize (white)
2023-10-01,maize,Iganga,Iganga,0.61,33.47,1300.0,Maize (white)
2023-11-01,maize,Iganga,Iganga,0.61,33.47,1100.0,Maize (white)
2023-12-01,maize,Iganga,Iganga,0.61,33.47,975.0,Maize (white)
2024-01-01,maize,Iganga,Iganga,0.61,33.47,820.0,Maize (white)
2024-02-01,maize,Iganga,Iganga,0.61,33.47,900.0,Maize (white)
2024-03-01,maize,Iganga,Iganga,0.61,33.47,1100.0,Maize (white)
2024-04-01,maize,Iganga,Iganga,0.61,33.47,1025.0,Maize (white)
2024-05-01,maize,Iganga,Iganga,0.61,33.47,820.0,Maize (white)
2024-06-01,maize,Iganga,Iganga,0.61,33.47,938.0,Maize (white)
2024-07-01,maize,Iganga,Iganga,0.61,33.47,837.5,Maize (white)
2024-08-01,maize,Iganga,Iganga,0.61,33.47,906.0,Maize (white)
2024-09-01,maize,Iganga,Iganga,0.61,33.47,1050.0,Maize (white)
2024-10-01,maize,Iganga,Iganga,0.61,33.47,1375.0,Maize (white)
2024-11-01,maize,Iganga,Iganga,0.61,33.47,1440.0,Maize (white)
2024-12-01,maize,Iganga,Iganga,0.61,33.47,1525.0,Maize (white)
2025-01-01,maize,Iganga,Iganga,0.61,33.47,867.0,Maize (white)
2025-02-01,maize,Iganga,Iganga,0.61,33.47,1000.0,Maize (white)
2025-03-01,maize,Iganga,Iganga,0.61,33.47,1014.0,Maize (white)
2025-04-01,maize,Iganga,Iganga,0.61,33.47,2000.0,Maize (white)
2025-05-01,maize,Iganga,Iganga,0.61,33.47,1817.0,Maize (white)
2025-06-01,maize,Iganga,Iganga,0.61,33.47,1913.0,Maize (white)
2025-07-01,maize,Iganga,Iganga,0.61,33.47,1930.0,Maize (white)
2025-08-01,maize,Iganga,Iganga,0.61,33.47,1650.0,Maize (white)
2025-09-01,maize,Iganga,Iganga,0.61,33.47,1550.0,Maize (white)
2025-10-01,maize,Iganga,Iganga,0.61,33.47,1590.0,Maize (white)
2025-11-01,maize,Iganga,Iganga,0.61,33.47,1563.0,Maize (white)
2025-12-01,maize,Iganga,Iganga,0.61,33.47,1533.0,Maize (white)
2011-04-01,maize,Jinja,Jinja,0.42,33.2,750.0,Maize (white)
2011-05-01,maize,Jinja,Jinja,0.42,33.2,760.0,Maize (white)
2011-06-01,maize,Jinja,Jinja,0.42,33.2,1000.0,Maize (white)
2011-07-01,maize,Jinja,Jinja,0.42,33.2,1300.0,Maize (white)
2011-08-01,maize,Jinja,Jinja,0.42,33.2,683.0,Maize (white)
2011-09-01,maize,Jinja,Jinja,0.42,33.2,600.0,Maize (white)
2011-10-01,maize,Jinja,Jinja,0.42,33.2,655.0,Maize (white)
2011-11-01,maize,Jinja,Jinja,0.42,33.2,677.0,Maize (white)
2011-12-01,maize,Jinja,Jinja,0.42,33.2,637.0,Maize (white)
2012-01-01,maize,Jinja,Jinja,0.42,33.2,586.0,Maize (white)
2012-02-01,maize,Jinja,Jinja,0.42,33.2,584.0,Maize (white)
2012-03-01,maize,Jinja,Jinja,0.42,33.2,625.0,Maize (white)
2012-04-01,maize,Jinja,Jinja,0.42,33.2,813.0,Maize (white)
2012-05-01,maize,Jinja,Jinja,0.42,33.2,1121.0,Maize (white)
2012-06-01,maize,Jinja,Jinja,0.42,33.2,1000.0,Maize (white)
2012-07-01,maize,Jinja,Jinja,0.42,33.2,942.0,Maize (white)
2012-08-01,maize,Jinja,Jinja,0.42,33.2,825.0,Maize (white)
2012-09-01,maize,Jinja,Jinja,0.42,33.2,775.0,Maize (white)
2012-10-01,maize,Jinja,Jinja,0.42,33.2,608.0,Maize (white)
2012-11-01,maize,Jinja,Jinja,0.42,33.2,680.0,Maize (white)
2012-12-01,maize,Jinja,Jinja,0.42,33.2,692.0,Maize (white)
2013-01-01,maize,Jinja,Jinja,0.42,33.2,675.0,Maize (white)
2013-02-01,maize,Jinja,Jinja,0.42,33.2,715.0,Maize (white)
2013-03-01,maize,Jinja,Jinja,0.42,33.2,790.0,Maize (white)
2013-04-01,maize,Jinja,Jinja,0.42,33.2,711.8,Maize (white)
2013-05-01,maize,Jinja,Jinja,0.42,33.2,608.3,Maize (white)
2013-06-01,maize,Jinja,Jinja,0.42,33.2,790.0,Maize (white)
2013-07-01,maize,Jinja,Jinja,0.42,33.2,603.0,Maize (white)
2013-08-01,maize,Jinja,Jinja,0.42,33.2,606.25,Maize (white)
2013-09-01,maize,Jinja,Jinja,0.42,33.2,625.0,Maize (white)
2013-10-01,maize,Jinja,Jinja,0.42,33.2,772.0,Maize (white)
2013-11-01,maize,Jinja,Jinja,0.42,33.2,850.0,Maize (white)
2013-12-01,maize,Jinja,Jinja,0.42,33.2,1084.0,Maize (white)
2014-01-01,maize,Jinja,Jinja,0.42,33.2,728.0,Maize (white)
2014-02-01,maize,Jinja,Jinja,0.42,33.2,750.0,Maize (white)
2014-03-01,maize,Jinja,Jinja,0.42,33.2,700.0,Maize (white)
2014-04-01,maize,Jinja,Jinja,0.42,33.2,930.0,Maize (white)
2014-05-01,maize,Jinja,Jinja,0.42,33.2,1150.0,Maize (white)
2014-06-01,maize,Jinja,Jinja,0.42,33.2,1067.0,Maize (white)
2014-07-01,maize,Jinja,Jinja,0.42,33.2,850.0,Maize (white)
2014-08-01,maize,Jinja,Jinja,0.42,33.2,800.0,Maize (white)
2014-09-01,maize,Jinja,Jinja,0.42,33.2,600.0,Maize (white)
2014-10-01,maize,Jinja,Jinja,0.42,33.2,638.0,Maize (white)
2014-11-01,maize,Jinja,Jinja,0.42,33.2,600.0,Maize (white)
2020-09-01,maize,Jinja,Jinja,0.42,33.2,813.0,Maize (white)
2020-10-01,maize,Jinja,Jinja,0.42,33.2,773.0,Maize (white)
2020-11-01,maize,Jinja,Jinja,0.42,33.2,791.0,Maize (white)
2020-12-01,maize,Jinja,Jinja,0.42,33.2,828.0,Maize (white)
2021-01-01,maize,Jinja,Jinja,0.42,33.2,815.0,Maize (white)
2022-01-01,maize,Jinja,Jinja,0.42,33.2,1408.0,Maize (white)
2022-02-01,maize,Jinja,Jinja,0.42,33.2,1500.0,Maize (white)
2022-03-01,maize,Jinja,Jinja,0.42,33.2,1375.0,Maize (white)
2022-04-01,maize,Jinja,Jinja,0.42,33.2,1933.0,Maize (white)
2022-05-01,maize,Jinja,Jinja,0.42,33.2,2000.0,Maize (white)
2022-06-01,maize,Jinja,Jinja,0.42,33.2,2120.0,Maize (white)
2022-07-01,maize,Jinja,Jinja,0.42,33.2,2450.0,Maize (white)
2022-08-01,maize,Jinja,Jinja,0.42,33.2,2450.0,Maize (white)
2022-09-01,maize,Jinja,Jinja,0.42,33.2,2560.0,Maize (white)
2022-10-01,maize,Jinja,Jinja,0.42,33.2,2450.0,Maize (white)
2022-11-01,maize,Jinja,Jinja,0.42,33.2,2500.0,Maize (white)
2022-12-01,maize,Jinja,Jinja,0.42,33.2,2500.0,Maize (white)
2023-01-01,maize,Jinja,Jinja,0.42,33.2,2050.0,Maize (white)
2023-02-01,maize,Jinja,Jinja,0.42,33.2,2000.0,Maize (white)
2023-03-01,maize,Jinja,Jinja,0.42,33.2,2240.0,Maize (white)
2023-04-01,maize,Jinja,Jinja,0.42,33.2,2000.0,Maize (white)
2023-05-01,maize,Jinja,Jinja,0.42,33.2,2300.0,Maize (white)
2023-06-01,maize,Jinja,Jinja,0.42,33.2,2500.0,Maize (white)
2023-07-01,maize,Jinja,Jinja,0.42,33.2,2175.0,Maize (white)
2023-08-01,maize,Jinja,Jinja,0.42,33.2,2000.0,Maize (white)
2023-09-01,maize,Jinja,Jinja,0.42,33.2,2000.0,Maize (white)
2023-10-01,maize,Jinja,Jinja,0.42,33.2,2000.0,Maize (white)
2023-11-01,maize,Jinja,Jinja,0.42,33.2,1920.0,Maize (white)
2023-12-01,maize,Jinja,Jinja,0.42,33.2,1775.0,Maize (white)
2024-01-01,maize,Jinja,Jinja,0.42,33.2,2050.0,Maize (white)
2024-02-01,maize,Jinja,Jinja,0.42,33.2,1600.0,Maize (white)
2024-03-01,maize,Jinja,Jinja,0.42,33.2,1625.0,Maize (white)
2024-04-01,maize,Jinja,Jinja,0.42,33.2,1625.0,Maize (white)
2024-05-01,maize,Jinja,Jinja,0.42,33.2,1800.0,Maize (white)
2024-06-01,maize,Jinja,Jinja,0.42,33.2,1500.0,Maize (white)
2024-07-01,maize,Jinja,Jinja,0.42,33.2,1775.0,Maize (white)
2024-08-01,maize,Jinja,Jinja,0.42,33.2,1700.0,Maize (white)
2024-09-01,maize,Jinja,Jinja,0.42,33.2,1500.0,Maize (white)
2024-10-01,maize,Jinja,Jinja,0.42,33.2,1525.0,Maize (white)
2024-11-01,maize,Jinja,Jinja,0.42,33.2,1500.0,Maize (white)
2024-12-01,maize,Jinja,Jinja,0.42,33.2,1750.0,Maize (white)
2025-01-01,maize,Jinja,Jinja,0.42,33.2,2000.0,Maize (white)
2025-02-01,maize,Jinja,Jinja,0.42,33.2,2000.0,Maize (white)
2025-03-01,maize,Jinja,Jinja,0.42,33.2,2029.0,Maize (white)
2025-04-01,maize,Jinja,Jinja,0.42,33.2,2092.0,Maize (white)
2025-05-01,maize,Jinja,Jinja,0.42,33.2,2000.0,Maize (white)
2025-06-01,maize,Jinja,Jinja,0.42,33.2,2000.0,Maize (white)
2025-07-01,maize,Jinja,Jinja,0.42,33.2,2000.0,Maize (white)
2025-08-01,maize,Jinja,Jinja,0.42,33.2,1788.0,Maize (white)
2025-09-01,maize,Jinja,Jinja,0.42,33.2,1900.0,Maize (white)
2025-10-01,maize,Jinja,Jinja,0.42,33.2,1940.0,Maize (white)
2025-11-01,maize,Jinja,Jinja,0.42,33.2,1838.0,Maize (white)
2025-12-01,maize,Jinja,Jinja,0.42,33.2,1863.0,Maize (white)
2018-10-01,maize,Kaabong,Kaabong,3.54,34.12,606.0,Maize (white)
2018-11-01,maize,Kaabong,Kaabong,3.54,34.12,675.0,Maize (white)
2018-12-01,maize,Kaabong,Kaabong,3.54,34.12,722.0,Maize (white)
2019-01-01,maize,Kaabong,Kaabong,3.54,34.12,855.0,Maize (white)
2019-02-01,maize,Kaabong,Kaabong,3.54,34.12,878.0,Maize (white)
2019-03-01,maize,Kaabong,Kaabong,3.54,34.12,1068.0,Maize (white)
2019-04-01,maize,Kaabong,Kaabong,3.54,34.12,1168.75,Maize (white)
2019-05-01,maize,Kaabong,Kaabong,3.54,34.12,1351.0,Maize (white)
2019-06-01,maize,Kaabong,Kaabong,3.54,34.12,1531.0,Maize (white)
2019-07-01,maize,Kaabong,Kaabong,3.54,34.12,1486.0,Maize (white)
2019-08-01,maize,Kaabong,Kaabong,3.54,34.12,1249.75,Maize (white)
2019-09-01,maize,Kaabong,Kaabong,3.54,34.12,1150.0,Maize (white)
2019-10-01,maize,Kaabong,Kaabong,3.54,34.12,1125.0,Maize (white)
2019-11-01,maize,Kaabong,Kaabong,3.54,34.12,1100.0,Maize (white)
2019-12-01,maize,Kaabong,Kaabong,3.54,34.12,1000.0,Maize (white)
2020-01-01,maize,Kaabong,Kaabong,3.54,34.12,1000.0,Maize (white)
2020-02-01,maize,Kaabong,Kaabong,3.54,34.12,825.0,Maize (white)
2020-04-01,maize,Kaabong,Kaabong,3.54,34.12,1000.0,Maize (white)
2020-05-01,maize,Kaabong,Kaabong,3.54,34.12,1500.0,Maize (white)
2020-06-01,maize,Kaabong,Kaabong,3.54,34.12,1350.0,Maize (white)
2020-07-01,maize,Kaabong,Kaabong,3.54,34.12,1000.0,Maize (white)
2020-08-01,maize,Kaabong,Kaabong,3.54,34.12,1100.0,Maize (white)
2020-09-01,maize,Kaabong,Kaabong,3.54,34.12,988.0,Maize (white)
2020-10-01,maize,Kaabong,Kaabong,3.54,34.12,835.0,Maize (white)
2020-11-01,maize,Kaabong,Kaabong,3.54,34.12,758.0,Maize (white)
2020-12-01,maize,Kaabong,Kaabong,3.54,34.12,996.0,Maize (white)
2021-01-01,maize,Kaabong,Kaabong,3.54,34.12,902.0,Maize (white)
2021-03-01,maize,Kaabong,Kaabong,3.54,34.12,865.0,Maize (white)
2021-04-01,maize,Kaabong,Kaabong,3.54,34.12,800.0,Maize (white)
2021-05-01,maize,Kaabong,Kaabong,3.54,34.12,738.0,Maize (white)
2021-06-01,maize,Kaabong,Kaabong,3.54,34.12,1069.0,Maize (white)
2021-07-01,maize,Kaabong,Kaabong,3.54,34.12,1058.0,Maize (white)
2021-08-01,maize,Kaabong,Kaabong,3.54,34.12,1071.0,Maize (white)
2021-09-01,maize,Kaabong,Kaabong,3.54,34.12,1286.0,Maize (white)
2021-10-01,maize,Kaabong,Kaabong,3.54,34.12,1142.0,Maize (white)
2021-11-01,maize,Kaabong,Kaabong,3.54,34.12,1042.0,Maize (white)
2021-12-01,maize,Kaabong,Kaabong,3.54,34.12,1142.0,Maize (white)
2022-01-01,maize,Kaabong,Kaabong,3.54,34.12,1161.0,Maize (white)
2022-04-01,maize,Kaabong,Kaabong,3.54,34.12,1753.0,Maize (white)
2022-05-01,maize,Kaabong,Kaabong,3.54,34.12,1714.0,Maize (white)
2022-06-01,maize,Kaabong,Kaabong,3.54,34.12,2393.0,Maize (white)
2022-07-01,maize,Kaabong,Kaabong,3.54,34.12,2521.5,Maize (white)
2022-08-01,maize,Kaabong,Kaabong,3.54,34.12,1950.0,Maize (white)
2022-09-01,maize,Kaabong,Kaabong,3.54,34.12,1950.0,Maize (white)
2022-10-01,maize,Kaabong,Kaabong,3.54,34.12,1529.0,Maize (white)
2022-11-01,maize,Kaabong,Kaabong,3.54,34.12,1299.0,Maize (white)
2022-12-01,maize,Kaabong,Kaabong,3.54,34.12,1575.0,Maize (white)
2023-01-01,maize,Kaabong,Kaabong,3.54,34.12,1440.0,Maize (white)
2023-02-01,maize,Kaabong,Kaabong,3.54,34.12,1750.0,Maize (white)
2023-03-01,maize,Kaabong,Kaabong,3.54,34.12,2287.5,Maize (white)
2023-04-01,maize,Kaabong,Kaabong,3.54,34.12,1950.0,Maize (white)
2023-05-01,maize,Kaabong,Kaabong,3.54,34.12,1987.5,Maize (white)
2023-06-01,maize,Kaabong,Kaabong,3.54,34.12,2210.0,Maize (white)
2023-07-01,maize,Kaabong,Kaabong,3.54,34.12,1800.0,Maize (white)
2023-08-01,maize,Kaabong,Kaabong,3.54,34.12,1463.0,Maize (white)
2023-09-01,maize,Kaabong,Kaabong,3.54,34.12,1138.0,Maize (white)
2023-10-01,maize,Kaabong,Kaabong,3.54,34.12,1440.0,Maize (white)
2023-11-01,maize,Kaabong,Kaabong,3.54,34.12,1233.0,Maize (white)
2023-12-01,maize,Kaabong,Kaabong,3.54,34.12,1060.0,Maize (white)
2024-01-01,maize,Kaabong,Kaabong,3.54,34.12,1150.0,Maize (white)
2024-02-01,maize,Kaabong,Kaabong,3.54,34.12,920.0,Maize (white)
2024-03-01,maize,Kaabong,Kaabong,3.54,34.12,938.0,Maize (white)
2024-04-01,maize,Kaabong,Kaabong,3.54,34.12,1200.0,Maize (white)
2024-05-01,maize,Kaabong,Kaabong,3.54,34.12,1200.0,Maize (white)
2024-06-01,maize,Kaabong,Kaabong,3.54,34.12,955.0,Maize (white)
2024-07-01,maize,Kaabong,Kaabong,3.54,34.12,1025.0,Maize (white)
2024-08-01,maize,Kaabong,Kaabong,3.54,34.12,1063.0,Maize (white)
2024-09-01,maize,Kaabong,Kaabong,3.54,34.12,1063.0,Maize (white)
2024-10-01,maize,Kaabong,Kaabong,3.54,34.12,1000.0,Maize (white)
2024-11-01,maize,Kaabong,Kaabong,3.54,34.12,1050.0,Maize (white)
2024-12-01,maize,Kaabong,Kaabong,3.54,34.12,1325.0,Maize (white)
2025-01-01,maize,Kaabong,Kaabong,3.54,34.12,1310.0,Maize (white)
2025-02-01,maize,Kaabong,Kaabong,3.54,34.12,1337.5,Maize (white)
2025-03-01,maize,Kaabong,Kaabong,3.54,34.12,1538.0,Maize (white)
2025-04-01,maize,Kaabong,Kaabong,3.54,34.12,1806.0,Maize (white)
2025-05-01,maize,Kaabong,Kaabong,3.54,34.12,2031.0,Maize (white)
2025-06-01,maize,Kaabong,Kaabong,3.54,34.12,1925.0,Maize (white)
2025-07-01,maize,Kaabong,Kaabong,3.54,34.12,1765.0,Maize (white)
2025-08-01,maize,Kaabong,Kaabong,3.54,34.12,1706.0,Maize (white)
2025-09-01,maize,Kaabong,Kaabong,3.54,34.12,1075.0,Maize (white)
2025-10-01,maize,Kaabong,Kaabong,3.54,34.12,1110.0,Maize (white)
2025-11-01,maize,Kaabong,Kaabong,3.54,34.12,1156.0,Maize (white)
2025-12-01,maize,Kaabong,Kaabong,3.54,34.12,1250.0,Maize (white)
2026-01-01,maize,Kaabong,Kaabong,3.54,34.12,1232.0,Maize (white)
2011-04-01,maize,Kapchorwa,Kween,1.38,34.52,900.0,Maize (white)
2011-07-01,maize,Kapchorwa,Kween,1.38,34.52,1100.0,Maize (white)
2011-08-01,maize,Kapchorwa,Kween,1.38,34.52,834.0,Maize (white)
2013-04-01,maize,Kapchorwa,Kween,1.38,34.52,900.0,Maize (white)
2013-05-01,maize,Kapchorwa,Kween,1.38,34.52,900.0,Maize (white)
2013-06-01,maize,Kapchorwa,Kween,1.38,34.52,900.0,Maize (white)
2013-07-01,maize,Kapchorwa,Kween,1.38,34.52,900.0,Maize (white)
2013-08-01,maize,Kapchorwa,Kween,1.38,34.52,800.0,Maize (white)
2013-09-01,maize,Kapchorwa,Kween,1.38,34.52,800.0,Maize (white)
2013-10-01,maize,Kapchorwa,Kween,1.38,34.52,800.0,Maize (white)
2014-03-01,maize,Kapchorwa,Kween,1.38,34.52,900.0,Maize (white)
2014-04-01,maize,Kapchorwa,Kween,1.38,34.52,940.0,Maize (white)
2014-05-01,maize,Kapchorwa,Kween,1.38,34.52,1000.0,Maize (white)
2014-06-01,maize,Kapchorwa,Kween,1.38,34.52,1000.0,Maize (white)
2014-07-01,maize,Kapchorwa,Kween,1.38,34.52,1000.0,Maize (white)
2014-11-01,maize,Kapchorwa,Kween,1.38,34.52,600.0,Maize (white)
2015-01-01,maize,Kapchorwa,Kween,1.38,34.52,700.0,Maize (white)
2015-02-01,maize,Kapchorwa,Kween,1.38,34.52,700.0,Maize (white)
2015-03-01,maize,Kapchorwa,Kween,1.38,34.52,700.0,Maize (white)
2015-04-01,maize,Kapchorwa,Kween,1.38,34.52,933.0,Maize (white)
2015-05-01,maize,Kapchorwa,Kween,1.38,34.52,900.0,Maize (white)
2015-06-01,maize,Kapchorwa,Kween,1.38,34.52,933.0,Maize (white)
2015-07-01,maize,Kapchorwa,Kween,1.38,34.52,1125.0,Maize (white)
2015-08-01,maize,Kapchorwa,Kween,1.38,34.52,975.0,Maize (white)
2015-09-01,maize,Kapchorwa,Kween,1.38,34.52,800.0,Maize (white)
2015-10-01,maize,Kapchorwa,Kween,1.38,34.52,800.0,Maize (white)
2015-11-01,maize,Kapchorwa,Kween,1.38,34.52,900.0,Maize (white)
2015-12-01,maize,Kapchorwa,Kween,1.38,34.52,900.0,Maize (white)
2016-01-01,maize,Kapchorwa,Kween,1.38,34.52,875.0,Maize (white)
2016-02-01,maize,Kapchorwa,Kween,1.38,34.52,900.0,Maize (white)
2016-08-01,maize,Kapchorwa,Kween,1.38,34.52,975.0,Maize (white)
2016-09-01,maize,Kapchorwa,Kween,1.38,34.52,975.0,Maize (white)
2016-10-01,maize,Kapchorwa,Kween,1.38,34.52,1000.0,Maize (white)
2016-11-01,maize,Kapchorwa,Kween,1.38,34.52,1100.0,Maize (white)
2016-12-01,maize,Kapchorwa,Kween,1.38,34.52,1200.0,Maize (white)
2017-01-01,maize,Kapchorwa,Kween,1.38,34.52,1333.0,Maize (white)
2017-02-01,maize,Kapchorwa,Kween,1.38,34.52,1300.0,Maize (white)
2017-03-01,maize,Kapchorwa,Kween,1.38,34.52,1433.0,Maize (white)
2017-05-01,maize,Kapchorwa,Kween,1.38,34.52,1833.0,Maize (white)
2017-07-01,maize,Kapchorwa,Kween,1.38,34.52,1167.0,Maize (white)
2017-08-01,maize,Kapchorwa,Kween,1.38,34.52,925.0,Maize (white)
2017-09-01,maize,Kapchorwa,Kween,1.38,34.52,1000.0,Maize (white)
2017-11-01,maize,Kapchorwa,Kween,1.38,34.52,850.0,Maize (white)
2017-12-01,maize,Kapchorwa,Kween,1.38,34.52,1000.0,Maize (white)
2018-01-01,maize,Kapchorwa,Kween,1.38,34.52,1200.0,Maize (white)
2018-02-01,maize,Kapchorwa,Kween,1.38,34.52,1000.0,Maize (white)
2018-03-01,maize,Kapchorwa,Kween,1.38,34.52,1000.0,Maize (white)
2018-04-01,maize,Kapchorwa,Kween,1.38,34.52,900.0,Maize (white)
2018-05-01,maize,Kapchorwa,Kween,1.38,34.52,1000.0,Maize (white)
2018-06-01,maize,Kapchorwa,Kween,1.38,34.52,800.0,Maize (white)
2018-10-01,maize,Kapchorwa,Kween,1.38,34.52,567.0,Maize (white)
2018-11-01,maize,Kapchorwa,Kween,1.38,34.52,563.0,Maize (white)
2018-12-01,maize,Kapchorwa,Kween,1.38,34.52,500.0,Maize (white)
2019-02-01,maize,Kapchorwa,Kween,1.38,34.52,966.0,Maize (white)
2019-03-01,maize,Kapchorwa,Kween,1.38,34.52,967.0,Maize (white)
2019-04-01,maize,Kapchorwa,Kween,1.38,34.52,950.0,Maize (white)
2019-05-01,maize,Kapchorwa,Kween,1.38,34.52,1500.0,Maize (white)
2019-06-01,maize,Kapchorwa,Kween,1.38,34.52,1433.33,Maize (white)
2019-07-01,maize,Kapchorwa,Kween,1.38,34.52,1375.0,Maize (white)
2019-08-01,maize,Kapchorwa,Kween,1.38,34.52,1300.0,Maize (white)
2019-09-01,maize,Kapchorwa,Kween,1.38,34.52,1189.0,Maize (white)
2019-10-01,maize,Kapchorwa,Kween,1.38,34.52,1050.0,Maize (white)
2019-11-01,maize,Kapchorwa,Kween,1.38,34.52,1200.0,Maize (white)
2019-12-01,maize,Kapchorwa,Kween,1.38,34.52,1200.0,Maize (white)
2020-01-01,maize,Kapchorwa,Kween,1.38,34.52,1200.0,Maize (white)
2020-02-01,maize,Kapchorwa,Kween,1.38,34.52,1050.0,Maize (white)
2020-04-01,maize,Kapchorwa,Kween,1.38,34.52,1062.5,Maize (white)
2020-05-01,maize,Kapchorwa,Kween,1.38,34.52,975.0,Maize (white)
2020-07-01,maize,Kapchorwa,Kween,1.38,34.52,1118.0,Maize (white)
2020-08-01,maize,Kapchorwa,Kween,1.38,34.52,888.0,Maize (white)
2020-09-01,maize,Kapchorwa,Kween,1.38,34.52,811.0,Maize (white)
2020-10-01,maize,Kapchorwa,Kween,1.38,34.52,754.0,Maize (white)
2020-11-01,maize,Kapchorwa,Kween,1.38,34.52,600.0,Maize (white)
2020-12-01,maize,Kapchorwa,Kween,1.38,34.52,744.0,Maize (white)
2021-01-01,maize,Kapchorwa,Kween,1.38,34.52,750.0,Maize (white)
2021-04-01,maize,Kapchorwa,Kween,1.38,34.52,700.0,Maize (white)
2021-05-01,maize,Kapchorwa,Kween,1.38,34.52,800.0,Maize (white)
2021-06-01,maize,Kapchorwa,Kween,1.38,34.52,1100.0,Maize (white)
2021-07-01,maize,Kapchorwa,Kween,1.38,34.52,1025.0,Maize (white)
2021-08-01,maize,Kapchorwa,Kween,1.38,34.52,1144.0,Maize (white)
2021-09-01,maize,Kapchorwa,Kween,1.38,34.52,1034.0,Maize (white)
2021-10-01,maize,Kapchorwa,Kween,1.38,34.52,1000.0,Maize (white)
2021-11-01,maize,Kapchorwa,Kween,1.38,34.52,1092.0,Maize (white)
2021-12-01,maize,Kapchorwa,Kween,1.38,34.52,1108.0,Maize (white)
2022-01-01,maize,Kapchorwa,Kween,1.38,34.52,1396.0,Maize (white)
2022-03-01,maize,Kapchorwa,Kween,1.38,34.52,1200.0,Maize (white)
2022-04-01,maize,Kapchorwa,Kween,1.38,34.52,1483.0,Maize (white)
2022-05-01,maize,Kapchorwa,Kween,1.38,34.52,1617.0,Maize (white)
2022-06-01,maize,Kapchorwa,Kween,1.38,34.52,2000.0,Maize (white)
2022-07-01,maize,Kapchorwa,Kween,1.38,34.52,2325.0,Maize (white)
2022-08-01,maize,Kapchorwa,Kween,1.38,34.52,1800.0,Maize (white)
2022-09-01,maize,Kapchorwa,Kween,1.38,34.52,1800.0,Maize (white)
2022-10-01,maize,Kapchorwa,Kween,1.38,34.52,1780.0,Maize (white)
2022-11-01,maize,Kapchorwa,Kween,1.38,34.52,1820.0,Maize (white)
2022-12-01,maize,Kapchorwa,Kween,1.38,34.52,1800.0,Maize (white)
2023-01-01,maize,Kapchorwa,Kween,1.38,34.52,1540.0,Maize (white)
2023-02-01,maize,Kapchorwa,Kween,1.38,34.52,1600.0,Maize (white)
2023-03-01,maize,Kapchorwa,Kween,1.38,34.52,1800.0,Maize (white)
2023-04-01,maize,Kapchorwa,Kween,1.38,34.52,1900.0,Maize (white)
2023-05-01,maize,Kapchorwa,Kween,1.38,34.52,1925.0,Maize (white)
2023-06-01,maize,Kapchorwa,Kween,1.38,34.52,2000.0,Maize (white)
2023-07-01,maize,Kapchorwa,Kween,1.38,34.52,1625.0,Maize (white)
2023-08-01,maize,Kapchorwa,Kween,1.38,34.52,1360.0,Maize (white)
2023-09-01,maize,Kapchorwa,Kween,1.38,34.52,1200.0,Maize (white)
2023-10-01,maize,Kapchorwa,Kween,1.38,34.52,1175.0,Maize (white)
2023-11-01,maize,Kapchorwa,Kween,1.38,34.52,1040.0,Maize (white)
2023-12-01,maize,Kapchorwa,Kween,1.38,34.52,1000.0,Maize (white)
2024-01-01,maize,Kapchorwa,Kween,1.38,34.52,1000.0,Maize (white)
2024-02-01,maize,Kapchorwa,Kween,1.38,34.52,1000.0,Maize (white)
2024-03-01,maize,Kapchorwa,Kween,1.38,34.52,1000.0,Maize (white)
2024-04-01,maize,Kapchorwa,Kween,1.38,34.52,1000.0,Maize (white)
2024-05-01,maize,Kapchorwa,Kween,1.38,34.52,1000.0,Maize (white)
2024-06-01,maize,Kapchorwa,Kween,1.38,34.52,983.0,Maize (white)
2024-07-01,maize,Kapchorwa,Kween,1.38,34.52,1040.0,Maize (white)
2024-08-01,maize,Kapchorwa,Kween,1.38,34.52,1111.0,Maize (white)
2024-09-01,maize,Kapchorwa,Kween,1.38,34.52,1200.0,Maize (white)
2024-10-01,maize,Kapchorwa,Kween,1.38,34.52,1200.0,Maize (white)
2024-11-01,maize,Kapchorwa,Kween,1.38,34.52,1275.0,Maize (white)
2024-12-01,maize,Kapchorwa,Kween,1.38,34.52,1300.0,Maize (white)
2025-01-01,maize,Kapchorwa,Kween,1.38,34.52,1300.0,Maize (white)
2025-02-01,maize,Kapchorwa,Kween,1.38,34.52,1292.0,Maize (white)
2025-03-01,maize,Kapchorwa,Kween,1.38,34.52,1310.0,Maize (white)
2025-04-01,maize,Kapchorwa,Kween,1.38,34.52,1600.0,Maize (white)
2025-05-01,maize,Kapchorwa,Kween,1.38,34.52,1700.0,Maize (white)
2025-06-01,maize,Kapchorwa,Kween,1.38,34.52,1800.0,Maize (white)
2025-07-01,maize,Kapchorwa,Kween,1.38,34.52,1680.0,Maize (white)
2025-08-01,maize,Kapchorwa,Kween,1.38,34.52,1200.0,Maize (white)
2025-09-01,maize,Kapchorwa,Kween,1.38,34.52,1200.0,Maize (white)
2025-10-01,maize,Kapchorwa,Kween,1.38,34.52,1150.0,Maize (white)
2025-11-01,maize,Kapchorwa,Kween,1.38,34.52,1000.0,Maize (white)
2025-12-01,maize,Kapchorwa,Kween,1.38,34.52,1000.0,Maize (white)
2022-09-01,maize,Karenga,Kaabong,3.57,33.7,850.0,Maize (white)
2022-10-01,maize,Karenga,Kaabong,3.57,33.7,958.0,Maize (white)
2022-11-01,maize,Karenga,Kaabong,3.57,33.7,1250.0,Maize (white)
2022-12-01,maize,Karenga,Kaabong,3.57,33.7,1250.0,Maize (white)
2023-01-01,maize,Karenga,Kaabong,3.57,33.7,1045.45,Maize (white)
2023-02-01,maize,Karenga,Kaabong,3.57,33.7,1050.0,Maize (white)
2023-03-01,maize,Karenga,Kaabong,3.57,33.7,1218.8,Maize (white)
2023-04-01,maize,Karenga,Kaabong,3.57,33.7,1250.0,Maize (white)
2023-06-01,maize,Karenga,Kaabong,3.57,33.7,1643.0,Maize (white)
2023-07-01,maize,Karenga,Kaabong,3.57,33.7,1500.0,Maize (white)
2023-08-01,maize,Karenga,Kaabong,3.57,33.7,1393.0,Maize (white)
2023-09-01,maize,Karenga,Kaabong,3.57,33.7,1500.0,Maize (white)
2023-10-01,maize,Karenga,Kaabong,3.57,33.7,1250.0,Maize (white)
2023-11-01,maize,Karenga,Kaabong,3.57,33.7,1250.0,Maize (white)
2023-12-01,maize,Karenga,Kaabong,3.57,33.7,1389.0,Maize (white)
2024-01-01,maize,Karenga,Kaabong,3.57,33.7,1344.0,Maize (white)
2024-02-01,maize,Karenga,Kaabong,3.57,33.7,1321.0,Maize (white)
2024-03-01,maize,Karenga,Kaabong,3.57,33.7,1375.0,Maize (white)
2024-04-01,maize,Karenga,Kaabong,3.57,33.7,1389.0,Maize (white)
2024-05-01,maize,Karenga,Kaabong,3.57,33.7,1450.0,Maize (white)
2024-06-01,maize,Karenga,Kaabong,3.57,33.7,1214.0,Maize (white)
2024-07-01,maize,Karenga,Kaabong,3.57,33.7,1242.0,Maize (white)
2024-08-01,maize,Karenga,Kaabong,3.57,33.7,1225.0,Maize (white)
2024-09-01,maize,Karenga,Kaabong,3.57,33.7,1000.0,Maize (white)
2024-10-01,maize,Karenga,Kaabong,3.57,33.7,769.0,Maize (white)
2024-11-01,maize,Karenga,Kaabong,3.57,33.7,750.0,Maize (white)
2024-12-01,maize,Karenga,Kaabong,3.57,33.7,786.0,Maize (white)
2025-01-01,maize,Karenga,Kaabong,3.57,33.7,917.0,Maize (white)
2025-02-01,maize,Karenga,Kaabong,3.57,33.7,1250.0,Maize (white)
2025-03-01,maize,Karenga,Kaabong,3.57,33.7,1406.0,Maize (white)
2025-04-01,maize,Karenga,Kaabong,3.57,33.7,1300.0,Maize (white)
2025-05-01,maize,Karenga,Kaabong,3.57,33.7,1309.0,Maize (white)
2025-06-01,maize,Karenga,Kaabong,3.57,33.7,1804.0,Maize (white)
2025-07-01,maize,Karenga,Kaabong,3.57,33.7,2100.0,Maize (white)
2025-08-01,maize,Karenga,Kaabong,3.57,33.7,1708.0,Maize (white)
2025-09-01,maize,Karenga,Kaabong,3.57,33.7,914.0,Maize (white)
2025-10-01,maize,Karenga,Kaabong,3.57,33.7,779.0,Maize (white)
2025-11-01,maize,Karenga,Kaabong,3.57,33.7,936.0,Maize (white)
2025-12-01,maize,Karenga,Kaabong,3.57,33.7,990.0,Maize (white)
2026-01-01,maize,Karenga,Kaabong,3.57,33.7,985.0,Maize (white)
2018-10-01,maize,Karita,Amudat,1.54,34.83,500.0,Maize (white)
2018-11-01,maize,Karita,Amudat,1.54,34.83,500.0,Maize (white)
2018-12-01,maize,Karita,Amudat,1.54,34.83,500.0,Maize (white)
2019-01-01,maize,Karita,Amudat,1.54,34.83,800.0,Maize (white)
2019-02-01,maize,Karita,Amudat,1.54,34.83,938.0,Maize (white)
2019-04-01,maize,Karita,Amudat,1.54,34.83,1000.0,Maize (white)
2019-05-01,maize,Karita,Amudat,1.54,34.83,1000.0,Maize (white)
2019-06-01,maize,Karita,Amudat,1.54,34.83,1000.0,Maize (white)
2019-07-01,maize,Karita,Amudat,1.54,34.83,1000.0,Maize (white)
2019-08-01,maize,Karita,Amudat,1.54,34.83,1200.0,Maize (white)
2019-09-01,maize,Karita,Amudat,1.54,34.83,1100.0,Maize (white)
2019-10-01,maize,Karita,Amudat,1.54,34.83,1025.0,Maize (white)
2019-11-01,maize,Karita,Amudat,1.54,34.83,1000.0,Maize (white)
2020-01-01,maize,Karita,Amudat,1.54,34.83,1100.0,Maize (white)
2020-02-01,maize,Karita,Amudat,1.54,34.83,1000.0,Maize (white)
2020-04-01,maize,Karita,Amudat,1.54,34.83,1200.0,Maize (white)
2020-05-01,maize,Karita,Amudat,1.54,34.83,1212.5,Maize (white)
2020-06-01,maize,Karita,Amudat,1.54,34.83,1000.0,Maize (white)
2020-07-01,maize,Karita,Amudat,1.54,34.83,1000.0,Maize (white)
2021-11-01,maize,Karita,Amudat,1.54,34.83,1264.0,Maize (white)
2021-12-01,maize,Karita,Amudat,1.54,34.83,981.0,Maize (white)
2022-01-01,maize,Karita,Amudat,1.54,34.83,967.0,Maize (white)
2022-04-01,maize,Karita,Amudat,1.54,34.83,1707.0,Maize (white)
2022-08-01,maize,Karita,Amudat,1.54,34.83,2500.0,Maize (white)
2022-09-01,maize,Karita,Amudat,1.54,34.83,2275.0,Maize (white)
2022-10-01,maize,Karita,Amudat,1.54,34.83,1740.0,Maize (white)
2022-11-01,maize,Karita,Amudat,1.54,34.83,1867.0,Maize (white)
2022-12-01,maize,Karita,Amudat,1.54,34.83,1925.0,Maize (white)
2023-01-01,maize,Karita,Amudat,1.54,34.83,2000.0,Maize (white)
2023-02-01,maize,Karita,Amudat,1.54,34.83,2000.0,Maize (white)
2023-03-01,maize,Karita,Amudat,1.54,34.83,1880.0,Maize (white)
2023-04-01,maize,Karita,Amudat,1.54,34.83,2050.0,Maize (white)
2023-05-01,maize,Karita,Amudat,1.54,34.83,2000.0,Maize (white)
2023-06-01,maize,Karita,Amudat,1.54,34.83,2250.0,Maize (white)
2023-07-01,maize,Karita,Amudat,1.54,34.83,2125.0,Maize (white)
2023-08-01,maize,Karita,Amudat,1.54,34.83,2100.0,Maize (white)
2023-09-01,maize,Karita,Amudat,1.54,34.83,1800.0,Maize (white)
2023-10-01,maize,Karita,Amudat,1.54,34.83,1625.0,Maize (white)
2023-11-01,maize,Karita,Amudat,1.54,34.83,1525.0,Maize (white)
2023-12-01,maize,Karita,Amudat,1.54,34.83,1633.0,Maize (white)
2024-01-01,maize,Karita,Amudat,1.54,34.83,1317.0,Maize (white)
2024-02-01,maize,Karita,Amudat,1.54,34.83,1200.0,Maize (white)
2024-03-01,maize,Karita,Amudat,1.54,34.83,1360.0,Maize (white)
2024-04-01,maize,Karita,Amudat,1.54,34.83,1300.0,Maize (white)
2024-05-01,maize,Karita,Amudat,1.54,34.83,1350.0,Maize (white)
2024-06-01,maize,Karita,Amudat,1.54,34.83,1175.0,Maize (white)
2024-07-01,maize,Karita,Amudat,1.54,34.83,1200.0,Maize (white)
2024-08-01,maize,Karita,Amudat,1.54,34.83,1200.0,Maize (white)
2024-09-01,maize,Karita,Amudat,1.54,34.83,1300.0,Maize (white)
2024-10-01,maize,Karita,Amudat,1.54,34.83,1200.0,Maize (white)
2024-11-01,maize,Karita,Amudat,1.54,34.83,1233.0,Maize (white)
2024-12-01,maize,Karita,Amudat,1.54,34.83,1250.0,Maize (white)
2025-01-01,maize,Karita,Amudat,1.54,34.83,1308.0,Maize (white)
2025-02-01,maize,Karita,Amudat,1.54,34.83,1220.0,Maize (white)
2025-03-01,maize,Karita,Amudat,1.54,34.83,1350.0,Maize (white)
2025-04-01,maize,Karita,Amudat,1.54,34.83,1508.0,Maize (white)
2025-05-01,maize,Karita,Amudat,1.54,34.83,1769.0,Maize (white)
2025-06-01,maize,Karita,Amudat,1.54,34.83,1920.0,Maize (white)
2025-07-01,maize,Karita,Amudat,1.54,34.83,2000.0,Maize (white)
2025-08-01,maize,Karita,Amudat,1.54,34.83,1818.0,Maize (white)
2025-09-01,maize,Karita,Amudat,1.54,34.83,1263.0,Maize (white)
2025-10-01,maize,Karita,Amudat,1.54,34.83,1075.0,Maize (white)
2026-01-01,maize,Karita,Amudat,1.54,34.83,1055.0,Maize (white)
2021-08-01,maize,Kasese,Kasese,0.17,30.07,1000.0,Maize (white)
2021-09-01,maize,Kasese,Kasese,0.17,30.07,1000.0,Maize (white)
2021-10-01,maize,Kasese,Kasese,0.17,30.07,1257.0,Maize (white)
2021-11-01,maize,Kasese,Kasese,0.17,30.07,1300.0,Maize (white)
2021-12-01,maize,Kasese,Kasese,0.17,30.07,1400.0,Maize (white)
2022-03-01,maize,Kasese,Kasese,0.17,30.07,1320.0,Maize (white)
2022-04-01,maize,Kasese,Kasese,0.17,30.07,1560.0,Maize (white)
2022-05-01,maize,Kasese,Kasese,0.17,30.07,1667.0,Maize (white)
2022-06-01,maize,Kasese,Kasese,0.17,30.07,1767.0,Maize (white)
2022-07-01,maize,Kasese,Kasese,0.17,30.07,1800.0,Maize (white)
2022-08-01,maize,Kasese,Kasese,0.17,30.07,1833.0,Maize (white)
2022-09-01,maize,Kasese,Kasese,0.17,30.07,1960.0,Maize (white)
2022-10-01,maize,Kasese,Kasese,0.17,30.07,2000.0,Maize (white)
2022-11-01,maize,Kasese,Kasese,0.17,30.07,1960.0,Maize (white)
2022-12-01,maize,Kasese,Kasese,0.17,30.07,1720.0,Maize (white)
2023-01-01,maize,Kasese,Kasese,0.17,30.07,1925.0,Maize (white)
2023-02-01,maize,Kasese,Kasese,0.17,30.07,1925.0,Maize (white)
2023-03-01,maize,Kasese,Kasese,0.17,30.07,2060.0,Maize (white)
2023-04-01,maize,Kasese,Kasese,0.17,30.07,2200.0,Maize (white)
2023-06-01,maize,Kasese,Kasese,0.17,30.07,1920.0,Maize (white)
2023-07-01,maize,Kasese,Kasese,0.17,30.07,1500.0,Maize (white)
2023-08-01,maize,Kasese,Kasese,0.17,30.07,1500.0,Maize (white)
2023-09-01,maize,Kasese,Kasese,0.17,30.07,1775.0,Maize (white)
2023-10-01,maize,Kasese,Kasese,0.17,30.07,1700.0,Maize (white)
2023-11-01,maize,Kasese,Kasese,0.17,30.07,1540.0,Maize (white)
2023-12-01,maize,Kasese,Kasese,0.17,30.07,1575.0,Maize (white)
2024-01-01,maize,Kasese,Kasese,0.17,30.07,1425.0,Maize (white)
2024-02-01,maize,Kasese,Kasese,0.17,30.07,1000.0,Maize (white)
2024-03-01,maize,Kasese,Kasese,0.17,30.07,1550.0,Maize (white)
2024-04-01,maize,Kasese,Kasese,0.17,30.07,1525.0,Maize (white)
2024-05-01,maize,Kasese,Kasese,0.17,30.07,1300.0,Maize (white)
2024-06-01,maize,Kasese,Kasese,0.17,30.07,1275.0,Maize (white)
2024-07-01,maize,Kasese,Kasese,0.17,30.07,1200.0,Maize (white)
2024-08-01,maize,Kasese,Kasese,0.17,30.07,1233.0,Maize (white)
2024-09-01,maize,Kasese,Kasese,0.17,30.07,1300.0,Maize (white)
2024-10-01,maize,Kasese,Kasese,0.17,30.07,1420.0,Maize (white)
2024-11-01,maize,Kasese,Kasese,0.17,30.07,1500.0,Maize (white)
2024-12-01,maize,Kasese,Kasese,0.17,30.07,1500.0,Maize (white)
2025-01-01,maize,Kasese,Kasese,0.17,30.07,1500.0,Maize (white)
2025-02-01,maize,Kasese,Kasese,0.17,30.07,1500.0,Maize (white)
2025-03-01,maize,Kasese,Kasese,0.17,30.07,1522.0,Maize (white)
2025-04-01,maize,Kasese,Kasese,0.17,30.07,1538.0,Maize (white)
2025-05-01,maize,Kasese,Kasese,0.17,30.07,1900.0,Maize (white)
2025-06-01,maize,Kasese,Kasese,0.17,30.07,1725.0,Maize (white)
2025-07-01,maize,Kasese,Kasese,0.17,30.07,1560.0,Maize (white)
2025-08-01,maize,Kasese,Kasese,0.17,30.07,1600.0,Maize (white)
2025-09-01,maize,Kasese,Kasese,0.17,30.07,1675.0,Maize (white)
2025-10-01,maize,Kasese,Kasese,0.17,30.07,1600.0,Maize (white)
2025-11-01,maize,Kasese,Kasese,0.17,30.07,1513.0,Maize (white)
2025-12-01,maize,Kasese,Kasese,0.17,30.07,2000.0,Maize (white)
2011-04-01,maize,Kiboga,Kyankwanzi,0.92,31.77,655.0,Maize (white)
2011-05-01,maize,Kiboga,Kyankwanzi,0.92,31.77,735.0,Maize (white)
2011-06-01,maize,Kiboga,Kyankwanzi,0.92,31.77,823.0,Maize (white)
2011-07-01,maize,Kiboga,Kyankwanzi,0.92,31.77,1300.0,Maize (white)
2011-08-01,maize,Kiboga,Kyankwanzi,0.92,31.77,966.0,Maize (white)
2011-09-01,maize,Kiboga,Kyankwanzi,0.92,31.77,650.0,Maize (white)
2011-10-01,maize,Kiboga,Kyankwanzi,0.92,31.77,721.0,Maize (white)
2011-11-01,maize,Kiboga,Kyankwanzi,0.92,31.77,691.0,Maize (white)
2012-01-01,maize,Kiboga,Kyankwanzi,0.92,31.77,540.0,Maize (white)
2012-02-01,maize,Kiboga,Kyankwanzi,0.92,31.77,423.0,Maize (white)
2012-03-01,maize,Kiboga,Kyankwanzi,0.92,31.77,509.0,Maize (white)
2012-04-01,maize,Kiboga,Kyankwanzi,0.92,31.77,530.0,Maize (white)
2012-05-01,maize,Kiboga,Kyankwanzi,0.92,31.77,884.0,Maize (white)
2012-06-01,maize,Kiboga,Kyankwanzi,0.92,31.77,850.0,Maize (white)
2012-07-01,maize,Kiboga,Kyankwanzi,0.92,31.77,830.0,Maize (white)
2012-08-01,maize,Kiboga,Kyankwanzi,0.92,31.77,790.0,Maize (white)
2012-09-01,maize,Kiboga,Kyankwanzi,0.92,31.77,450.0,Maize (white)
2012-10-01,maize,Kiboga,Kyankwanzi,0.92,31.77,433.0,Maize (white)
2012-11-01,maize,Kiboga,Kyankwanzi,0.92,31.77,549.0,Maize (white)
2012-12-01,maize,Kiboga,Kyankwanzi,0.92,31.77,575.0,Maize (white)
2013-01-01,maize,Kiboga,Kyankwanzi,0.92,31.77,647.5,Maize (white)
2013-02-01,maize,Kiboga,Kyankwanzi,0.92,31.77,642.5,Maize (white)
2013-03-01,maize,Kiboga,Kyankwanzi,0.92,31.77,788.3,Maize (white)
2013-04-01,maize,Kiboga,Kyankwanzi,0.92,31.77,600.0,Maize (white)
2013-05-01,maize,Kiboga,Kyankwanzi,0.92,31.77,553.3,Maize (white)
2013-06-01,maize,Kiboga,Kyankwanzi,0.92,31.77,788.3,Maize (white)
2013-07-01,maize,Kiboga,Kyankwanzi,0.92,31.77,600.0,Maize (white)
2013-08-01,maize,Kiboga,Kyankwanzi,0.92,31.77,520.0,Maize (white)
2013-09-01,maize,Kiboga,Kyankwanzi,0.92,31.77,590.0,Maize (white)
2013-10-01,maize,Kiboga,Kyankwanzi,0.92,31.77,700.0,Maize (white)
2013-12-01,maize,Kiboga,Kyankwanzi,0.92,31.77,684.0,Maize (white)
2014-01-01,maize,Kiboga,Kyankwanzi,0.92,31.77,554.0,Maize (white)
2014-04-01,maize,Kiboga,Kyankwanzi,0.92,31.77,725.0,Maize (white)
2018-10-01,maize,Kotido,Kotido,3.0,34.11,850.0,Maize (white)
2018-11-01,maize,Kotido,Kotido,3.0,34.11,1088.0,Maize (white)
2019-01-01,maize,Kotido,Kotido,3.0,34.11,1000.0,Maize (white)
2019-02-01,maize,Kotido,Kotido,3.0,34.11,1050.0,Maize (white)
2019-03-01,maize,Kotido,Kotido,3.0,34.11,1175.0,Maize (white)
2019-04-01,maize,Kotido,Kotido,3.0,34.11,1275.0,Maize (white)
2019-05-01,maize,Kotido,Kotido,3.0,34.11,1300.0,Maize (white)
2019-06-01,maize,Kotido,Kotido,3.0,34.11,1300.0,Maize (white)
2019-07-01,maize,Kotido,Kotido,3.0,34.11,1350.0,Maize (white)
2019-08-01,maize,Kotido,Kotido,3.0,34.11,1400.0,Maize (white)
2019-09-01,maize,Kotido,Kotido,3.0,34.11,1367.0,Maize (white)
2019-10-01,maize,Kotido,Kotido,3.0,34.11,1387.5,Maize (white)
2019-11-01,maize,Kotido,Kotido,3.0,34.11,1675.0,Maize (white)
2019-12-01,maize,Kotido,Kotido,3.0,34.11,1675.0,Maize (white)
2020-01-01,maize,Kotido,Kotido,3.0,34.11,1100.0,Maize (white)
2020-02-01,maize,Kotido,Kotido,3.0,34.11,1000.0,Maize (white)
2020-04-01,maize,Kotido,Kotido,3.0,34.11,925.0,Maize (white)
2020-05-01,maize,Kotido,Kotido,3.0,34.11,800.0,Maize (white)
2020-06-01,maize,Kotido,Kotido,3.0,34.11,763.0,Maize (white)
2020-07-01,maize,Kotido,Kotido,3.0,34.11,787.0,Maize (white)
2020-08-01,maize,Kotido,Kotido,3.0,34.11,900.0,Maize (white)
2020-09-01,maize,Kotido,Kotido,3.0,34.11,1100.0,Maize (white)
2020-10-01,maize,Kotido,Kotido,3.0,34.11,1250.0,Maize (white)
2020-11-01,maize,Kotido,Kotido,3.0,34.11,1097.0,Maize (white)
2020-12-01,maize,Kotido,Kotido,3.0,34.11,1103.0,Maize (white)
2021-01-01,maize,Kotido,Kotido,3.0,34.11,952.0,Maize (white)
2021-04-01,maize,Kotido,Kotido,3.0,34.11,920.0,Maize (white)
2021-05-01,maize,Kotido,Kotido,3.0,34.11,980.0,Maize (white)
2021-06-01,maize,Kotido,Kotido,3.0,34.11,1028.0,Maize (white)
2021-07-01,maize,Kotido,Kotido,3.0,34.11,1108.0,Maize (white)
2021-08-01,maize,Kotido,Kotido,3.0,34.11,1233.0,Maize (white)
2021-09-01,maize,Kotido,Kotido,3.0,34.11,1200.0,Maize (white)
2021-10-01,maize,Kotido,Kotido,3.0,34.11,1300.0,Maize (white)
2021-11-01,maize,Kotido,Kotido,3.0,34.11,1258.0,Maize (white)
2021-12-01,maize,Kotido,Kotido,3.0,34.11,1283.0,Maize (white)
2022-04-01,maize,Kotido,Kotido,3.0,34.11,1200.0,Maize (white)
2022-07-01,maize,Kotido,Kotido,3.0,34.11,2400.0,Maize (white)
2022-08-01,maize,Kotido,Kotido,3.0,34.11,1200.0,Maize (white)
2022-09-01,maize,Kotido,Kotido,3.0,34.11,1150.0,Maize (white)
2022-10-01,maize,Kotido,Kotido,3.0,34.11,1340.0,Maize (white)
2022-11-01,maize,Kotido,Kotido,3.0,34.11,1300.0,Maize (white)
2022-12-01,maize,Kotido,Kotido,3.0,34.11,1425.0,Maize (white)
2023-01-01,maize,Kotido,Kotido,3.0,34.11,1500.0,Maize (white)
2023-02-01,maize,Kotido,Kotido,3.0,34.11,1412.5,Maize (white)
2023-03-01,maize,Kotido,Kotido,3.0,34.11,1520.0,Maize (white)
2023-04-01,maize,Kotido,Kotido,3.0,34.11,1450.0,Maize (white)
2023-05-01,maize,Kotido,Kotido,3.0,34.11,1450.0,Maize (white)
2023-06-01,maize,Kotido,Kotido,3.0,34.11,1740.0,Maize (white)
2023-07-01,maize,Kotido,Kotido,3.0,34.11,1350.0,Maize (white)
2023-08-01,maize,Kotido,Kotido,3.0,34.11,1040.0,Maize (white)
2023-09-01,maize,Kotido,Kotido,3.0,34.11,1275.0,Maize (white)
2023-10-01,maize,Kotido,Kotido,3.0,34.11,1100.0,Maize (white)
2023-11-01,maize,Kotido,Kotido,3.0,34.11,1040.0,Maize (white)
2023-12-01,maize,Kotido,Kotido,3.0,34.11,1000.0,Maize (white)
2024-01-01,maize,Kotido,Kotido,3.0,34.11,880.0,Maize (white)
2024-02-01,maize,Kotido,Kotido,3.0,34.11,900.0,Maize (white)
2024-03-01,maize,Kotido,Kotido,3.0,34.11,813.0,Maize (white)
2024-04-01,maize,Kotido,Kotido,3.0,34.11,900.0,Maize (white)
2024-05-01,maize,Kotido,Kotido,3.0,34.11,940.0,Maize (white)
2024-06-01,maize,Kotido,Kotido,3.0,34.11,900.0,Maize (white)
2024-07-01,maize,Kotido,Kotido,3.0,34.11,825.0,Maize (white)
2024-08-01,maize,Kotido,Kotido,3.0,34.11,822.0,Maize (white)
2024-09-01,maize,Kotido,Kotido,3.0,34.11,650.0,Maize (white)
2024-10-01,maize,Kotido,Kotido,3.0,34.11,780.0,Maize (white)
2024-11-01,maize,Kotido,Kotido,3.0,34.11,900.0,Maize (white)
2024-12-01,maize,Kotido,Kotido,3.0,34.11,1050.0,Maize (white)
2025-01-01,maize,Kotido,Kotido,3.0,34.11,1000.0,Maize (white)
2025-02-01,maize,Kotido,Kotido,3.0,34.11,1000.0,Maize (white)
2025-03-01,maize,Kotido,Kotido,3.0,34.11,1067.0,Maize (white)
2025-04-01,maize,Kotido,Kotido,3.0,34.11,1100.0,Maize (white)
2025-05-01,maize,Kotido,Kotido,3.0,34.11,1513.0,Maize (white)
2025-06-01,maize,Kotido,Kotido,3.0,34.11,1663.0,Maize (white)
2025-07-01,maize,Kotido,Kotido,3.0,34.11,1713.0,Maize (white)
2025-08-01,maize,Kotido,Kotido,3.0,34.11,1460.0,Maize (white)
2025-09-01,maize,Kotido,Kotido,3.0,34.11,800.0,Maize (white)
2025-10-01,maize,Kotido,Kotido,3.0,34.11,830.0,Maize (white)
2025-11-01,maize,Kotido,Kotido,3.0,34.11,975.0,Maize (white)
2025-12-01,maize,Kotido,Kotido,3.0,34.11,1030.0,Maize (white)
2026-01-01,maize,Kotido,Kotido,3.0,34.11,1007.0,Maize (white)
2010-01-01,maize,Lira,Lira,2.23,32.91,700.0,Maize
2010-02-01,maize,Lira,Lira,2.23,32.91,709.09,Maize
2010-03-01,maize,Lira,Lira,2.23,32.91,521.43,Maize
2010-04-01,maize,Lira,Lira,2.23,32.91,483.33,Maize
2010-05-01,maize,Lira,Lira,2.23,32.91,462.5,Maize
2010-06-01,maize,Lira,Lira,2.23,32.91,369.23,Maize
2010-07-01,maize,Lira,Lira,2.23,32.91,300.0,Maize
2010-08-01,maize,Lira,Lira,2.23,32.91,333.33,Maize
2010-09-01,maize,Lira,Lira,2.23,32.91,283.33,Maize
2010-10-01,maize,Lira,Lira,2.23,32.91,300.0,Maize
2010-11-01,maize,Lira,Lira,2.23,32.91,400.0,Maize
2010-12-01,maize,Lira,Lira,2.23,32.91,431.82,Maize
2011-01-01,maize,Lira,Lira,2.23,32.91,450.0,Maize
2011-02-01,maize,Lira,Lira,2.23,32.91,600.0,Maize
2011-03-01,maize,Lira,Lira,2.23,32.91,750.0,Maize
2011-04-01,maize,Lira,Lira,2.23,32.91,733.33,Maize (white)
2011-05-01,maize,Lira,Lira,2.23,32.91,950.0,Maize (white)
2011-06-01,maize,Lira,Lira,2.23,32.91,1000.0,Maize (white)
2011-07-01,maize,Lira,Lira,2.23,32.91,1333.0,Maize (white)
2011-08-01,maize,Lira,Lira,2.23,32.91,1050.0,Maize (white)
2011-09-01,maize,Lira,Lira,2.23,32.91,700.0,Maize (white)
2011-10-01,maize,Lira,Lira,2.23,32.91,685.0,Maize (white)
2011-11-01,maize,Lira,Lira,2.23,32.91,747.0,Maize (white)
2011-12-01,maize,Lira,Lira,2.23,32.91,733.0,Maize (white)
2012-01-01,maize,Lira,Lira,2.23,32.91,600.0,Maize (white)
2012-02-01,maize,Lira,Lira,2.23,32.91,625.0,Maize (white)
2012-03-01,maize,Lira,Lira,2.23,32.91,650.0,Maize (white)
2012-04-01,maize,Lira,Lira,2.23,32.91,833.0,Maize (white)
2012-05-01,maize,Lira,Lira,2.23,32.91,1067.0,Maize (white)
2012-06-01,maize,Lira,Lira,2.23,32.91,950.0,Maize (white)
2012-07-01,maize,Lira,Lira,2.23,32.91,1150.0,Maize (white)
2012-08-01,maize,Lira,Lira,2.23,32.91,825.0,Maize (white)
2012-09-01,maize,Lira,Lira,2.23,32.91,500.0,Maize (white)
2012-10-01,maize,Lira,Lira,2.23,32.91,561.0,Maize (white)
2012-11-01,maize,Lira,Lira,2.23,32.91,683.0,Maize (white)
2012-12-01,maize,Lira,Lira,2.23,32.91,717.0,Maize (white)
2013-01-01,maize,Lira,Lira,2.23,32.91,650.0,Maize (white)
2013-02-01,maize,Lira,Lira,2.23,32.91,650.0,Maize (white)
2013-03-01,maize,Lira,Lira,2.23,32.91,900.0,Maize (white)
2013-04-01,maize,Lira,Lira,2.23,32.91,804.25,Maize (white)
2013-05-01,maize,Lira,Lira,2.23,32.91,700.0,Maize (white)
2013-06-01,maize,Lira,Lira,2.23,32.91,900.0,Maize (white)
2013-07-01,maize,Lira,Lira,2.23,32.91,753.2,Maize (white)
2013-08-01,maize,Lira,Lira,2.23,32.91,650.0,Maize (white)
2013-09-01,maize,Lira,Lira,2.23,32.91,700.0,Maize (white)
2013-10-01,maize,Lira,Lira,2.23,32.91,787.0,Maize (white)
2013-11-01,maize,Lira,Lira,2.23,32.91,834.0,Maize (white)
2013-12-01,maize,Lira,Lira,2.23,32.91,800.0,Maize (white)
2014-01-01,maize,Lira,Lira,2.23,32.91,733.0,Maize (white)
2014-02-01,maize,Lira,Lira,2.23,32.91,750.0,Maize (white)
2014-03-01,maize,Lira,Lira,2.23,32.91,796.0,Maize (white)
2014-04-01,maize,Lira,Lira,2.23,32.91,830.0,Maize (white)
2014-05-01,maize,Lira,Lira,2.23,32.91,888.0,Maize (white)
2014-06-01,maize,Lira,Lira,2.23,32.91,900.0,Maize (white)
2014-07-01,maize,Lira,Lira,2.23,32.91,800.0,Maize (white)
2014-08-01,maize,Lira,Lira,2.23,32.91,600.0,Maize (white)
2014-09-01,maize,Lira,Lira,2.23,32.91,600.0,Maize (white)
2014-10-01,maize,Lira,Lira,2.23,32.91,588.0,Maize (white)
2014-11-01,maize,Lira,Lira,2.23,32.91,487.5,Maize (white)
2014-12-01,maize,Lira,Lira,2.23,32.91,500.0,Maize (white)
2015-01-01,maize,Lira,Lira,2.23,32.91,550.0,Maize (white)
2015-02-01,maize,Lira,Lira,2.23,32.91,600.0,Maize (white)
2015-03-01,maize,Lira,Lira,2.23,32.91,650.0,Maize (white)
2015-04-01,maize,Lira,Lira,2.23,32.91,550.0,Maize (white)
2015-05-01,maize,Lira,Lira,2.23,32.91,1000.0,Maize (white)
2015-06-01,maize,Lira,Lira,2.23,32.91,933.0,Maize (white)
2015-07-01,maize,Lira,Lira,2.23,32.91,988.0,Maize (white)
2015-08-01,maize,Lira,Lira,2.23,32.91,1000.0,Maize (white)
2015-09-01,maize,Lira,Lira,2.23,32.91,825.0,Maize (white)
2015-10-01,maize,Lira,Lira,2.23,32.91,700.0,Maize (white)
2015-11-01,maize,Lira,Lira,2.23,32.91,1000.0,Maize (white)
2015-12-01,maize,Lira,Lira,2.23,32.91,900.0,Maize (white)
2016-01-01,maize,Lira,Lira,2.23,32.91,850.0,Maize (white)
2016-02-01,maize,Lira,Lira,2.23,32.91,1000.0,Maize (white)
2016-03-01,maize,Lira,Lira,2.23,32.91,1000.0,Maize (white)
2016-04-01,maize,Lira,Lira,2.23,32.91,1000.0,Maize (white)
2016-05-01,maize,Lira,Lira,2.23,32.91,825.0,Maize (white)
2016-06-01,maize,Lira,Lira,2.23,32.91,1025.0,Maize (white)
2016-07-01,maize,Lira,Lira,2.23,32.91,1033.0,Maize (white)
2016-08-01,maize,Lira,Lira,2.23,32.91,1000.0,Maize (white)
2016-09-01,maize,Lira,Lira,2.23,32.91,1000.0,Maize (white)
2016-10-01,maize,Lira,Lira,2.23,32.91,1000.0,Maize
2016-11-01,maize,Lira,Lira,2.23,32.91,1100.0,Maize (white)
2016-12-01,maize,Lira,Lira,2.23,32.91,1200.0,Maize (white)
2017-01-01,maize,Lira,Lira,2.23,32.91,1200.0,Maize (white)
2017-02-01,maize,Lira,Lira,2.23,32.91,1300.0,Maize (white)
2017-03-01,maize,Lira,Lira,2.23,32.91,1400.0,Maize (white)
2017-04-01,maize,Lira,Lira,2.23,32.91,1775.0,Maize (white)
2017-05-01,maize,Lira,Lira,2.23,32.91,2000.0,Maize (white)
2017-06-01,maize,Lira,Lira,2.23,32.91,1450.0,Maize
2017-07-01,maize,Lira,Lira,2.23,32.91,1187.5,Maize
2017-08-01,maize,Lira,Lira,2.23,32.91,1133.0,Maize (white)
2017-09-01,maize,Lira,Lira,2.23,32.91,1200.0,Maize (white)
2017-10-01,maize,Lira,Lira,2.23,32.91,1000.0,Maize
2017-11-01,maize,Lira,Lira,2.23,32.91,733.0,Maize (white)
2017-12-01,maize,Lira,Lira,2.23,32.91,900.0,Maize (white)
2018-01-01,maize,Lira,Lira,2.23,32.91,1000.0,Maize (white)
2018-02-01,maize,Lira,Lira,2.23,32.91,1000.0,Maize (white)
2018-03-01,maize,Lira,Lira,2.23,32.91,900.0,Maize (white)
2018-04-01,maize,Lira,Lira,2.23,32.91,800.0,Maize (white)
2018-05-01,maize,Lira,Lira,2.23,32.91,800.0,Maize (white)
2018-06-01,maize,Lira,Lira,2.23,32.91,800.0,Maize (white)
2018-07-01,maize,Lira,Lira,2.23,32.91,650.0,Maize
2018-08-01,maize,Lira,Lira,2.23,32.91,520.0,Maize
2018-09-01,maize,Lira,Lira,2.23,32.91,600.0,Maize
2018-10-01,maize,Lira,Lira,2.23,32.91,600.0,Maize (white)
2018-11-01,maize,Lira,Lira,2.23,32.91,483.0,Maize (white)
2019-01-01,maize,Lira,Lira,2.23,32.91,575.0,Maize (white)
2019-02-01,maize,Lira,Lira,2.23,32.91,733.0,Maize (white)
2019-03-01,maize,Lira,Lira,2.23,32.91,950.0,Maize (white)
2019-04-01,maize,Lira,Lira,2.23,32.91,1350.0,Maize (white)
2019-05-01,maize,Lira,Lira,2.23,32.91,1550.0,Maize (white)
2019-06-01,maize,Lira,Lira,2.23,32.91,1600.0,Maize (white)
2019-07-01,maize,Lira,Lira,2.23,32.91,1525.0,Maize (white)
2019-08-01,maize,Lira,Lira,2.23,32.91,1533.33,Maize (white)
2019-09-01,maize,Lira,Lira,2.23,32.91,1366.67,Maize (white)
2019-10-01,maize,Lira,Lira,2.23,32.91,1200.0,Maize (white)
2019-11-01,maize,Lira,Lira,2.23,32.91,1200.0,Maize (white)
2019-12-01,maize,Lira,Lira,2.23,32.91,1200.0,Maize (white)
2020-01-01,maize,Lira,Lira,2.23,32.91,1125.0,Maize (white)
2020-02-01,maize,Lira,Lira,2.23,32.91,1125.0,Maize (white)
2020-04-01,maize,Lira,Lira,2.23,32.91,1140.0,Maize (white)
2020-05-01,maize,Lira,Lira,2.23,32.91,1050.0,Maize (white)
2020-06-01,maize,Lira,Lira,2.23,32.91,970.0,Maize (white)
2020-07-01,maize,Lira,Lira,2.23,32.91,938.0,Maize (white)
2020-08-01,maize,Lira,Lira,2.23,32.91,749.0,Maize (white)
2020-09-01,maize,Lira,Lira,2.23,32.91,714.0,Maize (white)
2020-10-01,maize,Lira,Lira,2.23,32.91,742.0,Maize (white)
2020-11-01,maize,Lira,Lira,2.23,32.91,806.0,Maize (white)
2020-12-01,maize,Lira,Lira,2.23,32.91,750.0,Maize (white)
2021-01-01,maize,Lira,Lira,2.23,32.91,688.0,Maize (white)
2021-03-01,maize,Lira,Lira,2.23,32.91,700.0,Maize (white)
2021-04-01,maize,Lira,Lira,2.23,32.91,500.0,Maize (white)
2021-05-01,maize,Lira,Lira,2.23,32.91,700.0,Maize (white)
2021-06-01,maize,Lira,Lira,2.23,32.91,1000.0,Maize (white)
2021-07-01,maize,Lira,Lira,2.23,32.91,920.0,Maize (white)
2021-08-01,maize,Lira,Lira,2.23,32.91,850.0,Maize (white)
2021-09-01,maize,Lira,Lira,2.23,32.91,775.0,Maize (white)
2021-10-01,maize,Lira,Lira,2.23,32.91,820.0,Maize (white)
2021-11-01,maize,Lira,Lira,2.23,32.91,958.0,Maize (white)
2021-12-01,maize,Lira,Lira,2.23,32.91,975.0,Maize (white)
2022-01-01,maize,Lira,Lira,2.23,32.91,1000.0,Maize (white)
2022-03-01,maize,Lira,Lira,2.23,32.91,1090.0,Maize (white)
2022-04-01,maize,Lira,Lira,2.23,32.91,1486.0,Maize (white)
2022-05-01,maize,Lira,Lira,2.23,32.91,1700.0,Maize (white)
2022-06-01,maize,Lira,Lira,2.23,32.91,1700.0,Maize (white)
2022-07-01,maize,Lira,Lira,2.23,32.91,1400.0,Maize (white)
2022-08-01,maize,Lira,Lira,2.23,32.91,1533.0,Maize (white)
2022-09-01,maize,Lira,Lira,2.23,32.91,1767.0,Maize (white)
2022-10-01,maize,Lira,Lira,2.23,32.91,1950.0,Maize (white)
2022-11-01,maize,Lira,Lira,2.23,32.91,1640.0,Maize (white)
2022-12-01,maize,Lira,Lira,2.23,32.91,1500.0,Maize (white)
2023-01-01,maize,Lira,Lira,2.23,32.91,1180.0,Maize (white)
2023-02-01,maize,Lira,Lira,2.23,32.91,1420.0,Maize (white)
2023-03-01,maize,Lira,Lira,2.23,32.91,1520.0,Maize (white)
2023-04-01,maize,Lira,Lira,2.23,32.91,1550.0,Maize (white)
2023-05-01,maize,Lira,Lira,2.23,32.91,1637.5,Maize (white)
2023-06-01,maize,Lira,Lira,2.23,32.91,1625.0,Maize (white)
2023-07-01,maize,Lira,Lira,2.23,32.91,1333.0,Maize (white)
2023-08-01,maize,Lira,Lira,2.23,32.91,1167.0,Maize (white)
2023-09-01,maize,Lira,Lira,2.23,32.91,1100.0,Maize (white)
2023-10-01,maize,Lira,Lira,2.23,32.91,1067.0,Maize (white)
2023-11-01,maize,Lira,Lira,2.23,32.91,767.0,Maize (white)
2023-12-01,maize,Lira,Lira,2.23,32.91,700.0,Maize (white)
2024-01-01,maize,Lira,Lira,2.23,32.91,730.0,Maize (white)
2024-02-01,maize,Lira,Lira,2.23,32.91,740.0,Maize (white)
2024-03-01,maize,Lira,Lira,2.23,32.91,722.0,Maize (white)
2024-04-01,maize,Lira,Lira,2.23,32.91,788.0,Maize (white)
2024-05-01,maize,Lira,Lira,2.23,32.91,730.0,Maize (white)
2024-06-01,maize,Lira,Lira,2.23,32.91,700.0,Maize (white)
2024-07-01,maize,Lira,Lira,2.23,32.91,765.0,Maize (white)
2024-08-01,maize,Lira,Lira,2.23,32.91,761.0,Maize (white)
2024-09-01,maize,Lira,Lira,2.23,32.91,733.0,Maize (white)
2024-10-01,maize,Lira,Lira,2.23,32.91,817.0,Maize (white)
2024-11-01,maize,Lira,Lira,2.23,32.91,1000.0,Maize (white)
2024-12-01,maize,Lira,Lira,2.23,32.91,890.0,Maize (white)
2025-01-01,maize,Lira,Lira,2.23,32.91,890.0,Maize (white)
2025-02-01,maize,Lira,Lira,2.23,32.91,927.0,Maize (white)
2025-03-01,maize,Lira,Lira,2.23,32.91,940.0,Maize (white)
2025-04-01,maize,Lira,Lira,2.23,32.91,1300.0,Maize (white)
2025-05-01,maize,Lira,Lira,2.23,32.91,1475.0,Maize (white)
2025-06-01,maize,Lira,Lira,2.23,32.91,1388.0,Maize (white)
2025-07-01,maize,Lira,Lira,2.23,32.91,1280.0,Maize (white)
2025-08-01,maize,Lira,Lira,2.23,32.91,933.0,Maize (white)
2025-09-01,maize,Lira,Lira,2.23,32.91,930.0,Maize (white)
2025-10-01,maize,Lira,Lira,2.23,32.91,950.0,Maize (white)
2025-11-01,maize,Lira,Lira,2.23,32.91,883.0,Maize (white)
2025-12-01,maize,Lira,Lira,2.23,32.91,920.0,Maize (white)
2018-10-01,maize,Makaratin,Abim,2.71,33.64,800.0,Maize (white)
2018-11-01,maize,Makaratin,Abim,2.71,33.64,1050.0,Maize (white)
2019-01-01,maize,Makaratin,Abim,2.71,33.64,900.0,Maize (white)
2019-02-01,maize,Makaratin,Abim,2.71,33.64,925.0,Maize (white)
2019-03-01,maize,Makaratin,Abim,2.71,33.64,1000.0,Maize (white)
2019-04-01,maize,Makaratin,Abim,2.71,33.64,1200.0,Maize (white)
2019-05-01,maize,Makaratin,Abim,2.71,33.64,1300.0,Maize (white)
2019-06-01,maize,Makaratin,Abim,2.71,33.64,1312.5,Maize (white)
2019-07-01,maize,Makaratin,Abim,2.71,33.64,1400.0,Maize (white)
2019-08-01,maize,Makaratin,Abim,2.71,33.64,1300.0,Maize (white)
2019-09-01,maize,Makaratin,Abim,2.71,33.64,950.0,Maize (white)
2019-10-01,maize,Makaratin,Abim,2.71,33.64,1100.0,Maize (white)
2019-11-01,maize,Makaratin,Abim,2.71,33.64,1100.0,Maize (white)
2019-12-01,maize,Makaratin,Abim,2.71,33.64,1100.0,Maize (white)
2020-01-01,maize,Makaratin,Abim,2.71,33.64,1000.0,Maize (white)
2020-02-01,maize,Makaratin,Abim,2.71,33.64,1200.0,Maize (white)
2020-05-01,maize,Makaratin,Abim,2.71,33.64,1500.0,Maize (white)
2020-06-01,maize,Makaratin,Abim,2.71,33.64,1500.0,Maize (white)
2020-07-01,maize,Makaratin,Abim,2.71,33.64,1400.0,Maize (white)
2020-08-01,maize,Makaratin,Abim,2.71,33.64,1500.0,Maize (white)
2020-09-01,maize,Makaratin,Abim,2.71,33.64,940.0,Maize (white)
2020-10-01,maize,Makaratin,Abim,2.71,33.64,1090.0,Maize (white)
2020-11-01,maize,Makaratin,Abim,2.71,33.64,1124.0,Maize (white)
2020-12-01,maize,Makaratin,Abim,2.71,33.64,978.0,Maize (white)
2021-01-01,maize,Makaratin,Abim,2.71,33.64,1100.0,Maize (white)
2021-03-01,maize,Makaratin,Abim,2.71,33.64,1062.0,Maize (white)
2021-04-01,maize,Makaratin,Abim,2.71,33.64,1100.0,Maize (white)
2021-05-01,maize,Makaratin,Abim,2.71,33.64,1231.0,Maize (white)
2021-06-01,maize,Makaratin,Abim,2.71,33.64,1270.0,Maize (white)
2021-07-01,maize,Makaratin,Abim,2.71,33.64,1467.0,Maize (white)
2021-08-01,maize,Makaratin,Abim,2.71,33.64,1433.0,Maize (white)
2021-09-01,maize,Makaratin,Abim,2.71,33.64,1470.0,Maize (white)
2022-04-01,maize,Makaratin,Abim,2.71,33.64,1700.0,Maize (white)
2022-05-01,maize,Makaratin,Abim,2.71,33.64,1575.0,Maize (white)
2022-06-01,maize,Makaratin,Abim,2.71,33.64,1600.0,Maize (white)
2022-08-01,maize,Makaratin,Abim,2.71,33.64,1800.0,Maize (white)
2022-09-01,maize,Makaratin,Abim,2.71,33.64,1686.0,Maize (white)
2022-10-01,maize,Makaratin,Abim,2.71,33.64,1560.0,Maize (white)
2022-11-01,maize,Makaratin,Abim,2.71,33.64,1400.0,Maize (white)
2022-12-01,maize,Makaratin,Abim,2.71,33.64,1720.0,Maize (white)
2023-01-01,maize,Makaratin,Abim,2.71,33.64,1460.0,Maize (white)
2023-02-01,maize,Makaratin,Abim,2.71,33.64,1975.0,Maize (white)
2023-03-01,maize,Makaratin,Abim,2.71,33.64,1600.0,Maize (white)
2023-04-01,maize,Makaratin,Abim,2.71,33.64,2200.0,Maize (white)
2023-05-01,maize,Makaratin,Abim,2.71,33.64,1760.0,Maize (white)
2023-06-01,maize,Makaratin,Abim,2.71,33.64,2000.0,Maize (white)
2023-07-01,maize,Makaratin,Abim,2.71,33.64,1500.0,Maize (white)
2023-08-01,maize,Makaratin,Abim,2.71,33.64,1200.0,Maize (white)
2023-09-01,maize,Makaratin,Abim,2.71,33.64,1200.0,Maize (white)
2023-10-01,maize,Makaratin,Abim,2.71,33.64,1220.0,Maize (white)
2023-11-01,maize,Makaratin,Abim,2.71,33.64,1000.0,Maize (white)
2023-12-01,maize,Makaratin,Abim,2.71,33.64,1000.0,Maize (white)
2024-01-01,maize,Makaratin,Abim,2.71,33.64,900.0,Maize (white)
2024-02-01,maize,Makaratin,Abim,2.71,33.64,800.0,Maize (white)
2024-03-01,maize,Makaratin,Abim,2.71,33.64,825.0,Maize (white)
2024-04-01,maize,Makaratin,Abim,2.71,33.64,900.0,Maize (white)
2024-05-01,maize,Makaratin,Abim,2.71,33.64,900.0,Maize (white)
2024-06-01,maize,Makaratin,Abim,2.71,33.64,840.0,Maize (white)
2024-07-01,maize,Makaratin,Abim,2.71,33.64,800.0,Maize (white)
2024-08-01,maize,Makaratin,Abim,2.71,33.64,800.0,Maize (white)
2024-09-01,maize,Makaratin,Abim,2.71,33.64,800.0,Maize (white)
2024-10-01,maize,Makaratin,Abim,2.71,33.64,800.0,Maize (white)
2024-11-01,maize,Makaratin,Abim,2.71,33.64,850.0,Maize (white)
2024-12-01,maize,Makaratin,Abim,2.71,33.64,1000.0,Maize (white)
2025-01-01,maize,Makaratin,Abim,2.71,33.64,1000.0,Maize (white)
2025-02-01,maize,Makaratin,Abim,2.71,33.64,950.0,Maize (white)
2025-03-01,maize,Makaratin,Abim,2.71,33.64,1100.0,Maize (white)
2025-04-01,maize,Makaratin,Abim,2.71,33.64,1400.0,Maize (white)
2025-05-01,maize,Makaratin,Abim,2.71,33.64,1275.0,Maize (white)
2025-06-01,maize,Makaratin,Abim,2.71,33.64,1620.0,Maize (white)
2025-07-01,maize,Makaratin,Abim,2.71,33.64,2338.0,Maize (white)
2025-08-01,maize,Makaratin,Abim,2.71,33.64,1950.0,Maize (white)
2025-09-01,maize,Makaratin,Abim,2.71,33.64,1290.0,Maize (white)
2025-10-01,maize,Makaratin,Abim,2.71,33.64,1025.0,Maize (white)
2025-11-01,maize,Makaratin,Abim,2.71,33.64,925.0,Maize (white)
2025-12-01,maize,Makaratin,Abim,2.71,33.64,930.0,Maize (white)
2026-01-01,maize,Makaratin,Abim,2.71,33.64,902.0,Maize (white)
2022-03-01,maize,Masaka,Masaka,-0.35,31.74,950.0,Maize (white)
2022-04-01,maize,Masaka,Masaka,-0.35,31.74,1130.0,Maize (white)
2022-05-01,maize,Masaka,Masaka,-0.35,31.74,1440.0,Maize (white)
2022-06-01,maize,Masaka,Masaka,-0.35,31.74,1780.0,Maize (white)
2022-07-01,maize,Masaka,Masaka,-0.35,31.74,1675.0,Maize (white)
2022-08-01,maize,Masaka,Masaka,-0.35,31.74,1333.0,Maize (white)
2022-09-01,maize,Masaka,Masaka,-0.35,31.74,1340.0,Maize (white)
2022-10-01,maize,Masaka,Masaka,-0.35,31.74,1400.0,Maize (white)
2022-11-01,maize,Masaka,Masaka,-0.35,31.74,1260.0,Maize (white)
2022-12-01,maize,Masaka,Masaka,-0.35,31.74,1240.0,Maize (white)
2023-01-01,maize,Masaka,Masaka,-0.35,31.74,1025.0,Maize (white)
2023-02-01,maize,Masaka,Masaka,-0.35,31.74,1066.67,Maize (white)
2023-03-01,maize,Masaka,Masaka,-0.35,31.74,1480.0,Maize (white)
2023-04-01,maize,Masaka,Masaka,-0.35,31.74,1550.0,Maize (white)
2023-06-01,maize,Masaka,Masaka,-0.35,31.74,1800.0,Maize (white)
2023-07-01,maize,Masaka,Masaka,-0.35,31.74,1825.0,Maize (white)
2023-08-01,maize,Masaka,Masaka,-0.35,31.74,1240.0,Maize (white)
2023-09-01,maize,Masaka,Masaka,-0.35,31.74,1125.0,Maize (white)
2023-10-01,maize,Masaka,Masaka,-0.35,31.74,1080.0,Maize (white)
2023-11-01,maize,Masaka,Masaka,-0.35,31.74,980.0,Maize (white)
2023-12-01,maize,Masaka,Masaka,-0.35,31.74,900.0,Maize (white)
2024-01-01,maize,Masaka,Masaka,-0.35,31.74,825.0,Maize (white)
2024-02-01,maize,Masaka,Masaka,-0.35,31.74,800.0,Maize (white)
2024-03-01,maize,Masaka,Masaka,-0.35,31.74,638.0,Maize (white)
2024-04-01,maize,Masaka,Masaka,-0.35,31.74,650.0,Maize (white)
2024-05-01,maize,Masaka,Masaka,-0.35,31.74,983.0,Maize (white)
2024-06-01,maize,Masaka,Masaka,-0.35,31.74,850.0,Maize (white)
2024-07-01,maize,Masaka,Masaka,-0.35,31.74,925.0,Maize (white)
2024-08-01,maize,Masaka,Masaka,-0.35,31.74,933.0,Maize (white)
2024-09-01,maize,Masaka,Masaka,-0.35,31.74,1000.0,Maize (white)
2024-10-01,maize,Masaka,Masaka,-0.35,31.74,1000.0,Maize (white)
2024-11-01,maize,Masaka,Masaka,-0.35,31.74,1200.0,Maize (white)
2024-12-01,maize,Masaka,Masaka,-0.35,31.74,1225.0,Maize (white)
2025-01-01,maize,Masaka,Masaka,-0.35,31.74,1040.0,Maize (white)
2025-02-01,maize,Masaka,Masaka,-0.35,31.74,1155.0,Maize (white)
2025-03-01,maize,Masaka,Masaka,-0.35,31.74,1172.0,Maize (white)
2025-04-01,maize,Masaka,Masaka,-0.35,31.74,1208.0,Maize (white)
2025-05-01,maize,Masaka,Masaka,-0.35,31.74,1600.0,Maize (white)
2025-06-01,maize,Masaka,Masaka,-0.35,31.74,1600.0,Maize (white)
2025-07-01,maize,Masaka,Masaka,-0.35,31.74,1400.0,Maize (white)
2025-08-01,maize,Masaka,Masaka,-0.35,31.74,1400.0,Maize (white)
2025-09-01,maize,Masaka,Masaka,-0.35,31.74,1400.0,Maize (white)
2025-10-01,maize,Masaka,Masaka,-0.35,31.74,1400.0,Maize (white)
2025-11-01,maize,Masaka,Masaka,-0.35,31.74,1400.0,Maize (white)
2025-12-01,maize,Masaka,Masaka,-0.35,31.74,1463.0,Maize (white)
2020-01-01,maize,Masindi,Masindi,1.69,31.71,1000.0,Maize (white)
2020-02-01,maize,Masindi,Masindi,1.69,31.71,1000.0,Maize (white)
2020-08-01,maize,Masindi,Masindi,1.69,31.71,775.0,Maize (white)
2020-09-01,maize,Masindi,Masindi,1.69,31.71,550.0,Maize (white)
2020-10-01,maize,Masindi,Masindi,1.69,31.71,771.0,Maize (white)
2020-11-01,maize,Masindi,Masindi,1.69,31.71,850.0,Maize (white)
2020-12-01,maize,Masindi,Masindi,1.69,31.71,858.0,Maize (white)
2021-01-01,maize,Masindi,Masindi,1.69,31.71,636.0,Maize (white)
2021-03-01,maize,Masindi,Masindi,1.69,31.71,617.0,Maize (white)
2021-07-01,maize,Masindi,Masindi,1.69,31.71,700.0,Maize (white)
2021-08-01,maize,Masindi,Masindi,1.69,31.71,840.0,Maize (white)
2021-09-01,maize,Masindi,Masindi,1.69,31.71,1000.0,Maize (white)
2022-03-01,maize,Masindi,Masindi,1.69,31.71,1000.0,Maize (white)
2022-05-01,maize,Masindi,Masindi,1.69,31.71,1500.0,Maize (white)
2022-07-01,maize,Masindi,Masindi,1.69,31.71,1500.0,Maize (white)
2022-09-01,maize,Masindi,Masindi,1.69,31.71,1500.0,Maize (white)
2022-10-01,maize,Masindi,Masindi,1.69,31.71,1500.0,Maize (white)
2022-12-01,maize,Masindi,Masindi,1.69,31.71,2000.0,Maize (white)
2023-03-01,maize,Masindi,Masindi,1.69,31.71,1500.0,Maize (white)
2023-04-01,maize,Masindi,Masindi,1.69,31.71,1667.0,Maize (white)
2023-06-01,maize,Masindi,Masindi,1.69,31.71,1900.0,Maize (white)
2023-07-01,maize,Masindi,Masindi,1.69,31.71,1700.0,Maize (white)
2023-08-01,maize,Masindi,Masindi,1.69,31.71,1400.0,Maize (white)
2023-09-01,maize,Masindi,Masindi,1.69,31.71,1500.0,Maize (white)
2023-10-01,maize,Masindi,Masindi,1.69,31.71,1250.0,Maize (white)
2023-11-01,maize,Masindi,Masindi,1.69,31.71,1067.0,Maize (white)
2023-12-01,maize,Masindi,Masindi,1.69,31.71,1200.0,Maize (white)
2024-01-01,maize,Masindi,Masindi,1.69,31.71,1200.0,Maize (white)
2024-02-01,maize,Masindi,Masindi,1.69,31.71,733.0,Maize (white)
2024-03-01,maize,Masindi,Masindi,1.69,31.71,800.0,Maize (white)
2024-04-01,maize,Masindi,Masindi,1.69,31.71,775.0,Maize (white)
2024-05-01,maize,Masindi,Masindi,1.69,31.71,775.0,Maize (white)
2024-06-01,maize,Masindi,Masindi,1.69,31.71,600.0,Maize (white)
2024-07-01,maize,Masindi,Masindi,1.69,31.71,1000.0,Maize (white)
2024-08-01,maize,Masindi,Masindi,1.69,31.71,1000.0,Maize (white)
2024-09-01,maize,Masindi,Masindi,1.69,31.71,1000.0,Maize (white)
2024-10-01,maize,Masindi,Masindi,1.69,31.71,1000.0,Maize (white)
2024-11-01,maize,Masindi,Masindi,1.69,31.71,1300.0,Maize (white)
2024-12-01,maize,Masindi,Masindi,1.69,31.71,1300.0,Maize (white)
2025-01-01,maize,Masindi,Masindi,1.69,31.71,1191.0,Maize (white)
2025-02-01,maize,Masindi,Masindi,1.69,31.71,1264.0,Maize (white)
2025-03-01,maize,Masindi,Masindi,1.69,31.71,1250.0,Maize (white)
2025-04-01,maize,Masindi,Masindi,1.69,31.71,1525.0,Maize (white)
2025-05-01,maize,Masindi,Masindi,1.69,31.71,1600.0,Maize (white)
2025-06-01,maize,Masindi,Masindi,1.69,31.71,1650.0,Maize (white)
2025-07-01,maize,Masindi,Masindi,1.69,31.71,1600.0,Maize (white)
2025-08-01,maize,Masindi,Masindi,1.69,31.71,1150.0,Maize (white)
2025-09-01,maize,Masindi,Masindi,1.69,31.71,1000.0,Maize (white)
2025-10-01,maize,Masindi,Masindi,1.69,31.71,1010.0,Maize (white)
2025-11-01,maize,Masindi,Masindi,1.69,31.71,1100.0,Maize (white)
2025-12-01,maize,Masindi,Masindi,1.69,31.71,1017.0,Maize (white)
2018-10-01,maize,Mbale,Mbale,1.07,34.18,800.0,Maize (white)
2018-11-01,maize,Mbale,Mbale,1.07,34.18,688.0,Maize (white)
2019-01-01,maize,Mbale,Mbale,1.07,34.18,725.0,Maize (white)
2019-02-01,maize,Mbale,Mbale,1.07,34.18,950.0,Maize (white)
2019-03-01,maize,Mbale,Mbale,1.07,34.18,1067.0,Maize (white)
2019-04-01,maize,Mbale,Mbale,1.07,34.18,1133.33,Maize (white)
2019-05-01,maize,Mbale,Mbale,1.07,34.18,1600.0,Maize (white)
2019-06-01,maize,Mbale,Mbale,1.07,34.18,1500.0,Maize (white)
2019-07-01,maize,Mbale,Mbale,1.07,34.18,1400.0,Maize (white)
2019-08-01,maize,Mbale,Mbale,1.07,34.18,1416.67,Maize (white)
2019-09-01,maize,Mbale,Mbale,1.07,34.18,1400.0,Maize (white)
2019-10-01,maize,Mbale,Mbale,1.07,34.18,1200.0,Maize (white)
2019-11-01,maize,Mbale,Mbale,1.07,34.18,1225.0,Maize (white)
2019-12-01,maize,Mbale,Mbale,1.07,34.18,1300.0,Maize (white)
2020-01-01,maize,Mbale,Mbale,1.07,34.18,1266.67,Maize (white)
2020-02-01,maize,Mbale,Mbale,1.07,34.18,975.0,Maize (white)
2020-04-01,maize,Mbale,Mbale,1.07,34.18,1125.0,Maize (white)
2020-05-01,maize,Mbale,Mbale,1.07,34.18,1050.0,Maize (white)
2020-06-01,maize,Mbale,Mbale,1.07,34.18,1100.0,Maize (white)
2020-07-01,maize,Mbale,Mbale,1.07,34.18,800.0,Maize (white)
2020-08-01,maize,Mbale,Mbale,1.07,34.18,788.0,Maize (white)
2020-09-01,maize,Mbale,Mbale,1.07,34.18,960.0,Maize (white)
2020-10-01,maize,Mbale,Mbale,1.07,34.18,1000.0,Maize (white)
2020-11-01,maize,Mbale,Mbale,1.07,34.18,750.0,Maize (white)
2020-12-01,maize,Mbale,Mbale,1.07,34.18,892.0,Maize (white)
2021-01-01,maize,Mbale,Mbale,1.07,34.18,925.0,Maize (white)
2021-04-01,maize,Mbale,Mbale,1.07,34.18,600.0,Maize (white)
2021-05-01,maize,Mbale,Mbale,1.07,34.18,800.0,Maize (white)
2021-06-01,maize,Mbale,Mbale,1.07,34.18,950.0,Maize (white)
2021-07-01,maize,Mbale,Mbale,1.07,34.18,950.0,Maize (white)
2022-03-01,maize,Mbale,Mbale,1.07,34.18,1250.0,Maize (white)
2022-04-01,maize,Mbale,Mbale,1.07,34.18,1620.0,Maize (white)
2022-05-01,maize,Mbale,Mbale,1.07,34.18,1583.0,Maize (white)
2022-06-01,maize,Mbale,Mbale,1.07,34.18,2017.0,Maize (white)
2022-07-01,maize,Mbale,Mbale,1.07,34.18,2275.0,Maize (white)
2022-08-01,maize,Mbale,Mbale,1.07,34.18,1783.0,Maize (white)
2022-09-01,maize,Mbale,Mbale,1.07,34.18,2100.0,Maize (white)
2022-10-01,maize,Mbale,Mbale,1.07,34.18,2480.0,Maize (white)
2022-11-01,maize,Mbale,Mbale,1.07,34.18,2267.0,Maize (white)
2022-12-01,maize,Mbale,Mbale,1.07,34.18,2250.0,Maize (white)
2023-01-01,maize,Mbale,Mbale,1.07,34.18,1750.0,Maize (white)
2023-02-01,maize,Mbale,Mbale,1.07,34.18,1900.0,Maize (white)
2023-03-01,maize,Mbale,Mbale,1.07,34.18,2100.0,Maize (white)
2023-04-01,maize,Mbale,Mbale,1.07,34.18,1950.0,Maize (white)
2023-05-01,maize,Mbale,Mbale,1.07,34.18,1950.0,Maize (white)
2023-06-01,maize,Mbale,Mbale,1.07,34.18,2000.0,Maize (white)
2023-07-01,maize,Mbale,Mbale,1.07,34.18,2000.0,Maize (white)
2023-08-01,maize,Mbale,Mbale,1.07,34.18,1450.0,Maize (white)
2023-09-01,maize,Mbale,Mbale,1.07,34.18,1275.0,Maize (white)
2023-10-01,maize,Mbale,Mbale,1.07,34.18,1225.0,Maize (white)
2023-11-01,maize,Mbale,Mbale,1.07,34.18,1200.0,Maize (white)
2023-12-01,maize,Mbale,Mbale,1.07,34.18,1200.0,Maize (white)
2024-01-01,maize,Mbale,Mbale,1.07,34.18,1575.0,Maize (white)
2024-02-01,maize,Mbale,Mbale,1.07,34.18,1220.0,Maize (white)
2024-03-01,maize,Mbale,Mbale,1.07,34.18,1000.0,Maize (white)
2024-04-01,maize,Mbale,Mbale,1.07,34.18,1000.0,Maize (white)
2024-05-01,maize,Mbale,Mbale,1.07,34.18,1060.0,Maize (white)
2024-06-01,maize,Mbale,Mbale,1.07,34.18,1367.0,Maize (white)
2024-07-01,maize,Mbale,Mbale,1.07,34.18,1150.0,Maize (white)
2024-08-01,maize,Mbale,Mbale,1.07,34.18,1111.0,Maize (white)
2024-09-01,maize,Mbale,Mbale,1.07,34.18,1200.0,Maize (white)
2024-10-01,maize,Mbale,Mbale,1.07,34.18,1320.0,Maize (white)
2024-11-01,maize,Mbale,Mbale,1.07,34.18,1500.0,Maize (white)
2024-12-01,maize,Mbale,Mbale,1.07,34.18,1500.0,Maize (white)
2025-01-01,maize,Mbale,Mbale,1.07,34.18,1500.0,Maize (white)
2025-02-01,maize,Mbale,Mbale,1.07,34.18,1500.0,Maize (white)
2025-03-01,maize,Mbale,Mbale,1.07,34.18,1522.0,Maize (white)
2025-04-01,maize,Mbale,Mbale,1.07,34.18,1569.0,Maize (white)
2025-05-01,maize,Mbale,Mbale,1.07,34.18,1300.0,Maize (white)
2011-04-01,maize,Mbarara,Mbarara,-0.61,30.65,1200.0,Maize (white)
2011-05-01,maize,Mbarara,Mbarara,-0.61,30.65,1400.0,Maize (white)
2011-06-01,maize,Mbarara,Mbarara,-0.61,30.65,1400.0,Maize (white)
2011-07-01,maize,Mbarara,Mbarara,-0.61,30.65,1625.0,Maize (white)
2011-08-01,maize,Mbarara,Mbarara,-0.61,30.65,1288.0,Maize (white)
2011-09-01,maize,Mbarara,Mbarara,-0.61,30.65,1700.0,Maize (white)
2011-10-01,maize,Mbarara,Mbarara,-0.61,30.65,1059.0,Maize (white)
2011-11-01,maize,Mbarara,Mbarara,-0.61,30.65,1169.0,Maize (white)
2011-12-01,maize,Mbarara,Mbarara,-0.61,30.65,1500.0,Maize (white)
2012-01-01,maize,Mbarara,Mbarara,-0.61,30.65,1315.0,Maize (white)
2012-02-01,maize,Mbarara,Mbarara,-0.61,30.65,1250.0,Maize (white)
2012-03-01,maize,Mbarara,Mbarara,-0.61,30.65,1227.0,Maize (white)
2012-04-01,maize,Mbarara,Mbarara,-0.61,30.65,1508.0,Maize (white)
2012-05-01,maize,Mbarara,Mbarara,-0.61,30.65,1604.0,Maize (white)
2012-06-01,maize,Mbarara,Mbarara,-0.61,30.65,1650.0,Maize (white)
2012-07-01,maize,Mbarara,Mbarara,-0.61,30.65,1700.0,Maize (white)
2012-08-01,maize,Mbarara,Mbarara,-0.61,30.65,1534.0,Maize (white)
2012-09-01,maize,Mbarara,Mbarara,-0.61,30.65,1450.0,Maize (white)
2012-10-01,maize,Mbarara,Mbarara,-0.61,30.65,1387.0,Maize (white)
2012-11-01,maize,Mbarara,Mbarara,-0.61,30.65,1225.0,Maize (white)
2012-12-01,maize,Mbarara,Mbarara,-0.61,30.65,1467.0,Maize (white)
2013-01-01,maize,Mbarara,Mbarara,-0.61,30.65,1350.0,Maize (white)
2013-02-01,maize,Mbarara,Mbarara,-0.61,30.65,1275.0,Maize (white)
2013-03-01,maize,Mbarara,Mbarara,-0.61,30.65,1140.0,Maize (white)
2013-04-01,maize,Mbarara,Mbarara,-0.61,30.65,1400.3,Maize (white)
2013-05-01,maize,Mbarara,Mbarara,-0.61,30.65,1396.8,Maize (white)
2013-06-01,maize,Mbarara,Mbarara,-0.61,30.65,1140.0,Maize (white)
2013-07-01,maize,Mbarara,Mbarara,-0.61,30.65,1126.6,Maize (white)
2013-08-01,maize,Mbarara,Mbarara,-0.61,30.65,1366.75,Maize (white)
2013-09-01,maize,Mbarara,Mbarara,-0.61,30.65,1250.0,Maize (white)
2013-10-01,maize,Mbarara,Mbarara,-0.61,30.65,1500.0,Maize (white)
2013-11-01,maize,Mbarara,Mbarara,-0.61,30.65,1500.0,Maize (white)
2013-12-01,maize,Mbarara,Mbarara,-0.61,30.65,1500.0,Maize (white)
2014-01-01,maize,Mbarara,Mbarara,-0.61,30.65,1322.0,Maize (white)
2014-02-01,maize,Mbarara,Mbarara,-0.61,30.65,1167.0,Maize (white)
2014-03-01,maize,Mbarara,Mbarara,-0.61,30.65,1208.0,Maize (white)
2014-04-01,maize,Mbarara,Mbarara,-0.61,30.65,1210.0,Maize (white)
2014-05-01,maize,Mbarara,Mbarara,-0.61,30.65,1350.0,Maize (white)
2014-06-01,maize,Mbarara,Mbarara,-0.61,30.65,1267.0,Maize (white)
2014-07-01,maize,Mbarara,Mbarara,-0.61,30.65,1430.0,Maize (white)
2014-08-01,maize,Mbarara,Mbarara,-0.61,30.65,1500.0,Maize (white)
2014-10-01,maize,Mbarara,Mbarara,-0.61,30.65,1300.0,Maize (white)
2015-01-01,maize,Mbarara,Mbarara,-0.61,30.65,1275.0,Maize (white)
2015-02-01,maize,Mbarara,Mbarara,-0.61,30.65,1050.0,Maize (white)
2015-03-01,maize,Mbarara,Mbarara,-0.61,30.65,1425.0,Maize (white)
2015-04-01,maize,Mbarara,Mbarara,-0.61,30.65,1550.0,Maize (white)
2015-05-01,maize,Mbarara,Mbarara,-0.61,30.65,1725.0,Maize (white)
2015-06-01,maize,Mbarara,Mbarara,-0.61,30.65,1350.0,Maize (white)
2015-07-01,maize,Mbarara,Mbarara,-0.61,30.65,1450.0,Maize (white)
2015-08-01,maize,Mbarara,Mbarara,-0.61,30.65,1525.0,Maize (white)
2015-09-01,maize,Mbarara,Mbarara,-0.61,30.65,650.0,Maize (white)
2015-10-01,maize,Mbarara,Mbarara,-0.61,30.65,800.0,Maize (white)
2015-11-01,maize,Mbarara,Mbarara,-0.61,30.65,900.0,Maize (white)
2016-01-01,maize,Mbarara,Mbarara,-0.61,30.65,567.0,Maize (white)
2016-02-01,maize,Mbarara,Mbarara,-0.61,30.65,750.0,Maize (white)
2016-03-01,maize,Mbarara,Mbarara,-0.61,30.65,800.0,Maize (white)
2016-04-01,maize,Mbarara,Mbarara,-0.61,30.65,900.0,Maize (white)
2016-05-01,maize,Mbarara,Mbarara,-0.61,30.65,1000.0,Maize (white)
2016-06-01,maize,Mbarara,Mbarara,-0.61,30.65,1075.0,Maize (white)
2016-07-01,maize,Mbarara,Mbarara,-0.61,30.65,1150.0,Maize (white)
2016-08-01,maize,Mbarara,Mbarara,-0.61,30.65,1200.0,Maize (white)
2016-09-01,maize,Mbarara,Mbarara,-0.61,30.65,1300.0,Maize (white)
2016-10-01,maize,Mbarara,Mbarara,-0.61,30.65,1200.0,Maize (white)
2016-11-01,maize,Mbarara,Mbarara,-0.61,30.65,1150.0,Maize (white)
2016-12-01,maize,Mbarara,Mbarara,-0.61,30.65,1200.0,Maize (white)
2017-01-01,maize,Mbarara,Mbarara,-0.61,30.65,1250.0,Maize (white)
2017-02-01,maize,Mbarara,Mbarara,-0.61,30.65,1300.0,Maize (white)
2017-03-01,maize,Mbarara,Mbarara,-0.61,30.65,1400.0,Maize (white)
2017-04-01,maize,Mbarara,Mbarara,-0.61,30.65,1500.0,Maize (white)
2017-05-01,maize,Mbarara,Mbarara,-0.61,30.65,1575.0,Maize (white)
2017-06-01,maize,Mbarara,Mbarara,-0.61,30.65,1425.0,Maize (white)
2017-07-01,maize,Mbarara,Mbarara,-0.61,30.65,1525.0,Maize (white)
2017-08-01,maize,Mbarara,Mbarara,-0.61,30.65,1350.0,Maize (white)
2017-09-01,maize,Mbarara,Mbarara,-0.61,30.65,1275.0,Maize (white)
2017-11-01,maize,Mbarara,Mbarara,-0.61,30.65,1200.0,Maize (white)
2018-01-01,maize,Mbarara,Mbarara,-0.61,30.65,1000.0,Maize (white)
2018-02-01,maize,Mbarara,Mbarara,-0.61,30.65,1000.0,Maize (white)
2018-03-01,maize,Mbarara,Mbarara,-0.61,30.65,1200.0,Maize (white)
2018-04-01,maize,Mbarara,Mbarara,-0.61,30.65,1000.0,Maize (white)
2018-05-01,maize,Mbarara,Mbarara,-0.61,30.65,1000.0,Maize (white)
2018-06-01,maize,Mbarara,Mbarara,-0.61,30.65,925.0,Maize (white)
2018-10-01,maize,Mbarara,Mbarara,-0.61,30.65,936.0,Maize (white)
2018-11-01,maize,Mbarara,Mbarara,-0.61,30.65,1000.0,Maize (white)
2018-12-01,maize,Mbarara,Mbarara,-0.61,30.65,1025.0,Maize (white)
2019-01-01,maize,Mbarara,Mbarara,-0.61,30.65,1000.0,Maize (white)
2019-02-01,maize,Mbarara,Mbarara,-0.61,30.65,1000.0,Maize (white)
2019-03-01,maize,Mbarara,Mbarara,-0.61,30.65,1000.0,Maize (white)
2019-04-01,maize,Mbarara,Mbarara,-0.61,30.65,1075.0,Maize (white)
2019-05-01,maize,Mbarara,Mbarara,-0.61,30.65,1200.0,Maize (white)
2019-06-01,maize,Mbarara,Mbarara,-0.61,30.65,1300.0,Maize (white)
2019-07-01,maize,Mbarara,Mbarara,-0.61,30.65,1300.0,Maize (white)
2019-08-01,maize,Mbarara,Mbarara,-0.61,30.65,1550.0,Maize (white)
2019-09-01,maize,Mbarara,Mbarara,-0.61,30.65,1575.0,Maize (white)
2019-10-01,maize,Mbarara,Mbarara,-0.61,30.65,1500.0,Maize (white)
2019-11-01,maize,Mbarara,Mbarara,-0.61,30.65,1425.0,Maize (white)
2019-12-01,maize,Mbarara,Mbarara,-0.61,30.65,1200.0,Maize (white)
2020-01-01,maize,Mbarara,Mbarara,-0.61,30.65,1100.0,Maize (white)
2020-02-01,maize,Mbarara,Mbarara,-0.61,30.65,1150.0,Maize (white)
2020-04-01,maize,Mbarara,Mbarara,-0.61,30.65,1450.0,Maize (white)
2020-05-01,maize,Mbarara,Mbarara,-0.61,30.65,1258.33,Maize (white)
2020-06-01,maize,Mbarara,Mbarara,-0.61,30.65,1200.0,Maize (white)
2020-07-01,maize,Mbarara,Mbarara,-0.61,30.65,1200.0,Maize (white)
2020-08-01,maize,Mbarara,Mbarara,-0.61,30.65,1200.0,Maize (white)
2020-09-01,maize,Mbarara,Mbarara,-0.61,30.65,1000.0,Maize (white)
2020-10-01,maize,Mbarara,Mbarara,-0.61,30.65,1000.0,Maize (white)
2020-11-01,maize,Mbarara,Mbarara,-0.61,30.65,1100.0,Maize (white)
2020-12-01,maize,Mbarara,Mbarara,-0.61,30.65,1100.0,Maize (white)
2021-01-01,maize,Mbarara,Mbarara,-0.61,30.65,718.0,Maize (white)
2021-04-01,maize,Mbarara,Mbarara,-0.61,30.65,400.0,Maize (white)
2021-05-01,maize,Mbarara,Mbarara,-0.61,30.65,650.0,Maize (white)
2021-06-01,maize,Mbarara,Mbarara,-0.61,30.65,1000.0,Maize (white)
2021-07-01,maize,Mbarara,Mbarara,-0.61,30.65,1000.0,Maize (white)
2021-08-01,maize,Mbarara,Mbarara,-0.61,30.65,800.0,Maize (white)
2021-09-01,maize,Mbarara,Mbarara,-0.61,30.65,1125.0,Maize (white)
2021-10-01,maize,Mbarara,Mbarara,-0.61,30.65,1000.0,Maize (white)
2021-11-01,maize,Mbarara,Mbarara,-0.61,30.65,1183.0,Maize (white)
2021-12-01,maize,Mbarara,Mbarara,-0.61,30.65,1200.0,Maize (white)
2022-02-01,maize,Mbarara,Mbarara,-0.61,30.65,1500.0,Maize (white)
2022-03-01,maize,Mbarara,Mbarara,-0.61,30.65,1375.0,Maize (white)
2022-04-01,maize,Mbarara,Mbarara,-0.61,30.65,1600.0,Maize (white)
2022-05-01,maize,Mbarara,Mbarara,-0.61,30.65,1957.0,Maize (white)
2022-06-01,maize,Mbarara,Mbarara,-0.61,30.65,2071.0,Maize (white)
2022-07-01,maize,Mbarara,Mbarara,-0.61,30.65,2500.0,Maize (white)
2022-08-01,maize,Mbarara,Mbarara,-0.61,30.65,2500.0,Maize (white)
2022-09-01,maize,Mbarara,Mbarara,-0.61,30.65,2500.0,Maize (white)
2022-10-01,maize,Mbarara,Mbarara,-0.61,30.65,2500.0,Maize (white)
2022-11-01,maize,Mbarara,Mbarara,-0.61,30.65,2500.0,Maize (white)
2022-12-01,maize,Mbarara,Mbarara,-0.61,30.65,2500.0,Maize (white)
2023-01-01,maize,Mbarara,Mbarara,-0.61,30.65,2500.0,Maize (white)
2023-02-01,maize,Mbarara,Mbarara,-0.61,30.65,2500.0,Maize (white)
2023-03-01,maize,Mbarara,Mbarara,-0.61,30.65,2500.0,Maize (white)
2023-04-01,maize,Mbarara,Mbarara,-0.61,30.65,2500.0,Maize (white)
2023-05-01,maize,Mbarara,Mbarara,-0.61,30.65,2500.0,Maize (white)
2023-06-01,maize,Mbarara,Mbarara,-0.61,30.65,2500.0,Maize (white)
2023-07-01,maize,Mbarara,Mbarara,-0.61,30.65,2500.0,Maize (white)
2023-08-01,maize,Mbarara,Mbarara,-0.61,30.65,2500.0,Maize (white)
2023-09-01,maize,Mbarara,Mbarara,-0.61,30.65,2500.0,Maize (white)
2023-10-01,maize,Mbarara,Mbarara,-0.61,30.65,2500.0,Maize (white)
2023-11-01,maize,Mbarara,Mbarara,-0.61,30.65,2500.0,Maize (white)
2023-12-01,maize,Mbarara,Mbarara,-0.61,30.65,2500.0,Maize (white)
2024-01-01,maize,Mbarara,Mbarara,-0.61,30.65,2375.0,Maize (white)
2024-02-01,maize,Mbarara,Mbarara,-0.61,30.65,2000.0,Maize (white)
2024-03-01,maize,Mbarara,Mbarara,-0.61,30.65,2000.0,Maize (white)
2024-04-01,maize,Mbarara,Mbarara,-0.61,30.65,2000.0,Maize (white)
2024-05-01,maize,Mbarara,Mbarara,-0.61,30.65,2000.0,Maize (white)
2024-06-01,maize,Mbarara,Mbarara,-0.61,30.65,2000.0,Maize (white)
2024-07-01,maize,Mbarara,Mbarara,-0.61,30.65,1500.0,Maize (white)
2024-08-01,maize,Mbarara,Mbarara,-0.61,30.65,1500.0,Maize (white)
2024-09-01,maize,Mbarara,Mbarara,-0.61,30.65,1500.0,Maize (white)
2024-10-01,maize,Mbarara,Mbarara,-0.61,30.65,1500.0,Maize (white)
2024-11-01,maize,Mbarara,Mbarara,-0.61,30.65,1500.0,Maize (white)
2024-12-01,maize,Mbarara,Mbarara,-0.61,30.65,1500.0,Maize (white)
2025-01-01,maize,Mbarara,Mbarara,-0.61,30.65,1500.0,Maize (white)
2025-02-01,maize,Mbarara,Mbarara,-0.61,30.65,1500.0,Maize (white)
2025-03-01,maize,Mbarara,Mbarara,-0.61,30.65,1522.0,Maize (white)
2025-04-01,maize,Mbarara,Mbarara,-0.61,30.65,1569.0,Maize (white)
2025-05-01,maize,Mbarara,Mbarara,-0.61,30.65,2625.0,Maize (white)
2025-06-01,maize,Mbarara,Mbarara,-0.61,30.65,2500.0,Maize (white)
2025-07-01,maize,Mbarara,Mbarara,-0.61,30.65,2500.0,Maize (white)
2025-08-01,maize,Mbarara,Mbarara,-0.61,30.65,2500.0,Maize (white)
2025-09-01,maize,Mbarara,Mbarara,-0.61,30.65,2500.0,Maize (white)
2025-10-01,maize,Mbarara,Mbarara,-0.61,30.65,2500.0,Maize (white)
2025-11-01,maize,Mbarara,Mbarara,-0.61,30.65,2500.0,Maize (white)
2025-12-01,maize,Mbarara,Mbarara,-0.61,30.65,2467.0,Maize (white)
2021-07-01,maize,Moroto,Moroto,2.53,34.65,1000.0,Maize (white)
2021-08-01,maize,Moroto,Moroto,2.53,34.65,1000.0,Maize (white)
2021-09-01,maize,Moroto,Moroto,2.53,34.65,1000.0,Maize (white)
2021-10-01,maize,Moroto,Moroto,2.53,34.65,1200.0,Maize (white)
2021-11-01,maize,Moroto,Moroto,2.53,34.65,1248.0,Maize (white)
2021-12-01,maize,Moroto,Moroto,2.53,34.65,1300.0,Maize (white)
2022-08-01,maize,Moroto,Moroto,2.53,34.65,2000.0,Maize (white)
2022-09-01,maize,Moroto,Moroto,2.53,34.65,2267.0,Maize (white)
2022-10-01,maize,Moroto,Moroto,2.53,34.65,2800.0,Maize (white)
2022-11-01,maize,Moroto,Moroto,2.53,34.65,2800.0,Maize (white)
2022-12-01,maize,Moroto,Moroto,2.53,34.65,2500.0,Maize (white)
2023-01-01,maize,Moroto,Moroto,2.53,34.65,1900.0,Maize (white)
2023-02-01,maize,Moroto,Moroto,2.53,34.65,1725.0,Maize (white)
2023-03-01,maize,Moroto,Moroto,2.53,34.65,2240.0,Maize (white)
2023-04-01,maize,Moroto,Moroto,2.53,34.65,2200.0,Maize (white)
2023-06-01,maize,Moroto,Moroto,2.53,34.65,1300.0,Maize (white)
2023-07-01,maize,Moroto,Moroto,2.53,34.65,1833.0,Maize (white)
2023-08-01,maize,Moroto,Moroto,2.53,34.65,1433.0,Maize (white)
2023-09-01,maize,Moroto,Moroto,2.53,34.65,1400.0,Maize (white)
2023-10-01,maize,Moroto,Moroto,2.53,34.65,1500.0,Maize (white)
2023-11-01,maize,Moroto,Moroto,2.53,34.65,1175.0,Maize (white)
2023-12-01,maize,Moroto,Moroto,2.53,34.65,1167.0,Maize (white)
2024-01-01,maize,Moroto,Moroto,2.53,34.65,1200.0,Maize (white)
2024-02-01,maize,Moroto,Moroto,2.53,34.65,1000.0,Maize (white)
2024-03-01,maize,Moroto,Moroto,2.53,34.65,1040.0,Maize (white)
2024-04-01,maize,Moroto,Moroto,2.53,34.65,1150.0,Maize (white)
2024-05-01,maize,Moroto,Moroto,2.53,34.65,1033.0,Maize (white)
2024-06-01,maize,Moroto,Moroto,2.53,34.65,1000.0,Maize (white)
2024-07-01,maize,Moroto,Moroto,2.53,34.65,1040.0,Maize (white)
2024-08-01,maize,Moroto,Moroto,2.53,34.65,1060.0,Maize (white)
2024-09-01,maize,Moroto,Moroto,2.53,34.65,1100.0,Maize (white)
2024-10-01,maize,Moroto,Moroto,2.53,34.65,1200.0,Maize (white)
2024-11-01,maize,Moroto,Moroto,2.53,34.65,1120.0,Maize (white)
2024-12-01,maize,Moroto,Moroto,2.53,34.65,1275.0,Maize (white)
2025-01-01,maize,Moroto,Moroto,2.53,34.65,1283.0,Maize (white)
2025-02-01,maize,Moroto,Moroto,2.53,34.65,1260.0,Maize (white)
2025-03-01,maize,Moroto,Moroto,2.53,34.65,1240.0,Maize (white)
2025-04-01,maize,Moroto,Moroto,2.53,34.65,1471.0,Maize (white)
2025-05-01,maize,Moroto,Moroto,2.53,34.65,1673.0,Maize (white)
2025-06-01,maize,Moroto,Moroto,2.53,34.65,1758.0,Maize (white)
2025-07-01,maize,Moroto,Moroto,2.53,34.65,1792.0,Maize (white)
2025-08-01,maize,Moroto,Moroto,2.53,34.65,1767.0,Maize (white)
2025-09-01,maize,Moroto,Moroto,2.53,34.65,1719.0,Maize (white)
2025-10-01,maize,Moroto,Moroto,2.53,34.65,1394.0,Maize (white)
2025-11-01,maize,Moroto,Moroto,2.53,34.65,1360.0,Maize (white)
2025-12-01,maize,Moroto,Moroto,2.53,34.65,1380.0,Maize (white)
2026-01-01,maize,Moroto,Moroto,2.53,34.65,1382.0,Maize (white)
2022-03-01,maize,Mukono,Mukono,0.36,32.75,1600.0,Maize (white)
2022-04-01,maize,Mukono,Mukono,0.36,32.75,1800.0,Maize (white)
2022-05-01,maize,Mukono,Mukono,0.36,32.75,2080.0,Maize (white)
2022-06-01,maize,Mukono,Mukono,0.36,32.75,2280.0,Maize (white)
2022-07-01,maize,Mukono,Mukono,0.36,32.75,2380.0,Maize (white)
2022-08-01,maize,Mukono,Mukono,0.36,32.75,2500.0,Maize (white)
2022-09-01,maize,Mukono,Mukono,0.36,32.75,2500.0,Maize (white)
2022-10-01,maize,Mukono,Mukono,0.36,32.75,2800.0,Maize (white)
2022-11-01,maize,Mukono,Mukono,0.36,32.75,2960.0,Maize (white)
2022-12-01,maize,Mukono,Mukono,0.36,32.75,2860.0,Maize (white)
2023-01-01,maize,Mukono,Mukono,0.36,32.75,3000.0,Maize (white)
2023-02-01,maize,Mukono,Mukono,0.36,32.75,2800.0,Maize (white)
2023-03-01,maize,Mukono,Mukono,0.36,32.75,2500.0,Maize (white)
2023-04-01,maize,Mukono,Mukono,0.36,32.75,2333.0,Maize (white)
2023-06-01,maize,Mukono,Mukono,0.36,32.75,2700.0,Maize (white)
2023-07-01,maize,Mukono,Mukono,0.36,32.75,2825.0,Maize (white)
2023-08-01,maize,Mukono,Mukono,0.36,32.75,2450.0,Maize (white)
2023-09-01,maize,Mukono,Mukono,0.36,32.75,2500.0,Maize (white)
2023-10-01,maize,Mukono,Mukono,0.36,32.75,2233.0,Maize (white)
2023-11-01,maize,Mukono,Mukono,0.36,32.75,2100.0,Maize (white)
2023-12-01,maize,Mukono,Mukono,0.36,32.75,2000.0,Maize (white)
2024-01-01,maize,Mukono,Mukono,0.36,32.75,1950.0,Maize (white)
2024-02-01,maize,Mukono,Mukono,0.36,32.75,2083.0,Maize (white)
2024-03-01,maize,Mukono,Mukono,0.36,32.75,2000.0,Maize (white)
2024-04-01,maize,Mukono,Mukono,0.36,32.75,1750.0,Maize (white)
2024-05-01,maize,Mukono,Mukono,0.36,32.75,1600.0,Maize (white)
2024-06-01,maize,Mukono,Mukono,0.36,32.75,1500.0,Maize (white)
2024-07-01,maize,Mukono,Mukono,0.36,32.75,2025.0,Maize (white)
2024-08-01,maize,Mukono,Mukono,0.36,32.75,1767.0,Maize (white)
2024-09-01,maize,Mukono,Mukono,0.36,32.75,1650.0,Maize (white)
2024-10-01,maize,Mukono,Mukono,0.36,32.75,1625.0,Maize (white)
2024-11-01,maize,Mukono,Mukono,0.36,32.75,1860.0,Maize (white)
2024-12-01,maize,Mukono,Mukono,0.36,32.75,1725.0,Maize (white)
2025-01-01,maize,Mukono,Mukono,0.36,32.75,1867.0,Maize (white)
2025-02-01,maize,Mukono,Mukono,0.36,32.75,2200.0,Maize (white)
2025-03-01,maize,Mukono,Mukono,0.36,32.75,2232.0,Maize (white)
2025-04-01,maize,Mukono,Mukono,0.36,32.75,2301.0,Maize (white)
2022-08-01,maize,Nabilatuk,Nakapiripirit,2.05,34.57,1900.0,Maize (white)
2022-09-01,maize,Nabilatuk,Nakapiripirit,2.05,34.57,1800.0,Maize (white)
2022-10-01,maize,Nabilatuk,Nakapiripirit,2.05,34.57,1800.0,Maize (white)
2022-11-01,maize,Nabilatuk,Nakapiripirit,2.05,34.57,1700.0,Maize (white)
2022-12-01,maize,Nabilatuk,Nakapiripirit,2.05,34.57,1700.0,Maize (white)
2023-01-01,maize,Nabilatuk,Nakapiripirit,2.05,34.57,1600.0,Maize (white)
2023-02-01,maize,Nabilatuk,Nakapiripirit,2.05,34.57,1525.0,Maize (white)
2023-03-01,maize,Nabilatuk,Nakapiripirit,2.05,34.57,1660.0,Maize (white)
2023-04-01,maize,Nabilatuk,Nakapiripirit,2.05,34.57,1825.0,Maize (white)
2023-06-01,maize,Nabilatuk,Nakapiripirit,2.05,34.57,2000.0,Maize (white)
2023-07-01,maize,Nabilatuk,Nakapiripirit,2.05,34.57,2000.0,Maize (white)
2023-08-01,maize,Nabilatuk,Nakapiripirit,2.05,34.57,1367.0,Maize (white)
2023-09-01,maize,Nabilatuk,Nakapiripirit,2.05,34.57,1533.0,Maize (white)
2023-10-01,maize,Nabilatuk,Nakapiripirit,2.05,34.57,1225.0,Maize (white)
2023-11-01,maize,Nabilatuk,Nakapiripirit,2.05,34.57,1100.0,Maize (white)
2023-12-01,maize,Nabilatuk,Nakapiripirit,2.05,34.57,1100.0,Maize (white)
2024-01-01,maize,Nabilatuk,Nakapiripirit,2.05,34.57,1100.0,Maize (white)
2024-02-01,maize,Nabilatuk,Nakapiripirit,2.05,34.57,1000.0,Maize (white)
2024-03-01,maize,Nabilatuk,Nakapiripirit,2.05,34.57,1000.0,Maize (white)
2024-04-01,maize,Nabilatuk,Nakapiripirit,2.05,34.57,960.0,Maize (white)
2024-05-01,maize,Nabilatuk,Nakapiripirit,2.05,34.57,1000.0,Maize (white)
2024-06-01,maize,Nabilatuk,Nakapiripirit,2.05,34.57,1000.0,Maize (white)
2024-07-01,maize,Nabilatuk,Nakapiripirit,2.05,34.57,980.0,Maize (white)
2024-08-01,maize,Nabilatuk,Nakapiripirit,2.05,34.57,970.0,Maize (white)
2024-09-01,maize,Nabilatuk,Nakapiripirit,2.05,34.57,975.0,Maize (white)
2024-10-01,maize,Nabilatuk,Nakapiripirit,2.05,34.57,1000.0,Maize (white)
2024-11-01,maize,Nabilatuk,Nakapiripirit,2.05,34.57,982.0,Maize (white)
2024-12-01,maize,Nabilatuk,Nakapiripirit,2.05,34.57,1200.0,Maize (white)
2025-01-01,maize,Nabilatuk,Nakapiripirit,2.05,34.57,1183.0,Maize (white)
2025-02-01,maize,Nabilatuk,Nakapiripirit,2.05,34.57,1120.0,Maize (white)
2025-03-01,maize,Nabilatuk,Nakapiripirit,2.05,34.57,1200.0,Maize (white)
2025-04-01,maize,Nabilatuk,Nakapiripirit,2.05,34.57,1425.0,Maize (white)
2025-05-01,maize,Nabilatuk,Nakapiripirit,2.05,34.57,1563.0,Maize (white)
2025-06-01,maize,Nabilatuk,Nakapiripirit,2.05,34.57,1655.0,Maize (white)
2025-07-01,maize,Nabilatuk,Nakapiripirit,2.05,34.57,1706.0,Maize (white)
2025-08-01,maize,Nabilatuk,Nakapiripirit,2.05,34.57,1261.0,Maize (white)
2025-09-01,maize,Nabilatuk,Nakapiripirit,2.05,34.57,976.0,Maize (white)
2025-10-01,maize,Nabilatuk,Nakapiripirit,2.05,34.57,1016.0,Maize (white)
2025-11-01,maize,Nabilatuk,Nakapiripirit,2.05,34.57,1032.0,Maize (white)
2025-12-01,maize,Nabilatuk,Nakapiripirit,2.05,34.57,1071.0,Maize (white)
2026-01-01,maize,Nabilatuk,Nakapiripirit,2.05,34.57,1042.0,Maize (white)
2018-10-01,maize,Namalu,Nakapiripirit,1.79,34.6,600.0,Maize (white)
2018-11-01,maize,Namalu,Nakapiripirit,1.79,34.6,650.0,Maize (white)
2018-12-01,maize,Namalu,Nakapiripirit,1.79,34.6,800.0,Maize (white)
2019-01-01,maize,Namalu,Nakapiripirit,1.79,34.6,867.0,Maize (white)
2019-02-01,maize,Namalu,Nakapiripirit,1.79,34.6,1200.0,Maize (white)
2019-03-01,maize,Namalu,Nakapiripirit,1.79,34.6,1200.0,Maize (white)
2019-04-01,maize,Namalu,Nakapiripirit,1.79,34.6,1374.75,Maize (white)
2019-05-01,maize,Namalu,Nakapiripirit,1.79,34.6,1500.0,Maize (white)
2019-06-01,maize,Namalu,Nakapiripirit,1.79,34.6,1333.0,Maize (white)
2019-07-01,maize,Namalu,Nakapiripirit,1.79,34.6,1385.0,Maize (white)
2019-08-01,maize,Namalu,Nakapiripirit,1.79,34.6,1187.5,Maize (white)
2019-09-01,maize,Namalu,Nakapiripirit,1.79,34.6,958.75,Maize (white)
2019-10-01,maize,Namalu,Nakapiripirit,1.79,34.6,800.0,Maize (white)
2019-11-01,maize,Namalu,Nakapiripirit,1.79,34.6,1000.0,Maize (white)
2019-12-01,maize,Namalu,Nakapiripirit,1.79,34.6,1000.0,Maize (white)
2020-01-01,maize,Namalu,Nakapiripirit,1.79,34.6,1100.0,Maize (white)
2020-02-01,maize,Namalu,Nakapiripirit,1.79,34.6,1100.0,Maize (white)
2020-04-01,maize,Namalu,Nakapiripirit,1.79,34.6,1200.0,Maize (white)
2020-05-01,maize,Namalu,Nakapiripirit,1.79,34.6,1141.67,Maize (white)
2020-06-01,maize,Namalu,Nakapiripirit,1.79,34.6,1255.0,Maize (white)
2020-07-01,maize,Namalu,Nakapiripirit,1.79,34.6,1190.0,Maize (white)
2020-08-01,maize,Namalu,Nakapiripirit,1.79,34.6,1084.0,Maize (white)
2020-09-01,maize,Namalu,Nakapiripirit,1.79,34.6,1000.0,Maize (white)
2020-10-01,maize,Namalu,Nakapiripirit,1.79,34.6,1000.0,Maize (white)
2020-11-01,maize,Namalu,Nakapiripirit,1.79,34.6,780.0,Maize (white)
2020-12-01,maize,Namalu,Nakapiripirit,1.79,34.6,800.0,Maize (white)
2021-01-01,maize,Namalu,Nakapiripirit,1.79,34.6,830.0,Maize (white)
2021-04-01,maize,Namalu,Nakapiripirit,1.79,34.6,850.0,Maize (white)
2021-05-01,maize,Namalu,Nakapiripirit,1.79,34.6,1000.0,Maize (white)
2021-06-01,maize,Namalu,Nakapiripirit,1.79,34.6,1020.0,Maize (white)
2021-07-01,maize,Namalu,Nakapiripirit,1.79,34.6,1000.0,Maize (white)
2021-08-01,maize,Namalu,Nakapiripirit,1.79,34.6,1050.0,Maize (white)
2021-09-01,maize,Namalu,Nakapiripirit,1.79,34.6,963.0,Maize (white)
2021-11-01,maize,Namalu,Nakapiripirit,1.79,34.6,995.0,Maize (white)
2021-12-01,maize,Namalu,Nakapiripirit,1.79,34.6,995.0,Maize (white)
2022-08-01,maize,Namalu,Nakapiripirit,1.79,34.6,1750.0,Maize (white)
2022-09-01,maize,Namalu,Nakapiripirit,1.79,34.6,1800.0,Maize (white)
2022-10-01,maize,Namalu,Nakapiripirit,1.79,34.6,1800.0,Maize (white)
2022-11-01,maize,Namalu,Nakapiripirit,1.79,34.6,1575.0,Maize (white)
2022-12-01,maize,Namalu,Nakapiripirit,1.79,34.6,1520.0,Maize (white)
2023-01-01,maize,Namalu,Nakapiripirit,1.79,34.6,1475.0,Maize (white)
2023-02-01,maize,Namalu,Nakapiripirit,1.79,34.6,1375.0,Maize (white)
2023-03-01,maize,Namalu,Nakapiripirit,1.79,34.6,1700.0,Maize (white)
2023-04-01,maize,Namalu,Nakapiripirit,1.79,34.6,1925.0,Maize (white)
2023-05-01,maize,Namalu,Nakapiripirit,1.79,34.6,1925.0,Maize (white)
2023-06-01,maize,Namalu,Nakapiripirit,1.79,34.6,1950.0,Maize (white)
2023-07-01,maize,Namalu,Nakapiripirit,1.79,34.6,1780.0,Maize (white)
2023-08-01,maize,Namalu,Nakapiripirit,1.79,34.6,1400.0,Maize (white)
2023-09-01,maize,Namalu,Nakapiripirit,1.79,34.6,1300.0,Maize (white)
2023-10-01,maize,Namalu,Nakapiripirit,1.79,34.6,1263.0,Maize (white)
2023-11-01,maize,Namalu,Nakapiripirit,1.79,34.6,1160.0,Maize (white)
2023-12-01,maize,Namalu,Nakapiripirit,1.79,34.6,1167.0,Maize (white)
2024-01-01,maize,Namalu,Nakapiripirit,1.79,34.6,1160.0,Maize (white)
2024-02-01,maize,Namalu,Nakapiripirit,1.79,34.6,1100.0,Maize (white)
2024-03-01,maize,Namalu,Nakapiripirit,1.79,34.6,1040.0,Maize (white)
2024-04-01,maize,Namalu,Nakapiripirit,1.79,34.6,1060.0,Maize (white)
2024-05-01,maize,Namalu,Nakapiripirit,1.79,34.6,950.0,Maize (white)
2024-06-01,maize,Namalu,Nakapiripirit,1.79,34.6,989.0,Maize (white)
2024-07-01,maize,Namalu,Nakapiripirit,1.79,34.6,960.0,Maize (white)
2024-08-01,maize,Namalu,Nakapiripirit,1.79,34.6,930.0,Maize (white)
2024-09-01,maize,Namalu,Nakapiripirit,1.79,34.6,900.0,Maize (white)
2024-10-01,maize,Namalu,Nakapiripirit,1.79,34.6,880.0,Maize (white)
2024-11-01,maize,Namalu,Nakapiripirit,1.79,34.6,903.0,Maize (white)
2024-12-01,maize,Namalu,Nakapiripirit,1.79,34.6,1000.0,Maize (white)
2025-01-01,maize,Namalu,Nakapiripirit,1.79,34.6,1200.0,Maize (white)
2025-02-01,maize,Namalu,Nakapiripirit,1.79,34.6,1200.0,Maize (white)
2025-03-01,maize,Namalu,Nakapiripirit,1.79,34.6,1250.0,Maize (white)
2025-04-01,maize,Namalu,Nakapiripirit,1.79,34.6,1442.0,Maize (white)
2025-05-01,maize,Namalu,Nakapiripirit,1.79,34.6,1619.0,Maize (white)
2025-06-01,maize,Namalu,Nakapiripirit,1.79,34.6,1638.0,Maize (white)
2025-07-01,maize,Namalu,Nakapiripirit,1.79,34.6,1567.0,Maize (white)
2025-08-01,maize,Namalu,Nakapiripirit,1.79,34.6,1083.0,Maize (white)
2025-09-01,maize,Namalu,Nakapiripirit,1.79,34.6,875.0,Maize (white)
2025-10-01,maize,Namalu,Nakapiripirit,1.79,34.6,980.0,Maize (white)
2025-11-01,maize,Namalu,Nakapiripirit,1.79,34.6,1067.0,Maize (white)
2025-12-01,maize,Namalu,Nakapiripirit,1.79,34.6,1150.0,Maize (white)
2026-01-01,maize,Namalu,Nakapiripirit,1.79,34.6,1123.0,Maize (white)
2022-09-01,maize,Napak,Napak,2.22,34.26,1550.0,Maize (white)
2022-10-01,maize,Napak,Napak,2.22,34.26,1620.0,Maize (white)
2022-11-01,maize,Napak,Napak,2.22,34.26,1750.0,Maize (white)
2022-12-01,maize,Napak,Napak,2.22,34.26,2340.0,Maize (white)
2023-01-01,maize,Napak,Napak,2.22,34.26,2500.0,Maize (white)
2023-02-01,maize,Napak,Napak,2.22,34.26,2500.0,Maize (white)
2023-03-01,maize,Napak,Napak,2.22,34.26,3040.0,Maize (white)
2023-04-01,maize,Napak,Napak,2.22,34.26,2150.0,Maize (white)
2023-06-01,maize,Napak,Napak,2.22,34.26,2300.0,Maize (white)
2023-07-01,maize,Napak,Napak,2.22,34.26,2340.0,Maize (white)
2023-08-01,maize,Napak,Napak,2.22,34.26,1467.0,Maize (white)
2023-09-01,maize,Napak,Napak,2.22,34.26,1500.0,Maize (white)
2023-10-01,maize,Napak,Napak,2.22,34.26,1750.0,Maize (white)
2023-11-01,maize,Napak,Napak,2.22,34.26,1350.0,Maize (white)
2023-12-01,maize,Napak,Napak,2.22,34.26,1200.0,Maize (white)
2024-01-01,maize,Napak,Napak,2.22,34.26,1200.0,Maize (white)
2024-02-01,maize,Napak,Napak,2.22,34.26,1200.0,Maize (white)
2024-03-01,maize,Napak,Napak,2.22,34.26,1160.0,Maize (white)
2024-04-01,maize,Napak,Napak,2.22,34.26,1040.0,Maize (white)
2024-05-01,maize,Napak,Napak,2.22,34.26,1333.0,Maize (white)
2024-06-01,maize,Napak,Napak,2.22,34.26,1333.0,Maize (white)
2024-07-01,maize,Napak,Napak,2.22,34.26,1200.0,Maize (white)
2024-08-01,maize,Napak,Napak,2.22,34.26,1120.0,Maize (white)
2024-09-01,maize,Napak,Napak,2.22,34.26,1100.0,Maize (white)
2024-10-01,maize,Napak,Napak,2.22,34.26,1200.0,Maize (white)
2024-11-01,maize,Napak,Napak,2.22,34.26,1140.0,Maize (white)
2024-12-01,maize,Napak,Napak,2.22,34.26,1300.0,Maize (white)
2025-01-01,maize,Napak,Napak,2.22,34.26,1267.0,Maize (white)
2025-02-01,maize,Napak,Napak,2.22,34.26,1200.0,Maize (white)
2025-03-01,maize,Napak,Napak,2.22,34.26,1220.0,Maize (white)
2025-04-01,maize,Napak,Napak,2.22,34.26,1458.0,Maize (white)
2025-05-01,maize,Napak,Napak,2.22,34.26,1971.0,Maize (white)
2025-06-01,maize,Napak,Napak,2.22,34.26,2000.0,Maize (white)
2025-07-01,maize,Napak,Napak,2.22,34.26,1810.0,Maize (white)
2025-08-01,maize,Napak,Napak,2.22,34.26,1200.0,Maize (white)
2025-09-01,maize,Napak,Napak,2.22,34.26,1500.0,Maize (white)
2025-10-01,maize,Napak,Napak,2.22,34.26,1250.0,Maize (white)
2025-11-01,maize,Napak,Napak,2.22,34.26,1200.0,Maize (white)
2026-01-01,maize,Napak,Napak,2.22,34.26,1178.0,Maize (white)
2010-01-01,maize,Owino,Kampala,0.32,32.57,725.0,Maize
2010-02-01,maize,Owino,Kampala,0.32,32.57,590.91,Maize
2010-03-01,maize,Owino,Kampala,0.32,32.57,599.29,Maize
2010-04-01,maize,Owino,Kampala,0.32,32.57,800.0,Maize
2010-05-01,maize,Owino,Kampala,0.32,32.57,769.23,Maize
2010-06-01,maize,Owino,Kampala,0.32,32.57,700.0,Maize
2010-07-01,maize,Owino,Kampala,0.32,32.57,608.33,Maize
2010-08-01,maize,Owino,Kampala,0.32,32.57,553.85,Maize
2010-09-01,maize,Owino,Kampala,0.32,32.57,597.69,Maize
2010-10-01,maize,Owino,Kampala,0.32,32.57,676.92,Maize
2010-11-01,maize,Owino,Kampala,0.32,32.57,715.38,Maize
2010-12-01,maize,Owino,Kampala,0.32,32.57,700.0,Maize
2011-01-01,maize,Owino,Kampala,0.32,32.57,650.0,Maize
2011-02-01,maize,Owino,Kampala,0.32,32.57,600.0,Maize
2011-03-01,maize,Owino,Kampala,0.32,32.57,1000.0,Maize
2011-04-01,maize,Owino,Kampala,0.32,32.57,800.0,Maize (white)
2011-05-01,maize,Owino,Kampala,0.32,32.57,1150.0,Maize (white)
2011-06-01,maize,Owino,Kampala,0.32,32.57,1300.0,Maize (white)
2011-07-01,maize,Owino,Kampala,0.32,32.57,1075.0,Maize (white)
2011-08-01,maize,Owino,Kampala,0.32,32.57,767.0,Maize (white)
2011-09-01,maize,Owino,Kampala,0.32,32.57,800.0,Maize (white)
2011-10-01,maize,Owino,Kampala,0.32,32.57,815.0,Maize (white)
2011-11-01,maize,Owino,Kampala,0.32,32.57,824.0,Maize (white)
2011-12-01,maize,Owino,Kampala,0.32,32.57,867.0,Maize (white)
2012-01-01,maize,Owino,Kampala,0.32,32.57,749.0,Maize (white)
2012-02-01,maize,Owino,Kampala,0.32,32.57,712.0,Maize (white)
2012-03-01,maize,Owino,Kampala,0.32,32.57,750.0,Maize (white)
2012-04-01,maize,Owino,Kampala,0.32,32.57,1054.0,Maize (white)
2012-05-01,maize,Owino,Kampala,0.32,32.57,1167.0,Maize (white)
2012-06-01,maize,Owino,Kampala,0.32,32.57,1200.0,Maize (white)
2012-07-01,maize,Owino,Kampala,0.32,32.57,1025.0,Maize (white)
2012-08-01,maize,Owino,Kampala,0.32,32.57,856.0,Maize (white)
2012-09-01,maize,Owino,Kampala,0.32,32.57,792.0,Maize (white)
2012-10-01,maize,Owino,Kampala,0.32,32.57,770.0,Maize (white)
2012-11-01,maize,Owino,Kampala,0.32,32.57,800.0,Maize (white)
2012-12-01,maize,Owino,Kampala,0.32,32.57,884.0,Maize (white)
2013-01-01,maize,Owino,Kampala,0.32,32.57,900.0,Maize (white)
2013-02-01,maize,Owino,Kampala,0.32,32.57,950.0,Maize (white)
2013-03-01,maize,Owino,Kampala,0.32,32.57,1000.0,Maize (white)
2013-04-01,maize,Owino,Kampala,0.32,32.57,1000.0,Maize (white)
2013-05-01,maize,Owino,Kampala,0.32,32.57,900.0,Maize (white)
2013-06-01,maize,Owino,Kampala,0.32,32.57,1000.0,Maize (white)
2013-07-01,maize,Owino,Kampala,0.32,32.57,894.6,Maize (white)
2013-08-01,maize,Owino,Kampala,0.32,32.57,916.75,Maize (white)
2013-09-01,maize,Owino,Kampala,0.32,32.57,933.5,Maize (white)
2013-10-01,maize,Owino,Kampala,0.32,32.57,775.0,Maize (white)
2013-11-01,maize,Owino,Kampala,0.32,32.57,1167.0,Maize (white)
2013-12-01,maize,Owino,Kampala,0.32,32.57,1184.0,Maize (white)
2014-01-01,maize,Owino,Kampala,0.32,32.57,833.0,Maize (white)
2014-02-01,maize,Owino,Kampala,0.32,32.57,850.0,Maize (white)
2014-03-01,maize,Owino,Kampala,0.32,32.57,1000.0,Maize (white)
2014-04-01,maize,Owino,Kampala,0.32,32.57,1000.0,Maize (white)
2014-05-01,maize,Owino,Kampala,0.32,32.57,1000.0,Maize (white)
2014-06-01,maize,Owino,Kampala,0.32,32.57,983.0,Maize (white)
2014-07-01,maize,Owino,Kampala,0.32,32.57,750.0,Maize (white)
2014-08-01,maize,Owino,Kampala,0.32,32.57,800.0,Maize (white)
2014-09-01,maize,Owino,Kampala,0.32,32.57,825.0,Maize (white)
2014-10-01,maize,Owino,Kampala,0.32,32.57,1000.0,Maize (white)
2014-11-01,maize,Owino,Kampala,0.32,32.57,950.0,Maize (white)
2014-12-01,maize,Owino,Kampala,0.32,32.57,800.0,Maize (white)
2015-01-01,maize,Owino,Kampala,0.32,32.57,800.0,Maize (white)
2015-02-01,maize,Owino,Kampala,0.32,32.57,1000.0,Maize (white)
2015-03-01,maize,Owino,Kampala,0.32,32.57,800.0,Maize (white)
2015-04-01,maize,Owino,Kampala,0.32,32.57,1500.0,Maize (white)
2015-05-01,maize,Owino,Kampala,0.32,32.57,1500.0,Maize (white)
2015-06-01,maize,Owino,Kampala,0.32,32.57,1200.0,Maize (white)
2015-07-01,maize,Owino,Kampala,0.32,32.57,1350.0,Maize (white)
2015-08-01,maize,Owino,Kampala,0.32,32.57,1200.0,Maize (white)
2015-09-01,maize,Owino,Kampala,0.32,32.57,1133.0,Maize (white)
2015-10-01,maize,Owino,Kampala,0.32,32.57,1200.0,Maize (white)
2015-11-01,maize,Owino,Kampala,0.32,32.57,1200.0,Maize (white)
2015-12-01,maize,Owino,Kampala,0.32,32.57,1371.0,Maize (white)
2016-01-01,maize,Owino,Kampala,0.32,32.57,1333.0,Maize (white)
2016-02-01,maize,Owino,Kampala,0.32,32.57,1275.0,Maize (white)
2016-03-01,maize,Owino,Kampala,0.32,32.57,1250.0,Maize (white)
2016-04-01,maize,Owino,Kampala,0.32,32.57,1250.0,Maize (white)
2016-05-01,maize,Owino,Kampala,0.32,32.57,1250.0,Maize (white)
2016-06-01,maize,Owino,Kampala,0.32,32.57,1325.0,Maize (white)
2016-07-01,maize,Owino,Kampala,0.32,32.57,1300.0,Maize (white)
2016-08-01,maize,Owino,Kampala,0.32,32.57,1250.0,Maize (white)
2016-09-01,maize,Owino,Kampala,0.32,32.57,1275.0,Maize (white)
2016-10-01,maize,Owino,Kampala,0.32,32.57,1450.0,Maize (white)
2016-11-01,maize,Owino,Kampala,0.32,32.57,1478.0,Maize (white)
2016-12-01,maize,Owino,Kampala,0.32,32.57,1583.0,Maize (white)
2017-01-01,maize,Owino,Kampala,0.32,32.57,1700.0,Maize (white)
2017-02-01,maize,Owino,Kampala,0.32,32.57,1611.0,Maize (white)
2017-03-01,maize,Owino,Kampala,0.32,32.57,1663.0,Maize (white)
2017-04-01,maize,Owino,Kampala,0.32,32.57,1933.0,Maize (white)
2017-05-01,maize,Owino,Kampala,0.32,32.57,2159.0,Maize (white)
2017-06-01,maize,Owino,Kampala,0.32,32.57,2117.0,Maize (white)
2017-07-01,maize,Owino,Kampala,0.32,32.57,1783.0,Maize (white)
2017-08-01,maize,Owino,Kampala,0.32,32.57,1500.0,Maize (white)
2017-09-01,maize,Owino,Kampala,0.32,32.57,1500.0,Maize (white)
2017-10-01,maize,Owino,Kampala,0.32,32.57,900.0,Maize
2017-11-01,maize,Owino,Kampala,0.32,32.57,1441.5,Maize (white)
2017-12-01,maize,Owino,Kampala,0.32,32.57,1500.0,Maize (white)
2018-01-01,maize,Owino,Kampala,0.32,32.57,1400.0,Maize (white)
2018-02-01,maize,Owino,Kampala,0.32,32.57,1400.0,Maize (white)
2018-03-01,maize,Owino,Kampala,0.32,32.57,1500.0,Maize (white)
2018-04-01,maize,Owino,Kampala,0.32,32.57,1400.0,Maize (white)
2018-05-01,maize,Owino,Kampala,0.32,32.57,1400.0,Maize (white)
2018-06-01,maize,Owino,Kampala,0.32,32.57,1500.0,Maize (white)
2018-07-01,maize,Owino,Kampala,0.32,32.57,650.0,Maize
2018-08-01,maize,Owino,Kampala,0.32,32.57,530.0,Maize
2018-09-01,maize,Owino,Kampala,0.32,32.57,600.0,Maize
2018-10-01,maize,Owino,Kampala,0.32,32.57,1000.0,Maize (white)
2018-11-01,maize,Owino,Kampala,0.32,32.57,1000.0,Maize (white)
2018-12-01,maize,Owino,Kampala,0.32,32.57,1000.0,Maize (white)
2019-01-01,maize,Owino,Kampala,0.32,32.57,1000.0,Maize (white)
2019-02-01,maize,Owino,Kampala,0.32,32.57,1133.0,Maize (white)
2019-03-01,maize,Owino,Kampala,0.32,32.57,1100.0,Maize (white)
2019-04-01,maize,Owino,Kampala,0.32,32.57,1350.0,Maize (white)
2019-05-01,maize,Owino,Kampala,0.32,32.57,1550.0,Maize (white)
2019-06-01,maize,Owino,Kampala,0.32,32.57,1550.0,Maize (white)
2019-07-01,maize,Owino,Kampala,0.32,32.57,1375.0,Maize (white)
2019-08-01,maize,Owino,Kampala,0.32,32.57,1275.0,Maize (white)
2019-09-01,maize,Owino,Kampala,0.32,32.57,1525.0,Maize (white)
2019-10-01,maize,Owino,Kampala,0.32,32.57,1533.33,Maize (white)
2019-11-01,maize,Owino,Kampala,0.32,32.57,1475.0,Maize (white)
2019-12-01,maize,Owino,Kampala,0.32,32.57,1500.0,Maize (white)
2020-01-01,maize,Owino,Kampala,0.32,32.57,1225.0,Maize (white)
2020-02-01,maize,Owino,Kampala,0.32,32.57,1025.0,Maize (white)
2020-04-01,maize,Owino,Kampala,0.32,32.57,1500.0,Maize (white)
2020-05-01,maize,Owino,Kampala,0.32,32.57,1425.0,Maize (white)
2020-06-01,maize,Owino,Kampala,0.32,32.57,1300.0,Maize (white)
2020-07-01,maize,Owino,Kampala,0.32,32.57,1100.0,Maize (white)
2020-08-01,maize,Owino,Kampala,0.32,32.57,1013.0,Maize (white)
2020-09-01,maize,Owino,Kampala,0.32,32.57,1000.0,Maize (white)
2020-10-01,maize,Owino,Kampala,0.32,32.57,1000.0,Maize (white)
2020-11-01,maize,Owino,Kampala,0.32,32.57,1104.0,Maize (white)
2020-12-01,maize,Owino,Kampala,0.32,32.57,890.0,Maize (white)
2021-01-01,maize,Owino,Kampala,0.32,32.57,800.0,Maize (white)
2021-04-01,maize,Owino,Kampala,0.32,32.57,1000.0,Maize (white)
2021-05-01,maize,Owino,Kampala,0.32,32.57,1100.0,Maize (white)
2021-06-01,maize,Owino,Kampala,0.32,32.57,950.0,Maize (white)
2021-07-01,maize,Owino,Kampala,0.32,32.57,960.0,Maize (white)
2021-08-01,maize,Owino,Kampala,0.32,32.57,950.0,Maize (white)
2021-09-01,maize,Owino,Kampala,0.32,32.57,1217.0,Maize (white)
2021-10-01,maize,Owino,Kampala,0.32,32.57,950.0,Maize (white)
2021-11-01,maize,Owino,Kampala,0.32,32.57,1133.0,Maize (white)
2021-12-01,maize,Owino,Kampala,0.32,32.57,1033.0,Maize (white)
2022-01-01,maize,Owino,Kampala,0.32,32.57,975.0,Maize (white)
2022-02-01,maize,Owino,Kampala,0.32,32.57,1172.0,Maize (white)
2022-03-01,maize,Owino,Kampala,0.32,32.57,1500.0,Maize (white)
2022-04-01,maize,Owino,Kampala,0.32,32.57,1800.0,Maize (white)
2022-05-01,maize,Owino,Kampala,0.32,32.57,2020.0,Maize (white)
2022-06-01,maize,Owino,Kampala,0.32,32.57,2200.0,Maize (white)
2022-07-01,maize,Owino,Kampala,0.32,32.57,2425.0,Maize (white)
2022-08-01,maize,Owino,Kampala,0.32,32.57,2750.0,Maize (white)
2022-09-01,maize,Owino,Kampala,0.32,32.57,3000.0,Maize (white)
2022-10-01,maize,Owino,Kampala,0.32,32.57,3000.0,Maize (white)
2022-11-01,maize,Owino,Kampala,0.32,32.57,2700.0,Maize (white)
2022-12-01,maize,Owino,Kampala,0.32,32.57,2900.0,Maize (white)
2023-01-01,maize,Owino,Kampala,0.32,32.57,2000.0,Maize (white)
2023-02-01,maize,Owino,Kampala,0.32,32.57,2175.0,Maize (white)
2023-03-01,maize,Owino,Kampala,0.32,32.57,2600.0,Maize (white)
2023-04-01,maize,Owino,Kampala,0.32,32.57,2625.0,Maize (white)
2023-05-01,maize,Owino,Kampala,0.32,32.57,2875.0,Maize (white)
2023-06-01,maize,Owino,Kampala,0.32,32.57,2800.0,Maize (white)
2023-07-01,maize,Owino,Kampala,0.32,32.57,2250.0,Maize (white)
2023-08-01,maize,Owino,Kampala,0.32,32.57,2500.0,Maize (white)
2023-09-01,maize,Owino,Kampala,0.32,32.57,2000.0,Maize (white)
2023-10-01,maize,Owino,Kampala,0.32,32.57,2067.0,Maize (white)
2023-11-01,maize,Owino,Kampala,0.32,32.57,2000.0,Maize (white)
2023-12-01,maize,Owino,Kampala,0.32,32.57,1875.0,Maize (white)
2024-01-01,maize,Owino,Kampala,0.32,32.57,1700.0,Maize (white)
2024-02-01,maize,Owino,Kampala,0.32,32.57,1625.0,Maize (white)
2024-03-01,maize,Owino,Kampala,0.32,32.57,1750.0,Maize (white)
2024-04-01,maize,Owino,Kampala,0.32,32.57,1750.0,Maize (white)
2024-05-01,maize,Owino,Kampala,0.32,32.57,1600.0,Maize (white)
2024-06-01,maize,Owino,Kampala,0.32,32.57,2000.0,Maize (white)
2024-07-01,maize,Owino,Kampala,0.32,32.57,1500.0,Maize (white)
2024-08-01,maize,Owino,Kampala,0.32,32.57,1833.0,Maize (white)
2024-09-01,maize,Owino,Kampala,0.32,32.57,1875.0,Maize (white)
2024-10-01,maize,Owino,Kampala,0.32,32.57,1775.0,Maize (white)
2024-11-01,maize,Owino,Kampala,0.32,32.57,2000.0,Maize (white)
2024-12-01,maize,Owino,Kampala,0.32,32.57,2000.0,Maize (white)
2025-01-01,maize,Owino,Kampala,0.32,32.57,2000.0,Maize (white)
2025-02-01,maize,Owino,Kampala,0.32,32.57,2000.0,Maize (white)
2025-03-01,maize,Owino,Kampala,0.32,32.57,2029.0,Maize (white)
2025-04-01,maize,Owino,Kampala,0.32,32.57,2092.0,Maize (white)
2018-11-01,maize,Soroti,Soroti,1.71,33.62,412.5,Maize (white)
2020-01-01,maize,Soroti,Soroti,1.71,33.62,1250.0,Maize (white)
2020-02-01,maize,Soroti,Soroti,1.71,33.62,1200.0,Maize (white)
2020-04-01,maize,Soroti,Soroti,1.71,33.62,1112.5,Maize (white)
2020-05-01,maize,Soroti,Soroti,1.71,33.62,1000.0,Maize (white)
2020-06-01,maize,Soroti,Soroti,1.71,33.62,1100.0,Maize (white)
2020-07-01,maize,Soroti,Soroti,1.71,33.62,729.0,Maize (white)
2022-08-01,maize,Soroti,Soroti,1.71,33.62,1500.0,Maize (white)
2022-09-01,maize,Soroti,Soroti,1.71,33.62,1675.0,Maize (white)
2022-10-01,maize,Soroti,Soroti,1.71,33.62,1875.0,Maize (white)
2022-11-01,maize,Soroti,Soroti,1.71,33.62,1675.0,Maize (white)
2022-12-01,maize,Soroti,Soroti,1.71,33.62,1900.0,Maize (white)
2023-01-01,maize,Soroti,Soroti,1.71,33.62,1500.0,Maize (white)
2023-02-01,maize,Soroti,Soroti,1.71,33.62,1575.0,Maize (white)
2023-03-01,maize,Soroti,Soroti,1.71,33.62,1680.0,Maize (white)
2023-04-01,maize,Soroti,Soroti,1.71,33.62,1850.0,Maize (white)
2023-05-01,maize,Soroti,Soroti,1.71,33.62,1850.0,Maize (white)
2023-06-01,maize,Soroti,Soroti,1.71,33.62,2200.0,Maize (white)
2023-07-01,maize,Soroti,Soroti,1.71,33.62,1717.0,Maize (white)
2023-08-01,maize,Soroti,Soroti,1.71,33.62,1233.0,Maize (white)
2023-09-01,maize,Soroti,Soroti,1.71,33.62,1200.0,Maize (white)
2023-10-01,maize,Soroti,Soroti,1.71,33.62,1375.0,Maize (white)
2023-11-01,maize,Soroti,Soroti,1.71,33.62,1200.0,Maize (white)
2023-12-01,maize,Soroti,Soroti,1.71,33.62,1033.0,Maize (white)
2024-01-01,maize,Soroti,Soroti,1.71,33.62,883.0,Maize (white)
2024-02-01,maize,Soroti,Soroti,1.71,33.62,1000.0,Maize (white)
2024-03-01,maize,Soroti,Soroti,1.71,33.62,920.0,Maize (white)
2024-04-01,maize,Soroti,Soroti,1.71,33.62,1017.0,Maize (white)
2024-05-01,maize,Soroti,Soroti,1.71,33.62,1017.0,Maize (white)
2024-06-01,maize,Soroti,Soroti,1.71,33.62,1075.0,Maize (white)
2024-07-01,maize,Soroti,Soroti,1.71,33.62,880.0,Maize (white)
2024-08-01,maize,Soroti,Soroti,1.71,33.62,900.0,Maize (white)
2024-09-01,maize,Soroti,Soroti,1.71,33.62,950.0,Maize (white)
2024-10-01,maize,Soroti,Soroti,1.71,33.62,940.0,Maize (white)
2024-11-01,maize,Soroti,Soroti,1.71,33.62,930.0,Maize (white)
2024-12-01,maize,Soroti,Soroti,1.71,33.62,1250.0,Maize (white)
2025-01-01,maize,Soroti,Soroti,1.71,33.62,1233.0,Maize (white)
2025-02-01,maize,Soroti,Soroti,1.71,33.62,1160.0,Maize (white)
2025-03-01,maize,Soroti,Soroti,1.71,33.62,1200.0,Maize (white)
2025-04-01,maize,Soroti,Soroti,1.71,33.62,1379.0,Maize (white)
2025-05-01,maize,Soroti,Soroti,1.71,33.62,1408.0,Maize (white)
2025-07-01,maize,Soroti,Soroti,1.71,33.62,1433.0,Maize (white)
2025-08-01,maize,Soroti,Soroti,1.71,33.62,1117.0,Maize (white)
2025-09-01,maize,Soroti,Soroti,1.71,33.62,1375.0,Maize (white)
2025-10-01,maize,Soroti,Soroti,1.71,33.62,1013.0,Maize (white)
2025-11-01,maize,Soroti,Soroti,1.71,33.62,1071.0,Maize (white)
2025-12-01,maize,Soroti,Soroti,1.71,33.62,987.0,Maize (white)
2021-07-01,maize,Tororo,Tororo,0.69,34.18,976.0,Maize (white)
2021-08-01,maize,Tororo,Tororo,0.69,34.18,991.0,Maize (white)
2021-09-01,maize,Tororo,Tororo,0.69,34.18,1088.0,Maize (white)
2021-10-01,maize,Tororo,Tororo,0.69,34.18,1132.0,Maize (white)
2021-11-01,maize,Tororo,Tororo,0.69,34.18,1167.0,Maize (white)
2021-12-01,maize,Tororo,Tororo,0.69,34.18,1182.0,Maize (white)
2022-01-01,maize,Tororo,Tororo,0.69,34.18,1237.0,Maize (white)
2022-03-01,maize,Tororo,Tororo,0.69,34.18,1250.0,Maize (white)
2022-04-01,maize,Tororo,Tororo,0.69,34.18,1667.0,Maize (white)
2022-05-01,maize,Tororo,Tororo,0.69,34.18,2000.0,Maize (white)
2022-06-01,maize,Tororo,Tororo,0.69,34.18,2150.0,Maize (white)
2022-07-01,maize,Tororo,Tororo,0.69,34.18,2150.0,Maize (white)
2022-08-01,maize,Tororo,Tororo,0.69,34.18,1600.0,Maize (white)
2022-09-01,maize,Tororo,Tororo,0.69,34.18,1650.0,Maize (white)
2022-10-01,maize,Tororo,Tororo,0.69,34.18,1600.0,Maize (white)
2022-11-01,maize,Tororo,Tororo,0.69,34.18,1880.0,Maize (white)
2022-12-01,maize,Tororo,Tororo,0.69,34.18,1300.0,Maize (white)
2023-01-01,maize,Tororo,Tororo,0.69,34.18,1200.0,Maize (white)
2023-02-01,maize,Tororo,Tororo,0.69,34.18,1333.33,Maize (white)
2023-03-01,maize,Tororo,Tororo,0.69,34.18,1640.0,Maize (white)
2023-04-01,maize,Tororo,Tororo,0.69,34.18,1850.0,Maize (white)
2023-06-01,maize,Tororo,Tororo,0.69,34.18,2200.0,Maize (white)
2023-07-01,maize,Tororo,Tororo,0.69,34.18,1400.0,Maize (white)
2023-08-01,maize,Tororo,Tororo,0.69,34.18,1040.0,Maize (white)
2023-09-01,maize,Tororo,Tororo,0.69,34.18,1200.0,Maize (white)
2023-10-01,maize,Tororo,Tororo,0.69,34.18,1225.0,Maize (white)
2023-11-01,maize,Tororo,Tororo,0.69,34.18,1080.0,Maize (white)
2023-12-01,maize,Tororo,Tororo,0.69,34.18,900.0,Maize (white)
2024-01-01,maize,Tororo,Tororo,0.69,34.18,960.0,Maize (white)
2024-02-01,maize,Tororo,Tororo,0.69,34.18,975.0,Maize (white)
2024-03-01,maize,Tororo,Tororo,0.69,34.18,925.0,Maize (white)
2024-04-01,maize,Tororo,Tororo,0.69,34.18,938.0,Maize (white)
2024-05-01,maize,Tororo,Tororo,0.69,34.18,830.0,Maize (white)
2024-06-01,maize,Tororo,Tororo,0.69,34.18,770.0,Maize (white)
2024-07-01,maize,Tororo,Tororo,0.69,34.18,890.0,Maize (white)
2024-08-01,maize,Tororo,Tororo,0.69,34.18,939.0,Maize (white)
2024-09-01,maize,Tororo,Tororo,0.69,34.18,1000.0,Maize (white)
2024-10-01,maize,Tororo,Tororo,0.69,34.18,1000.0,Maize (white)
2024-11-01,maize,Tororo,Tororo,0.69,34.18,1363.0,Maize (white)
2024-12-01,maize,Tororo,Tororo,0.69,34.18,1175.0,Maize (white)
2025-01-01,maize,Tororo,Tororo,0.69,34.18,1140.0,Maize (white)
2025-02-01,maize,Tororo,Tororo,0.69,34.18,1226.0,Maize (white)
2025-03-01,maize,Tororo,Tororo,0.69,34.18,1244.0,Maize (white)
2025-04-01,maize,Tororo,Tororo,0.69,34.18,2000.0,Maize (white)
2022-03-01,maize,Wakiso,Wakiso,0.4,32.48,1300.0,Maize (white)
2022-04-01,maize,Wakiso,Wakiso,0.4,32.48,1833.0,Maize (white)
2022-05-01,maize,Wakiso,Wakiso,0.4,32.48,1900.0,Maize (white)
2022-06-01,maize,Wakiso,Wakiso,0.4,32.48,2060.0,Maize (white)
2022-07-01,maize,Wakiso,Wakiso,0.4,32.48,2233.33,Maize (white)
2022-08-01,maize,Wakiso,Wakiso,0.4,32.48,2533.0,Maize (white)
2022-09-01,maize,Wakiso,Wakiso,0.4,32.48,2660.0,Maize (white)
2022-10-01,maize,Wakiso,Wakiso,0.4,32.48,2875.0,Maize (white)
2022-11-01,maize,Wakiso,Wakiso,0.4,32.48,2820.0,Maize (white)
2022-12-01,maize,Wakiso,Wakiso,0.4,32.48,2680.0,Maize (white)
2023-01-01,maize,Wakiso,Wakiso,0.4,32.48,2375.0,Maize (white)
2023-02-01,maize,Wakiso,Wakiso,0.4,32.48,2333.33,Maize (white)
2023-03-01,maize,Wakiso,Wakiso,0.4,32.48,2300.0,Maize (white)
2023-04-01,maize,Wakiso,Wakiso,0.4,32.48,2000.0,Maize (white)
2023-06-01,maize,Wakiso,Wakiso,0.4,32.48,2500.0,Maize (white)
2023-07-01,maize,Wakiso,Wakiso,0.4,32.48,2300.0,Maize (white)
2023-08-01,maize,Wakiso,Wakiso,0.4,32.48,2160.0,Maize (white)
2023-09-01,maize,Wakiso,Wakiso,0.4,32.48,1700.0,Maize (white)
2023-10-01,maize,Wakiso,Wakiso,0.4,32.48,1933.0,Maize (white)
2023-11-01,maize,Wakiso,Wakiso,0.4,32.48,1840.0,Maize (white)
2023-12-01,maize,Wakiso,Wakiso,0.4,32.48,1620.0,Maize (white)
2024-01-01,maize,Wakiso,Wakiso,0.4,32.48,1525.0,Maize (white)
2024-02-01,maize,Wakiso,Wakiso,0.4,32.48,1680.0,Maize (white)
2024-03-01,maize,Wakiso,Wakiso,0.4,32.48,1625.0,Maize (white)
2024-04-01,maize,Wakiso,Wakiso,0.4,32.48,1175.0,Maize (white)
2024-05-01,maize,Wakiso,Wakiso,0.4,32.48,1280.0,Maize (white)
2024-06-01,maize,Wakiso,Wakiso,0.4,32.48,1250.0,Maize (white)
2024-07-01,maize,Wakiso,Wakiso,0.4,32.48,1425.0,Maize (white)
2024-08-01,maize,Wakiso,Wakiso,0.4,32.48,1367.0,Maize (white)
2024-09-01,maize,Wakiso,Wakiso,0.4,32.48,1525.0,Maize (white)
2024-10-01,maize,Wakiso,Wakiso,0.4,32.48,1575.0,Maize (white)
2024-11-01,maize,Wakiso,Wakiso,0.4,32.48,1800.0,Maize (white)
2024-12-01,maize,Wakiso,Wakiso,0.4,32.48,1875.0,Maize (white)
2025-01-01,maize,Wakiso,Wakiso,0.4,32.48,1733.0,Maize (white)
2025-02-01,maize,Wakiso,Wakiso,0.4,32.48,2000.0,Maize (white)
2025-03-01,maize,Wakiso,Wakiso,0.4,32.48,2029.0,Maize (white)
2025-04-01,maize,Wakiso,Wakiso,0.4,32.48,2092.0,Maize (white)
