tree
version=v4
num_class=1
num_tree_per_iteration=1
label_index=0
max_feature_idx=14
objective=quantile
feature_names=crop market g m_T m_L r1 r2 r3 r12 seas12 seas24 dev24 prem nat_r1 nat_r3
feature_infos=-1:1:0 -1:25:14:3:19:5:8:6:7:13:15:23:18:10:4:11:16:2:1:20:27:17:26:22:9:24:21:28:12 [1:12] [1:12] [1:12] [-6.4150969591715956:6.2971093199339352] [-6.2146080984221914:6.3969296552161463] [-6.363028103540465:6.3969296552161463] [-6.3969296552161463:6.620073206530356] [-6.620073206530356:6.6970342476664841] [-6.620073206530356:6.6970342476664841] [-6.2418236259844848:0.92116425468978314] [-5.6810875365539726:0.77253746233871912] [-0.43769026763160562:0.56701991109726224] [-1.4039351944644534:0.76376528169911651]
tree_sizes=827 814 830 835 801 827 825 807 833 836 806 806 814 823 833 836 832 827 830 821 825 825 831 817 838 822 813 834 803 826 825 835 845 829 837 833 825 835 806 824 821 823 821 823 832 807 827 840 817 833 831 811 811 814 831 831 823 825 844 805 803 825 833 825 809 810 837 828 831 813 833 812 825 827 828 836 802 842 833 827 822 830 834 834 829 827 802 810 824 825 806 836 824 820 813 836 828 831 824 832 836 831 843 829 826 815 815 826 814 814 822 827 832 828 832 810 831 809 808 830 828 831 828 814 810 827 821 841 834 826 833 814 826 834 831 828 818 818 837 824 817 834 830 811 814 818 827 812 826 814 828 800 832 817 824 829 823 835 814 807 812 804 814 827 821 796 822 838 822 832 837 817 817 844 835 823 812 828 821 829 820 831 810 824 809 815 817 849 830 811 810 825 818 822 820 822 826 833 840 830 810 827 821 822 818 823 823 823 826 810 838 830 830 829 823 811 832 813 819 818 810 825 818 830 842 834 817 835 825 826 821 822 828 839 807 814 807 838 827 828 834 827 814 807 816 810 816 817 833 827 825 832 808 800 815 817 806 826 820 831 817 807 826 811 820 822 782 797 827 824 818 805 819 811 827 828 803 816 822 807 815 825 820 817 816 832 822 834 827 814 821 807 831 840 808 825 816 824 804 824

Tree=0
num_leaves=7
num_cat=2
split_feature=12 1 12 8 1 3
split_gain=325.958 92.8712 89.4134 86.0142 85.0982 58.8757
threshold=-0.039475346294282503 0 -0.23297337943079863 -0.26921203373343067 1 7.5000000000000009
decision_type=10 9 10 10 9 2
left_child=1 2 -1 4 -2 -4
right_child=3 -3 5 -5 -6 -7
leaf_value=0.0046245203912258148 0.0019361557066440581 0.0041116221249103543 0.0014129346795380116 -0.001116233579814434 -0.0016876075230538845 -0.0014637049287557601
leaf_weight=2832 3847 5799 3852 14228 2604 3138
leaf_count=2832 3847 5799 3852 14228 2604 3138
internal_value=-0.000181813 0.00308891 0.00130581 -0.00265256 0.000220862 -0.000514948
internal_weight=36300 15621 9822 20679 6451 6990
internal_count=36300 15621 9822 20679 6451 6990
cat_boundaries=0 1 2
cat_threshold=214102306 438937804
is_linear=0
shrinkage=0.03


Tree=1
num_leaves=7
num_cat=0
split_feature=11 14 11 11 12 14
split_gain=637.496 129.966 89.4977 71.5921 67.7362 52.8207
threshold=0.033581312551052019 -0.13849821623747985 -0.12574695785839338 0.25292598860556753 0.073370377875970241 0.078547279112105614
decision_type=10 8 8 10 8 10
left_child=1 -1 -3 4 -2 -4
right_child=3 2 5 -5 -6 -7
leaf_value=3.348700739443302e-05 -3.7998158158734445e-05 0.0058685549195855854 0.00055006643794476985 -0.004177151750028133 -0.0022661560197360813 0.0042452055995352558
leaf_weight=4272 6720 5546 6803 5615 4606 2700
leaf_count=4272 6720 5546 6803 5615 4606 2700
internal_value=0.000935664 0.00466023 0.0059711 -0.00331218 -0.00193873 0.00420297
internal_weight=36262 19321 15049 16941 11326 9503
internal_count=36262 19321 15049 16941 11326 9503
is_linear=0
shrinkage=0.03


Tree=2
num_leaves=7
num_cat=1
split_feature=11 13 13 0 6 11
split_gain=572.709 77.0977 72.9514 65.7692 61.641 57.9055
threshold=0.033581312551052019 -0.0030242362176403754 0.029944229039719009 0 0.25244050280005365 -0.057179356148810971
decision_type=10 8 10 1 10 8
left_child=1 3 -2 -1 -4 -3
right_child=2 5 4 -5 -6 -7
leaf_value=0.0019020213139168917 -0.0025148445010716096 0.0049171997916810217 0.00010147168798651546 -5.809278209879994e-05 -0.0040603144510248674 0.0016791626753644086
leaf_weight=3909 9812 5855 5367 4359 1615 5220
leaf_count=3909 9812 5855 5367 4359 1615 5220
internal_value=0.000970032 0.00448899 -0.00308306 0.00229653 -0.000738937 0.00612541
internal_weight=36137 19343 16794 8268 6982 11075
internal_count=36137 19343 16794 8268 6982 11075
cat_boundaries=0 1
cat_threshold=2
is_linear=0
shrinkage=0.03


Tree=3
num_leaves=7
num_cat=1
split_feature=11 14 12 1 3 11
split_gain=466.469 121.635 96.7077 82.7732 79.9117 70.2023
threshold=-0.047984122943401701 -0.13778715735331173 0.05950118180801179 0 7.5000000000000009 -0.1763191841191509
decision_type=10 8 10 9 2 8
left_child=1 -1 3 -2 -5 -3
right_child=2 5 -4 4 -6 -7
leaf_value=3.4225180635564034e-05 0.0012082041938688698 0.0066624783632282534 -0.002115497658828981 0.00010370332000919387 -0.0031259110067047087 0.0028472186471091999
leaf_weight=3742 4289 3895 9319 4434 3701 6751
leaf_count=3742 4289 3895 9319 4434 3701 6751
internal_value=0.000542594 0.00473278 -0.00223027 -0.000497384 -0.00227412 0.00636799
internal_weight=36131 14388 21743 12424 8135 10646
internal_count=36131 14388 21743 12424 8135 10646
cat_boundaries=0 1
cat_threshold=304942236
is_linear=0
shrinkage=0.03


Tree=4
num_leaves=7
num_cat=0
split_feature=12 7 14 4 3 3
split_gain=213.42 93.2014 65.2452 64.6995 56.8578 44.8024
threshold=0.014742926686856618 0.12224606985068444 -0.13849821623747985 3.5000000000000004 7.5000000000000009 2.5000000000000004
decision_type=10 10 8 2 2 2
left_child=1 2 -1 -2 5 -4
right_child=3 -3 4 -5 -6 -7
leaf_value=-2.7689341845182534e-05 0.00024038195278353313 -0.0007126329695934905 0.001536542219044421 -0.001345057577230256 0.0011646561446013158 0.0050295745807557969
leaf_weight=3079 3741 3954 2049 12525 5494 5308
leaf_count=3079 3741 3954 2049 12525 5494 5308
internal_value=0.000565959 0.00265074 0.00367397 -0.00198254 0.00461368 0.006338
internal_weight=36150 19884 15930 16266 12851 7357
internal_count=36150 19884 15930 16266 12851 7357
is_linear=0
shrinkage=0.03


Tree=5
num_leaves=7
num_cat=2
split_feature=11 14 11 1 1 11
split_gain=444.82 106.607 97.0204 79.9478 73.2763 70.579
threshold=0.019564325550308851 -0.13849821623747985 -0.14608532934848914 0 1 0.22024184044151876
decision_type=10 8 8 9 9 10
left_child=1 3 -3 -1 -4 -2
right_child=5 2 4 -5 -6 -7
leaf_value=0.001875792217656854 -0.00067292632215161009 0.0056139344835647682 -0.00025088722324565621 -0.0024569949979163378 0.0020626005905079385 -0.0034041011538707838
leaf_weight=2228 10803 4971 1281 1911 8074 6911
leaf_count=2228 10803 4971 1281 1911 8074 6911
internal_value=0.000544362 0.00380239 0.00502757 -0.000438406 0.00322734 -0.00285182
internal_weight=36179 18465 14326 4139 9355 17714
internal_count=36179 18465 14326 4139 9355 17714
cat_boundaries=0 1 2
cat_threshold=34165368 84021504
is_linear=0
shrinkage=0.03


Tree=6
num_leaves=7
num_cat=2
split_feature=12 1 1 12 12 3
split_gain=219.332 95.0392 86.0191 85.9066 78.9269 65.1437
threshold=-0.028107415444061697 0 1 -0.29791690160999801 0.1453969209980466 7.5000000000000009
decision_type=10 9 9 10 10 2
left_child=2 -2 3 -1 -3 -5
right_child=1 4 -4 5 -6 -7
leaf_value=0.005236467408692904 -0.0020348208196745428 0.00067434544694696666 0.0033380651001023035 0.0014131861183594838 -0.0012365510443086449 -0.0013965816003537405
leaf_weight=1495 6008 7345 7255 4291 6290 3529
leaf_count=1495 6008 7345 7255 4291 6290 3529
internal_value=0.00053391 -0.00161042 0.00307586 0.00116288 -0.000223142 -9.58957e-05
internal_weight=36213 19643 16570 9315 13635 7820
internal_count=36213 19643 16570 9315 13635 7820
cat_boundaries=0 1 2
cat_threshold=97932082 214102338
is_linear=0
shrinkage=0.03


Tree=7
num_leaves=7
num_cat=0
split_feature=11 14 11 4 2 11
split_gain=412.858 90.808 84.941 84.4977 102.125 69.3784
threshold=-0.015178990301058624 -0.13778715735331173 -0.18559176280361497 3.5000000000000004 4.5000000000000009 0.22024184044151876
decision_type=10 8 8 2 2 10
left_child=1 -1 -3 4 -2 -5
right_child=3 2 -4 5 -6 -7
leaf_value=3.0831940979322934e-05 0.0020928850184303242 0.0063359439726256043 0.0020681438959720506 -0.00085633933869111434 -0.0012147203044198772 -0.0038643370311289876
leaf_weight=3987 1506 3676 8723 9526 2889 5946
leaf_count=3987 1506 3676 8723 9526 2889 5946
internal_value=0.00053001 0.00405504 0.00532137 -0.00237744 0.00129322 -0.00342015
internal_weight=36253 16386 12399 19867 4395 15472
internal_count=36253 16386 12399 19867 4395 15472
is_linear=0
shrinkage=0.03


Tree=8
num_leaves=7
num_cat=2
split_feature=12 1 12 1 8 3
split_gain=207.365 78.2606 82.3147 65.8814 52.3995 48.1826
threshold=-0.07322178539033429 0 0.064298844249271805 1 -1.0000000180025095e-35 6.5000000000000009
decision_type=10 9 10 9 10 2
left_child=3 -2 -3 5 -4 -1
right_child=1 2 4 -5 -6 -7
leaf_value=0.002901421956975017 -0.0022436370152751251 0.00076294415155568607 -4.0014104827642281e-05 0.0041093927244292396 -0.0020375729669402849 -3.1395025015453589e-05
leaf_weight=4084 3369 8516 5813 4303 5670 4606
leaf_count=4084 3369 8516 5813 4303 5670 4606
internal_value=0.000483884 -0.00120544 -0.000491004 0.00352201 -0.00214864 0.00201011
internal_weight=36361 23368 19999 12993 11483 8690
internal_count=36361 23368 19999 12993 11483 8690
cat_boundaries=0 1 2
cat_threshold=96604930 214036774
is_linear=0
shrinkage=0.03


Tree=9
num_leaves=7
num_cat=1
split_feature=11 14 11 11 14 1
split_gain=388.161 84.9241 83.5604 79.004 66.6362 60.4868
threshold=-0.02156334724797215 -0.13778715735331173 0.17206090249802489 -0.1763191841191509 0.078547279112105614 0
decision_type=10 8 10 8 10 9
left_child=1 5 -2 -3 -5 -1
right_child=2 3 -4 4 -6 -7
leaf_value=-0.0023660744243085177 -0.00017504902588385928 0.0059017145690551777 -0.0028048232174438968 0.0010552395353930438 0.0049546946179032736 0.0015981468910820054
leaf_weight=1474 11122 3887 9086 5958 2070 2483
leaf_count=1474 11122 3887 9086 5958 2070 2483
internal_value=0.000444832 0.00395577 -0.00231283 0.00522029 0.00351974 0.000147802
internal_weight=36080 15872 20208 11915 8028 3957
internal_count=36080 15872 20208 11915 8028 3957
cat_boundaries=0 1
cat_threshold=501392518
is_linear=0
shrinkage=0.03


Tree=10
num_leaves=7
num_cat=0
split_feature=11 14 11 9 2 11
split_gain=354.602 97.493 93.8713 67.819 62.8656 57.4656
threshold=-0.06621950140804643 -0.13778715735331173 0.17206090249802489 0.28389507324667657 2.5000000000000004 -0.21701590015594882
decision_type=10 8 10 8 2 8
left_child=1 -1 3 -2 -3 -6
right_child=2 4 -4 -5 5 -7
leaf_value=5.3329606796347724e-05 -0.00047635100209408854 0.00028219804767078816 -0.0026294642547756457 0.0013703583252154378 0.0080279154690400152 0.0035646966049238007
leaf_weight=3525 9437 1753 9049 4417 2619 5346
leaf_count=3525 9437 1753 9049 4417 2619 5346
internal_value=0.00044734 0.0043548 -0.00181213 -0.000259834 0.00590493 0.00703678
internal_weight=36146 13243 22903 13854 9718 7965
internal_count=36146 13243 22903 13854 9718 7965
is_linear=0
shrinkage=0.03


Tree=11
num_leaves=7
num_cat=0
split_feature=11 14 11 2 9 11
split_gain=347.435 97.6608 89.6958 64.7602 63.5068 60.8416
threshold=-0.06621950140804643 -0.13778715735331173 0.17206090249802489 3.5000000000000004 0.28389507324667657 -0.21701590015594882
decision_type=10 8 10 2 8 8
left_child=1 -1 4 -3 -2 -5
right_child=2 3 -4 5 -6 -7
leaf_value=5.1729718592457293e-05 -0.00046711967853467007 0.000790563589293802 -0.0026285754237123202 0.0082375073334488534 0.0013551694543314885 0.0036126513147571974
leaf_weight=3502 9431 2576 9047 2400 4426 4776
leaf_count=3502 9431 2576 9047 2400 4426 4776
internal_value=0.00050029 0.0043659 -0.00173674 0.00590895 -0.000219729 0.00737355
internal_weight=36158 13254 22904 9752 13857 7176
internal_count=36158 13254 22904 9752 13857 7176
is_linear=0
shrinkage=0.03


Tree=12
num_leaves=7
num_cat=0
split_feature=11 14 11 14 13 2
split_gain=339.456 82.7229 88.7108 68.7206 66.2285 63.6366
threshold=0.033581312551052019 -0.13778715735331173 -0.14608532934848914 0.078547279112105614 0.029944229039719009 4.5000000000000009
decision_type=10 8 8 10 10 2
left_child=1 -1 5 -4 -2 -3
right_child=4 2 3 -5 -6 -7
leaf_value=-8.1570141266172202e-05 -0.0022044585849991024 0.0013878433240665294 0.0003934154599189355 0.0039148796546243066 -0.00018727372776435966 0.0071040691304045259
leaf_weight=4514 9770 1618 7270 2740 7071 3079
leaf_count=4514 9770 1618 7270 2740 7071 3079
internal_value=0.000475834 0.00320024 0.00429052 0.00269404 -0.00263359 0.00769157
internal_weight=36062 19221 14707 10010 16841 4697
internal_count=36062 19221 14707 10010 16841 4697
is_linear=0
shrinkage=0.03


Tree=13
num_leaves=7
num_cat=1
split_feature=3 3 7 13 0 8
split_gain=108.007 135.299 73.2221 59.2165 44.4273 39.9377
threshold=7.5000000000000009 2.5000000000000004 -0.23638877806423017 -0.0030242362176403754 0 -0.1456953291071432
decision_type=2 2 10 8 1 10
left_child=1 -1 -2 4 -3 -4
right_child=2 3 5 -5 -6 -7
leaf_value=-0.00077409387475542565 0.0011875555688052146 0.0017747373158701922 -0.00014457435389943904 0.00241462381109313 -0.0011074259796504287 -0.0018355633349116608
leaf_weight=5792 3453 2725 4960 9169 2713 7295
leaf_count=5792 3453 2725 4960 9169 2713 7295
internal_value=0.000456547 0.00189632 -0.0014132 0.00343476 0.00095422 -0.00250041
internal_weight=36107 20399 15708 14607 5438 12255
internal_count=36107 20399 15708 14607 5438 12255
cat_boundaries=0 1
cat_threshold=2
is_linear=0
shrinkage=0.03


Tree=14
num_leaves=7
num_cat=1
split_feature=11 13 1 13 4 7
split_gain=327.586 69.3987 56.5428 52.0436 56.7333 52.0327
threshold=-0.015178990301058624 0.029944229039719009 0 0.033188486816918251 2.5000000000000004 -0.34092658697059303
decision_type=10 10 9 10 2 10
left_child=2 -2 -1 -3 -5 -6
right_child=1 3 -4 4 5 -7
leaf_value=0.0030253816106192827 -0.0017609562925115377 0.0035437607068646991 0.00071078742099465401 0.0020122608753355611 0.003560941700740216 -0.0014223249419836974
leaf_weight=9639 11824 567 6568 1185 521 5831
leaf_count=9639 11824 567 6568 1185 521 5831
internal_value=0.000474458 -0.00210146 0.00364172 3.70142e-05 -0.000622844 -0.00174721
internal_weight=36135 19928 16207 8104 7537 6352
internal_count=36135 19928 16207 8104 7537 6352
cat_boundaries=0 1
cat_threshold=304736952
is_linear=0
shrinkage=0.03


Tree=15
num_leaves=7
num_cat=1
split_feature=7 13 1 9 13 3
split_gain=115.947 88.249 43.4357 56.1729 37.3247 36.7918
threshold=0.12512637689641395 0.029944229039719009 0 -0.28768207245178029 -0.089244468661052193 7.5000000000000009
decision_type=10 8 9 8 10 2
left_child=1 2 -1 -4 -5 -2
right_child=5 -3 3 4 -6 -7
leaf_value=0.00091344894358797086 -0.00038999895621380444 0.0022212250461489513 0.0033894099744608427 -0.0028837528719572172 -0.00020146410643992458 -0.0026059373871301218
leaf_weight=7703 5191 7902 1270 1679 8280 4149
leaf_count=7703 5191 7902 1270 1679 8280 4149
internal_value=0.000412163 0.0014142 0.000302646 -0.000887456 -0.00164608 -0.00246655
internal_weight=36174 26834 18932 11229 9959 9340
internal_count=36174 26834 18932 11229 9959 9340
cat_boundaries=0 1
cat_threshold=167860792
is_linear=0
shrinkage=0.03


Tree=16
num_leaves=7
num_cat=1
split_feature=11 14 12 1 2 11
split_gain=296.912 83.5719 72.6787 73.4835 58.3291 56.85
threshold=-0.06621950140804643 -0.13778715735331173 0.05950118180801179 0 3.5000000000000004 -0.21701590015594882
decision_type=10 8 10 9 2 8
left_child=1 -1 3 -2 -3 -6
right_child=2 4 -4 -5 5 -7
leaf_value=1.5286381155148882e-05 -0.0016336325618109134 0.00073291795041083817 -0.0016805479486464076 0.00052419346147870611 0.0076626200550213644 0.0032995957819401058
leaf_weight=3541 3899 2600 9590 9435 2373 4784
leaf_count=3541 3899 2600 9590 9435 2373 4784
internal_value=0.000453855 0.00401985 -0.00161483 -0.000182227 0.00545245 0.00685038
internal_weight=36222 13298 22924 13334 9757 7157
internal_count=36222 13298 22924 13334 9757 7157
cat_boundaries=0 1
cat_threshold=80917058
is_linear=0
shrinkage=0.03


Tree=17
num_leaves=7
num_cat=2
split_feature=12 1 1 12 12 9
split_gain=168.379 77.5581 74.9321 70.6745 64.4421 53.7386
threshold=-0.039475346294282503 0 1 0.1453969209980466 -0.29791690160999801 0.44399441811855539
decision_type=10 9 9 10 10 8
left_child=1 4 -2 5 -1 -4
right_child=2 -3 3 -5 -6 -7
leaf_value=0.0043202330674229619 -0.0017146805959222635 0.0030939403393328451 4.646160908096025e-05 -0.0010746004444507436 -6.3784120517530252e-05 0.0028868483893423049
leaf_weight=1502 6541 6549 5401 6241 7562 2318
leaf_count=1502 6541 6549 5401 6241 7562 2318
internal_value=0.000407033 0.00275426 -0.0013806 -0.000137428 0.000952066 0.00178174
internal_weight=36114 15613 20501 13960 9064 7719
internal_count=36114 15613 20501 13960 9064 7719
cat_boundaries=0 1 2
cat_threshold=214102338 97932082
is_linear=0
shrinkage=0.03


Tree=18
num_leaves=7
num_cat=2
split_feature=11 14 12 1 11 1
split_gain=294.823 78.6472 61.2279 66.489 60.5953 63.5302
threshold=0.0023323424366328287 -0.13778715735331173 0.073370377875970241 0 -0.18559176280361497 1
decision_type=10 8 10 9 8 9
left_child=1 -1 3 -2 -3 -6
right_child=2 4 -4 -5 5 -7
leaf_value=-0.0001277503629830421 0.00082887973690836747 0.0050358383718306279 -0.002130347933911373 -0.0014073383845543115 -9.8835290210924815e-05 0.0023331379512530862
leaf_weight=4268 4350 3641 7580 6713 3206 6254
leaf_count=4268 4350 3641 7580 6713 3206 6254
internal_value=0.00038736 0.00319948 -0.00223262 -0.000809382 0.00435163 0.0030853
internal_weight=36012 17369 18643 11063 13101 9460
internal_count=36012 17369 18643 11063 13101 9460
cat_boundaries=0 1 2
cat_threshold=170855580 88477994
is_linear=0
shrinkage=0.03


Tree=19
num_leaves=7
num_cat=0
split_feature=11 14 11 13 11 8
split_gain=279.828 77.1017 73.3387 60.0292 59.7032 53.1846
threshold=0.033581312551052019 0.078547279112105614 -0.32596505613497312 -0.053913613882444138 0.25292598860556753 0.23962756546139466
decision_type=10 10 8 10 10 8
left_child=1 2 -1 -2 5 -5
right_child=3 -3 -4 4 -6 -7
leaf_value=0.0044166550408696621 -0.0028093656656488918 0.0040861388367746517 0.00043977883828073643 -0.0010244803070348571 -0.0029116835176649838 0.00096657392519295976
leaf_weight=2627 3513 3380 13352 4535 4641 4228
leaf_count=2627 3513 3380 13352 4535 4641 4228
internal_value=0.000430852 0.00289385 0.00202284 -0.00238769 -0.00147258 -1.54039e-05
internal_weight=36276 19359 15979 16917 13404 8763
internal_count=36276 19359 15979 16917 13404 8763
is_linear=0
shrinkage=0.03


Tree=20
num_leaves=7
num_cat=2
split_feature=12 1 1 12 12 8
split_gain=154.487 75.4411 71.6475 67.6207 61.134 52.0718
threshold=-0.028107415444061697 0 1 0.1453969209980466 -0.29791690160999801 0.65509840834165589
decision_type=10 9 9 10 10 8
left_child=2 -2 4 5 -1 -3
right_child=1 3 -4 -5 -6 -7
leaf_value=0.0047696994353699611 -0.0015831827151954496 0.00012017244414945932 0.002458993034477558 -0.0010603618535136481 -0.00048457900808136534 0.0032558001846066205
leaf_weight=826 6197 5324 10141 6273 5493 1830
leaf_count=826 6197 5324 10141 6273 5493 1830
internal_value=0.000417348 -0.00138038 0.0025606 -0.000114972 4.9763e-05 0.00187841
internal_weight=36084 19624 16460 13427 6319 7154
internal_count=36084 19624 16460 13427 6319 7154
cat_boundaries=0 1 2
cat_threshold=97933090 214085890
is_linear=0
shrinkage=0.03


Tree=21
num_leaves=7
num_cat=2
split_feature=12 1 1 3 8 3
split_gain=135.744 70.6361 69.5131 70.3399 64.7559 42.1359
threshold=-0.028107415444061697 0 1 7.5000000000000009 0.69705854340054973 7.5000000000000009
decision_type=10 9 9 2 8 2
left_child=2 4 3 -1 -2 -3
right_child=1 5 -4 -5 -6 -7
leaf_value=0.0018661940770283896 -0.00034854204602973083 -0.00044405682166381405 0.0026861174697471019 -0.0010295114151362493 0.0018140137258515771 -0.0025657807927440476
leaf_weight=5127 9249 4321 7269 4141 2655 3420
leaf_count=5127 9249 4321 7269 4141 2655 3420
internal_value=0.000425338 -0.00126056 0.00242804 0.000701584 0.000191355 -0.00348878
internal_weight=36182 19645 16537 9268 11904 7741
internal_count=36182 19645 16537 9268 11904 7741
cat_boundaries=0 1 2
cat_threshold=438937676 214102338
is_linear=0
shrinkage=0.03


Tree=22
num_leaves=7
num_cat=1
split_feature=11 13 3 3 1 9
split_gain=267.712 56.6915 56.4821 55.2281 47.94 46.0033
threshold=0.033581312551052019 -0.053913613882444138 7.5000000000000009 3.5000000000000004 0 0.28768207245178129
decision_type=10 10 2 2 9 8
left_child=2 -2 3 -1 -3 -6
right_child=1 4 -4 -5 5 -7
leaf_value=0.00060769219418417369 -0.0026132528956467 -0.0022987951818266798 0.00029317362194685158 0.0036054632750282495 -0.0010144870606615412 0.00095737695538215275
leaf_weight=4642 3547 4144 8275 6426 5301 3837
leaf_count=4642 3547 4144 8275 6426 5301 3837
internal_value=0.000364913 -0.00240196 0.00277218 0.00417382 -0.00150192 -0.000285277
internal_weight=36172 16829 19343 11068 13282 9138
internal_count=36172 16829 19343 11068 13282 9138
cat_boundaries=0 1
cat_threshold=298889890
is_linear=0
shrinkage=0.03


Tree=23
num_leaves=7
num_cat=0
split_feature=11 14 11 2 14 13
split_gain=242.433 71.0971 83.4265 63.4207 55.3042 53.447
threshold=0.082226335052709945 -0.12379946488129463 -0.091573485528714013 2.5000000000000004 0.078547279112105614 -0.053913613882444138
decision_type=10 8 8 2 10 10
left_child=1 -1 3 -3 -4 -2
right_child=5 2 4 -5 -6 -7
leaf_value=-0.00017405545398620085 -0.0030672479334427839 -0.00014706172079691798 3.2998995748370028e-05 0.004682797893533778 0.002386988739473708 -0.0010401077543013891
leaf_weight=5896 2755 1073 7106 4911 3385 11243
leaf_count=5896 2755 1073 7106 4911 3385 11243
internal_value=0.000314682 0.00225215 0.00326384 0.00609023 0.00165126 -0.00278163
internal_weight=36369 22371 16475 5984 10491 13998
internal_count=36369 22371 16475 5984 10491 13998
is_linear=0
shrinkage=0.03


Tree=24
num_leaves=7
num_cat=1
split_feature=11 13 14 2 11 1
split_gain=251.242 67.0849 61.4267 60.9189 68.4474 56.4098
threshold=-0.015178990301058624 0.029944229039719009 -0.13778715735331173 2.5000000000000004 -0.15108017078528799 0
decision_type=10 10 8 2 8 9
left_child=2 -2 5 -4 -5 -1
right_child=1 -3 3 4 -6 -7
leaf_value=0.0017625243857879122 -0.001567441672723589 9.1522640347765422e-05 -5.3335853929955972e-05 0.0053412834192935431 0.001940231972945738 -0.0017968319277887096
leaf_weight=2177 11855 8078 2222 3722 6344 1810
leaf_count=2177 11855 8078 2222 3722 6344 1810
internal_value=0.000383606 -0.00187444 0.00314912 0.00419888 0.00519122 -8.65095e-05
internal_weight=36208 19933 16275 12288 10066 3987
internal_count=36208 19933 16275 12288 10066 3987
cat_boundaries=0 1
cat_threshold=34165624
is_linear=0
shrinkage=0.03


Tree=25
num_leaves=7
num_cat=3
split_feature=11 9 3 1 1 1
split_gain=231.957 67.2799 62.4428 57.2883 54.4202 53.4751
threshold=0.082226335052709945 -0.34614912824819427 6.5000000000000009 0 1 2
decision_type=10 10 2 9 9 9
left_child=1 4 3 -3 -1 -2
right_child=5 2 -4 -5 -6 -7
leaf_value=-2.9702718405835249e-05 -0.0031399381629481724 -0.00011489556096442285 -0.00030684022276579426 0.0023284140937223159 0.0033515092229966887 -0.00095167383711962741
leaf_weight=1900 3343 2631 7287 4258 6251 10573
leaf_count=1900 3343 2631 7287 4258 6251 10573
internal_value=0.00030005 0.00219478 0.000945898 0.00299347 0.00436641 -0.00273981
internal_weight=36243 22327 14176 6889 8151 13916
internal_count=36243 22327 14176 6889 8151 13916
cat_boundaries=0 1 2 3
cat_threshold=487563542 89264160 368095874
is_linear=0
shrinkage=0.03


Tree=26
num_leaves=7
num_cat=0
split_feature=11 14 11 2 13 14
split_gain=221.304 73.7169 60.9529 72.3219 55.774 53.1916
threshold=0.0023323424366328287 -0.13778715735331173 -0.14608532934848914 4.5000000000000009 0.029944229039719009 0.078547279112105614
decision_type=10 8 8 2 10 10
left_child=1 -1 3 -3 -2 -4
right_child=4 2 5 -5 -6 -7
leaf_value=-0.00024268776519244183 -0.0015622236143704794 0.00073420846757302877 0.00029192476420366009 0.0059169834753109397 5.844472848390352e-06 0.0034736764387314776
leaf_weight=4251 11178 1656 6159 3122 7672 2273
leaf_count=4251 11178 1656 6159 3122 7672 2273
internal_value=0.00030775 0.00274109 0.00384679 0.00655367 -0.00194632 0.00231234
internal_weight=36311 17461 13210 4778 18850 8432
internal_count=36311 17461 13210 4778 18850 8432
is_linear=0
shrinkage=0.03


Tree=27
num_leaves=7
num_cat=1
split_feature=11 3 3 1 13 7
split_gain=196.702 66.3049 62.8181 50.5643 49.5247 57.8961
threshold=0.082226335052709945 7.5000000000000009 3.5000000000000004 0 -0.053913613882444138 0.24765860867485492
decision_type=10 2 2 9 10 10
left_child=1 2 -1 -3 -2 -6
right_child=4 3 -4 -5 5 -7
leaf_value=0.00035801652863297985 -0.0029838629639606026 -0.0013234052939603645 0.0030547920857845003 0.00052682996327024973 -8.346055714283144e-05 -0.003200836909873469
leaf_weight=5266 2707 2070 7381 7538 8015 3175
leaf_count=5266 2707 2070 7381 7538 8015 3175
internal_value=0.000364285 0.00211291 0.00354009 0.000234155 -0.00243596 -0.00155482
internal_weight=36152 22255 12647 9608 13897 11190
internal_count=36152 22255 12647 9608 13897 11190
cat_boundaries=0 1
cat_threshold=96604226
is_linear=0
shrinkage=0.03


Tree=28
num_leaves=7
num_cat=0
split_feature=11 4 2 4 2 11
split_gain=213.542 62.8756 95.0142 75.9698 58.3711 53.3352
threshold=-0.047984122943401701 3.5000000000000004 5.5000000000000009 7.5000000000000009 5.5000000000000009 -0.32596505613497312
decision_type=10 2 2 2 2 8
left_child=4 2 -2 -3 -1 -6
right_child=1 3 -4 -5 5 -7
leaf_value=0.00044499624932408776 0.0018499519441991465 -0.0023546217825010196 -0.0010754398295050238 -0.00015013965851631999 0.0069780382683670922 0.0025621702837896865
leaf_weight=6246 2139 8392 2850 8301 1623 6481
leaf_count=6246 2139 8392 2850 8301 1623 6481
internal_value=0.000363833 -0.00151501 0.00143988 -0.00239817 0.00320256 0.00488217
internal_weight=36032 21682 4989 16693 14350 8104
internal_count=36032 21682 4989 16693 14350 8104
is_linear=0
shrinkage=0.03


Tree=29
num_leaves=7
num_cat=2
split_feature=11 2 11 9 1 1
split_gain=198.877 61.1654 57.9625 57.3471 49.7172 49.4828
threshold=-0.06621950140804643 4.5000000000000009 0.25292598860556753 0.24299212674884355 0 1
decision_type=10 2 10 8 9 9
left_child=1 -1 3 -2 -5 -4
right_child=2 -3 5 4 -6 -7
leaf_value=0.00019964953002394163 -0.00064466437691146892 0.0031800562407433889 0.00080109820114103718 -0.0017712244817217804 0.0012836432582993933 -0.0037215000665046898
leaf_weight=4654 10851 8550 1023 1156 5342 4547
leaf_count=4654 10851 8550 1023 1156 5342 4547
internal_value=0.000318486 0.00325104 -0.00137107 -0.000516138 0.00171257 -0.00403339
internal_weight=36123 13204 22919 17349 6498 5570
internal_count=36123 13204 22919 17349 6498 5570
cat_boundaries=0 1 2
cat_threshold=357700098 656404
is_linear=0
shrinkage=0.03


Tree=30
num_leaves=7
num_cat=2
split_feature=12 1 3 1 9 12
split_gain=124.742 73.8832 69.6851 68.4624 56.7999 37.2219
threshold=-0.039475346294282503 0 7.5000000000000009 1 0.28389507324667657 -0.22852393076375496
decision_type=10 9 2 9 8 10
left_child=1 -1 5 -2 -5 -3
right_child=3 2 -4 4 -6 -7
leaf_value=0.0031632848642035188 -0.0015078359486646311 0.004144107350987994 -0.00084581884211795883 -0.0006128735150880936 0.001109982512139759 0.00081167706339251651
leaf_weight=4511 5349 1898 4939 9726 5537 4335
leaf_count=4511 5349 1898 4939 9726 5537 4335
internal_value=0.000350865 0.00236706 0.00105428 -0.00118323 -0.000158112 0.0031641
internal_weight=36295 15683 11172 20612 15263 6233
internal_count=36295 15683 11172 20612 15263 6233
cat_boundaries=0 1 2
cat_threshold=321654428 97933056
is_linear=0
shrinkage=0.03


Tree=31
num_leaves=7
num_cat=1
split_feature=11 14 11 12 1 3
split_gain=170.79 64.383 59.9434 55.5682 63.2511 54.64
threshold=-0.015178990301058624 0.078547279112105614 -0.42641460105018053 0.073370377875970241 0 7.5000000000000009
decision_type=10 10 8 10 9 2
left_child=1 2 -1 4 -2 -6
right_child=3 -3 -4 -5 5 -7
leaf_value=0.0056277771193879861 0.0010706458825116422 0.00418185632282915 0.00053976294936544373 -0.0015604599909012104 0.0001566123244220513 -0.0025920084733964668
leaf_weight=1194 4383 2656 12559 7956 4083 3425
leaf_count=1194 4383 2656 12559 7956 4083 3425
internal_value=0.000325179 0.00258958 0.00176349 -0.00154701 -0.000248486 -0.00191914
internal_weight=36256 16409 13753 19847 11891 7508
internal_count=36256 16409 13753 19847 11891 7508
cat_boundaries=0 1
cat_threshold=170724508
is_linear=0
shrinkage=0.03


Tree=32
num_leaves=7
num_cat=1
split_feature=11 14 11 2 1 13
split_gain=167.704 68.4442 57.2579 69.5875 53.3906 50.6403
threshold=0.057003737756482493 0.078547279112105614 -0.32596505613497312 6.5000000000000009 0 -0.054690558136629257
decision_type=10 10 8 2 9 10
left_child=1 2 3 -1 -4 -2
right_child=5 -3 4 -5 -6 -7
leaf_value=0.00019218339956749735 -0.0025529665923846971 0.0031354522667045698 -0.00068192052645961909 0.0070555455615689665 0.00063151501320263649 -0.00065594423503343401
leaf_weight=1307 3077 3696 3297 1306 10956 12378
leaf_count=1307 3077 3696 3297 1306 10956 12378
internal_value=0.000273613 0.00204834 0.00123792 0.00531943 0.000489336 -0.00208754
internal_weight=36017 20562 16866 2613 14253 15455
internal_count=36017 20562 16866 2613 14253 15455
cat_boundaries=0 1
cat_threshold=227934466
is_linear=0
shrinkage=0.03


Tree=33
num_leaves=7
num_cat=2
split_feature=11 14 2 11 1 1
split_gain=170.178 72.7922 63.9541 64.2947 57.0534 54.0999
threshold=-0.02156334724797215 -0.13778715735331173 2.5000000000000004 -0.21701590015594882 0 1
decision_type=10 8 2 8 9 9
left_child=1 4 -3 -4 -1 -2
right_child=5 2 3 -5 -6 -7
leaf_value=0.0014900954907693495 -0.0024536201418148269 -0.00019423638197236083 0.0057509035264495844 0.0018902629484943466 -0.0019379557064505035 -0.00039497023674510222
leaf_weight=2006 2976 2156 2603 7183 2008 17273
leaf_count=2006 2976 2156 2603 7183 2008 17273
internal_value=0.000281307 0.00259823 0.00377292 0.00480331 -0.000896638 -0.00154444
internal_weight=36205 15956 11942 9786 4014 20249
internal_count=36205 15956 11942 9786 4014 20249
cat_boundaries=0 1 2
cat_threshold=34101880 368054786
is_linear=0
shrinkage=0.03


Tree=34
num_leaves=7
num_cat=1
split_feature=11 14 2 11 1 8
split_gain=168.547 76.9242 57.6209 57.1292 55.8222 48.5105
threshold=-0.047984122943401701 -0.13778715735331173 2.5000000000000004 0.17206090249802489 0 0.17327084180777733
decision_type=10 8 2 10 9 8
left_child=1 4 -3 5 -1 -2
right_child=3 2 -4 -5 -6 -7
leaf_value=-0.0027715952617591881 -0.0005358982697210564 -0.00010416381433051043 0.0031443835375323972 -0.0019031154575744678 0.0011615632637784696 0.00085202598191807827
leaf_weight=1363 7383 1940 8673 9138 2431 5392
leaf_count=1363 7383 1940 8673 9138 2431 5392
internal_value=0.00037912 0.00289943 0.00421001 -0.00127795 -0.000766798 1.76111e-05
internal_weight=36320 14407 10613 21913 3794 12775
internal_count=36320 14407 10613 21913 3794 12775
cat_boundaries=0 1
cat_threshold=502694918
is_linear=0
shrinkage=0.03


Tree=35
num_leaves=7
num_cat=1
split_feature=11 14 2 4 1 9
split_gain=147.155 64.607 53.4103 62.3645 56.6763 64.288
threshold=-0.02156334724797215 -0.078181144969142288 2.5000000000000004 4.5000000000000009 0 0.28389507324667657
decision_type=10 8 2 2 9 8
left_child=1 -1 3 -2 -4 -6
right_child=2 -3 4 -5 5 -7
leaf_value=-1.6190796727874427e-06 0.001662384628128446 0.002169179483917556 -0.0028692117825612493 -0.00016372597068488426 -0.0015439451825601629 0.00061552299378371501
leaf_weight=5836 1158 10035 2967 2583 7917 5660
leaf_count=5836 1158 10035 2967 2583 7917 5660
internal_value=0.000336035 0.00249968 -0.00135685 0.00188001 -0.00208885 -0.00126398
internal_weight=36156 15871 20285 3741 16544 13577
internal_count=36156 15871 20285 3741 16544 13577
cat_boundaries=0 1
cat_threshold=368062978
is_linear=0
shrinkage=0.03


Tree=36
num_leaves=7
num_cat=2
split_feature=12 1 12 1 3 14
split_gain=108.145 77.0272 55.8955 52.8109 43.1121 39.8973
threshold=0.036442619062797117 0 -0.31267888520113324 1 7.5000000000000009 -0.13849821623747985
decision_type=10 9 10 9 2 8
left_child=1 2 -1 -2 5 -4
right_child=3 -3 4 -5 -6 -7
leaf_value=0.0043523431564717382 -0.00011627224046344142 0.0014949504015114362 -0.0032224683940224714 -0.0015380528355769991 -0.0017971250174140853 0.0010425564108115823
leaf_weight=671 9133 13832 624 5484 3280 3262
leaf_count=671 9133 13832 624 5484 3280 3262
internal_value=0.000326563 0.00167167 -0.000705275 -0.00166746 -0.00148179 0.000656033
internal_weight=36286 21669 7837 14617 7166 3886
internal_count=36286 21669 7837 14617 7166 3886
cat_boundaries=0 1 2
cat_threshold=97693954 302557516
is_linear=0
shrinkage=0.03


Tree=37
num_leaves=7
num_cat=1
split_feature=11 14 11 2 2 1
split_gain=147.319 63.5071 75.1277 67.5027 49.7505 45.2906
threshold=0.082226335052709945 -0.13778715735331173 -0.14608532934848914 4.5000000000000009 2.5000000000000004 0
decision_type=10 8 8 2 2 9
left_child=1 -1 3 -3 -2 -6
right_child=4 2 -4 -5 5 -7
leaf_value=-0.00047284856008188587 0.00053048675353177543 0.00042220914874074205 0.00052341490606438567 0.0051377453211094905 -0.003687708175910282 -0.0011756662153973635
leaf_weight=4982 2519 1640 12528 3086 2427 8989
leaf_count=4982 2519 1640 12528 3086 2427 8989
internal_value=0.000251714 0.00176732 0.0026288 0.00585149 -0.00216669 -0.00300867
internal_weight=36171 22236 17254 4726 13935 11416
internal_count=36171 22236 17254 4726 13935 11416
cat_boundaries=0 1
cat_threshold=368095750
is_linear=0
shrinkage=0.03


Tree=38
num_leaves=7
num_cat=0
split_feature=11 13 2 9 12 4
split_gain=134.533 58.9653 48.7547 49.649 48.6784 42.1399
threshold=0.082226335052709945 0.027949920476027817 2.5000000000000004 0.26236476446774099 -0.33788507745078838 4.5000000000000009
decision_type=10 8 2 8 10 2
left_child=1 4 5 -4 -1 -2
right_child=2 -3 3 -5 -6 -7
leaf_value=0.0049278020246356332 0.0018815194085683726 0.0020349890347857265 -0.0027766479501740255 -0.00060993183426162828 5.105166992998041e-05 -0.00018869013113874378
leaf_weight=918 699 7385 5583 5756 14000 1799
leaf_count=918 699 7385 5583 5756 14000 1799
internal_value=0.000234913 0.00167661 -0.00208881 -0.0029246 0.000591192 0.00170468
internal_weight=36140 22303 13837 11339 14918 2498
internal_count=36140 22303 13837 11339 14918 2498
is_linear=0
shrinkage=0.03


Tree=39
num_leaves=7
num_cat=2
split_feature=11 14 3 3 1 1
split_gain=133.67 70.571 55.7117 136.69 49.0122 47.8945
threshold=-0.06621950140804643 -0.13778715735331173 2.5000000000000004 6.5000000000000009 0 1
decision_type=10 8 2 2 9 9
left_child=1 4 -2 -4 -1 -5
right_child=2 -3 3 5 -6 -7
leaf_value=0.0017185780007895166 -0.0019184283750952192 0.0022622378627855837 0.0011332891693108707 -2.2440202533486491e-05 -0.0017844429948092567 -0.0018115826749438096
leaf_weight=1621 3630 9783 7218 4796 1940 7148
leaf_count=1621 3630 9783 7218 4796 1940 7148
internal_value=0.00028392 0.00266842 -0.00111218 -0.000466524 -0.000947501 -0.00243617
internal_weight=36136 13344 22792 19162 3561 11944
internal_count=36136 13344 22792 19162 3561 11944
cat_boundaries=0 1 2
cat_threshold=34099832 170462236
is_linear=0
shrinkage=0.03


Tree=40
num_leaves=7
num_cat=2
split_feature=12 3 1 1 9 3
split_gain=111.04 68.3292 63.0748 59.9037 60.6883 46.6443
threshold=-0.028107415444061697 7.5000000000000009 0 1 0.28768207245178129 2.5000000000000004
decision_type=10 2 9 9 8 2
left_child=1 5 -3 -2 -5 -1
right_child=3 2 -4 4 -6 -7
leaf_value=0.00015747432269842544 -0.0012978392049677267 0.0031159673950890785 -0.00068071463167159319 -0.00059565110613956826 0.0012512277949169213 0.0030042594139465593
leaf_weight=2610 6420 1108 6099 8592 4561 6717
leaf_count=2610 6420 1108 6099 8592 4561 6717
internal_value=0.000323612 0.00213366 -6.03496e-05 -0.00120543 -4.44394e-05 0.0038288
internal_weight=36107 16534 7207 19573 13153 9327
internal_count=36107 16534 7207 19573 13153 9327
cat_boundaries=0 1 2
cat_threshold=2886680 97933104
is_linear=0
shrinkage=0.03


Tree=41
num_leaves=7
num_cat=3
split_feature=12 1 12 3 1 1
split_gain=97.8786 73.0451 64.7449 48.2172 45.9338 45.3296
threshold=-0.13067182940312347 0 0.16344403140761712 7.5000000000000009 1 2
decision_type=10 9 10 2 9 9
left_child=5 3 4 -2 -3 -1
right_child=1 2 -4 -5 -6 -7
leaf_value=0.00094717332148627081 -0.00045974287894873857 0.00096152577475792076 -0.0013732729284690272 -0.0034205518370742016 -0.00020786986346879531 0.0040128822333895626
leaf_weight=6827 1893 7900 5798 1602 9801 2183
leaf_count=6827 1893 7900 5798 1602 9801 2183
internal_value=0.000232468 -0.000671235 -6.82688e-05 -0.0047105 0.000832957 0.00293974
internal_weight=36004 26994 23499 3495 17701 9010
internal_count=36004 26994 23499 3495 17701 9010
cat_boundaries=0 1 2 3
cat_threshold=96604674 304679964 247591202
is_linear=0
shrinkage=0.03


Tree=42
num_leaves=7
num_cat=2
split_feature=11 9 1 1 3 3
split_gain=122.375 66.8169 56.1214 50.9669 42.8514 63.1678
threshold=0.1582627478066492 -0.39192543471835112 0 1 6.5000000000000009 3.5000000000000004
decision_type=10 10 9 9 2 2
left_child=1 3 -3 -1 5 -4
right_child=-2 2 4 -5 -6 -7
leaf_value=-0.00046002013497101229 -0.0016170680736098165 -0.0005971678853466931 -1.6472517760660356e-06 0.0023709421205390089 -9.0018449272262491e-05 0.003225816369085885
leaf_weight=1723 9737 7282 2290 7238 5227 2659
leaf_count=1723 9737 7282 2290 7238 5227 2659
internal_value=0.000220704 0.00128028 0.000199324 0.00338596 0.00163738 0.00363939
internal_weight=36156 26419 17458 8961 10176 4949
internal_count=36156 26419 17458 8961 10176 4949
cat_boundaries=0 1 2
cat_threshold=502145346 89264132
is_linear=0
shrinkage=0.03


Tree=43
num_leaves=7
num_cat=1
split_feature=12 12 4 4 14 0
split_gain=93.9529 55.9059 37.9841 83.6688 76.2408 70.2491
threshold=0.05950118180801179 -0.32405961019403134 3.5000000000000004 6.5000000000000009 -0.037846231628569663 0
decision_type=10 8 2 2 8 1
left_child=1 -1 -3 -4 5 -5
right_child=-2 2 3 4 -6 -7
leaf_value=0.0045351758347362226 -0.000747413709105422 0.0016451358442336912 -0.0015058142342222469 0.00092101856421972694 0.0019956451049777156 -0.0027186455414234885
leaf_weight=1460 12642 5484 5545 2779 5848 2361
leaf_count=1460 12642 5484 5545 2779 5848 2361
internal_value=0.00025789 0.00138065 0.0010035 0.000285775 0.0018018 -0.000863645
internal_weight=36119 23477 22017 16533 10988 5140
internal_count=36119 23477 22017 16533 10988 5140
cat_boundaries=0 1
cat_threshold=2
is_linear=0
shrinkage=0.03


Tree=44
num_leaves=7
num_cat=2
split_feature=11 14 1 1 11 8
split_gain=127.424 57.4956 49.1359 41.976 36.0047 62.5415
threshold=0.057003737756482493 0.078547279112105614 0 1 0.35226370503586996 0.31737194452247458
decision_type=10 8 9 9 10 8
left_child=1 3 -2 -1 5 -4
right_child=2 -3 4 -5 -6 -7
leaf_value=0.00091858285950720134 -0.0023223276854245642 0.0026558876991663563 -0.00087959318568802693 -0.00034227765579763228 -0.0028439896786238202 0.0013683798488182027
leaf_weight=9182 3748 5594 5552 5976 2390 3804
leaf_count=9182 3748 5594 5552 5976 2390 3804
internal_value=0.000271471 0.00180841 -0.00178703 0.000849001 -0.000829293 9.61847e-06
internal_weight=36246 20752 15494 15158 11746 9356
internal_count=36246 20752 15494 15158 11746 9356
cat_boundaries=0 1 2
cat_threshold=365998726 34200316
is_linear=0
shrinkage=0.03


Tree=45
num_leaves=7
num_cat=0
split_feature=11 2 14 11 3 3
split_gain=113.39 65.7537 51.2119 59.1305 49.7016 124.931
threshold=-0.06621950140804643 5.5000000000000009 -0.13849821623747985 -0.21701590015594882 2.5000000000000004 6.5000000000000009
decision_type=10 2 8 8 2 2
left_child=1 -1 -3 -4 -2 -6
right_child=4 2 3 -5 5 -7
leaf_value=4.1308779651490766e-05 -0.0018163043663176742 -4.4883660686625347e-05 0.0062092285432968162 0.0020730533537477052 0.0010931966579524478 -0.0010416630509737751
leaf_weight=5769 3689 1841 1976 3721 7208 11938
leaf_count=5769 3689 1841 1976 3721 7208 11938
internal_value=0.000279722 0.00248084 0.00432551 0.00573096 -0.00100302 -0.000388573
internal_weight=36142 13307 7538 5697 22835 19146
internal_count=36142 13307 7538 5697 22835 19146
is_linear=0
shrinkage=0.03


Tree=46
num_leaves=7
num_cat=2
split_feature=12 1 3 3 1 12
split_gain=81.1297 68.5961 70.5824 45.9753 43.0724 38.2768
threshold=0.036442619062797117 0 7.5000000000000009 3.5000000000000004 1 0.18775525056712097
decision_type=10 9 2 2 9 10
left_child=1 -1 3 -3 -2 -6
right_child=4 2 -4 -5 5 -7
leaf_value=0.0019448106808200802 -0.0015324027775212871 -0.00023141681242811872 -0.0010581990081660346 0.0023896045851055964 0.00034238705871266422 -0.0012238718243652012
leaf_weight=6985 3573 3320 6529 4785 6399 4555
leaf_count=6985 3573 3320 6529 4785 6399 4555
internal_value=0.000223255 0.0013883 0.000219187 0.00208919 -0.00151053 -0.000574555
internal_weight=36146 21619 14634 8105 14527 10954
internal_count=36146 21619 14634 8105 14527 10954
cat_boundaries=0 1 2
cat_threshold=439094428 232150562
is_linear=0
shrinkage=0.03


Tree=47
num_leaves=7
num_cat=1
split_feature=11 14 11 13 13 1
split_gain=111.098 50.3246 48.3042 48.2694 48.0242 46.9569
threshold=-0.015178990301058624 -0.078181144969142288 -0.14608532934848914 0.029944229039719009 0.033188486816918251 0
decision_type=10 8 8 10 10 9
left_child=1 -1 -3 -2 -5 -4
right_child=3 2 5 4 -6 -7
leaf_value=-7.1529714994717362e-05 -0.0011083059725659815 0.0033245245528796441 0.0024851223869804834 0.0038062206412559272 -4.87618258942278e-05 -9.0313801542661821e-05
leaf_weight=5909 11922 3782 2658 551 7488 3954
leaf_count=5909 11922 3782 2658 551 7488 3954
internal_value=0.000213429 0.00205072 0.00330736 -0.0012872 0.000509328 0.00176017
internal_weight=36264 16303 10394 19961 8039 6612
internal_count=36264 16303 10394 19961 8039 6612
cat_boundaries=0 1
cat_threshold=447065744
is_linear=0
shrinkage=0.03


Tree=48
num_leaves=7
num_cat=3
split_feature=11 9 1 1 2 1
split_gain=102.499 62.6312 56.0103 44.3719 43.7379 39.0913
threshold=0.17206090249802489 -0.39192543471835112 0 1 2.5000000000000004 2
decision_type=10 10 9 9 2 9
left_child=1 3 -3 -1 -2 -6
right_child=4 2 -4 -5 5 -7
leaf_value=-0.00069159968284891857 0.0006218104782038245 -0.00061896156872148431 0.00060890033391290124 0.0021204840260078336 -0.0048203536680013395 -0.001396007303748467
leaf_weight=1453 1641 7540 10521 7733 1717 5655
leaf_count=1453 1641 7540 10521 7733 1717 5655
internal_value=0.000308596 0.00122596 0.000200144 0.00324263 -0.0024645 -0.00345043
internal_weight=36260 27247 18061 9186 9013 7372
internal_count=36260 27247 18061 9186 9013 7372
cat_boundaries=0 1 2 3
cat_threshold=502145346 89264128 366064262
is_linear=0
shrinkage=0.03


Tree=49
num_leaves=7
num_cat=1
split_feature=11 14 3 3 1 11
split_gain=101.14 51.7502 45.8605 112.297 48.8379 36.8839
threshold=-0.036473761728089908 -0.078181144969142288 2.5000000000000004 6.5000000000000009 0 -0.18559176280361497
decision_type=10 8 2 2 9 8
left_child=1 -1 -2 -4 -5 -3
right_child=2 5 3 4 -6 -7
leaf_value=-8.7389669647371421e-05 -0.0018270486896969154 0.0036548157829149764 0.0010474062394386738 -0.00014560176208444848 -0.002035753542120663 0.001020368400601844
leaf_weight=5615 3475 2901 6668 5642 5398 6466
leaf_count=5615 3475 2901 6668 5642 5398 6466
internal_value=0.000260051 0.00214643 -0.00107416 -0.0004557 -0.00231229 0.00351142
internal_weight=36165 14982 21183 17708 11040 9367
internal_count=36165 14982 21183 17708 11040 9367
cat_boundaries=0 1
cat_threshold=439160092
is_linear=0
shrinkage=0.03


Tree=50
num_leaves=7
num_cat=1
split_feature=11 12 3 3 1 14
split_gain=97.837 56.7386 52.2078 82.9976 57.7069 43.9841
threshold=0.16110326487831153 0.18030009168971708 6.5000000000000009 3.5000000000000004 0 -0.078181144969142288
decision_type=10 10 2 2 9 8
left_child=1 2 3 -1 -4 -5
right_child=-2 -3 4 5 -6 -7
leaf_value=0.00015580776970079105 -0.0013532127765058174 -0.00095989718055281632 0.00093250437008614827 0.00094438420218697413 -0.00064829817972482677 0.0040618706618573844
leaf_weight=5454 9567 3373 5366 1714 6570 4010
leaf_count=5454 9567 3373 5366 1714 6570 4010
internal_value=0.000272084 0.0012113 0.00174173 0.00321496 0.0003619 0.00573799
internal_weight=36054 26487 23114 11178 11936 5724
internal_count=36054 26487 23114 11178 11936 5724
cat_boundaries=0 1
cat_threshold=439979164
is_linear=0
shrinkage=0.03


Tree=51
num_leaves=7
num_cat=0
split_feature=12 4 4 13 13 12
split_gain=82.4158 59.6939 85.6651 69.0691 65.8412 43.4701
threshold=-0.22222449718430634 3.5000000000000004 6.5000000000000009 -0.1068798998878198 0.091143940607181229 0.02784713915273063
decision_type=8 2 2 8 10 10
left_child=-1 -2 4 -4 -3 -5
right_child=1 2 3 5 -6 -7
leaf_value=0.0028127911105641618 0.00080645129381767052 -0.0024981690460153002 -0.0036061697435261714 0.0011920226093727164 0.00035129702221498325 -0.00026941677120607456
leaf_weight=3876 7584 5927 1331 7656 2423 7198
leaf_count=3876 7584 5927 1331 7656 2423 7198
internal_value=0.000193772 -0.00030495 -0.00102401 0.00024929 -0.0034918 0.000836082
internal_weight=35995 32119 24535 16185 8350 14854
internal_count=35995 32119 24535 16185 8350 14854
is_linear=0
shrinkage=0.03


Tree=52
num_leaves=7
num_cat=0
split_feature=11 13 11 2 3 3
split_gain=109.181 49.2696 44.7443 43.7991 42.8978 51.3222
threshold=0.082226335052709945 0.070150462194139548 -0.42641460105018053 2.5000000000000004 7.5000000000000009 3.5000000000000004
decision_type=10 10 8 2 2 2
left_child=1 2 -1 -2 5 -4
right_child=3 -3 4 -5 -6 -7
leaf_value=0.0043428243359217777 0.0004758753822735982 0.0026361191832813633 -0.00017070443152255059 -0.00148371313944936 -0.00041013416923535711 0.0019919235915762915
leaf_weight=1180 2511 2553 4444 11303 7985 6162
leaf_count=1180 2511 2553 4444 11303 7985 6162
internal_value=0.000202551 0.00149966 0.000993071 -0.00189359 0.000633337 0.00188366
internal_weight=36138 22324 19771 13814 18591 10606
internal_count=36138 22324 19771 13814 18591 10606
is_linear=0
shrinkage=0.03


Tree=53
num_leaves=7
num_cat=0
split_feature=11 2 14 13 14 13
split_gain=89.7781 61.6014 47.2704 46.6118 47.2755 45.4101
threshold=-0.044144788188029242 5.5000000000000009 -0.036615603849319271 0.029944229039719009 0.1274798667383473 0.033188486816918251
decision_type=10 2 8 10 8 10
left_child=1 -1 -3 4 -2 -5
right_child=3 2 -4 5 -6 -7
leaf_value=-8.711300564688135e-05 -0.00042993719822204596 0.0007872911123495579 0.0036953706808875437 0.0034883836372687116 -0.0032077863900749496 6.7674307996386292e-05
leaf_weight=6295 10453 3972 4206 582 2721 7975
leaf_count=6295 10453 3972 4206 582 2721 7975
internal_value=0.000212125 0.00204263 0.00375963 -0.00100704 -0.00212676 0.000716873
internal_weight=36204 14473 8178 21731 13174 8557
internal_count=36204 14473 8178 21731 13174 8557
is_linear=0
shrinkage=0.03


Tree=54
num_leaves=7
num_cat=2
split_feature=12 1 12 1 3 9
split_gain=71.3977 61.4515 51.9571 42.2688 39.5029 35.2629
threshold=-0.13067182940312347 0 0.12385189391691577 1 7.5000000000000009 0.3256945703633885
decision_type=10 9 10 9 2 8
left_child=3 4 5 -1 -2 -3
right_child=1 2 -4 -5 -6 -7
leaf_value=0.00056608383332303926 -0.00050234665286378352 -3.9653016534010253e-05 -0.00088496023078497919 0.0032249843670485094 -0.0029913291769115007 0.0014272997046814659
leaf_weight=6141 1924 10059 7962 2999 1601 5662
leaf_count=6141 1924 10059 7962 2999 1601 5662
internal_value=0.000170844 -0.000599802 -4.87465e-05 0.00246472 -0.00428874 0.000951215
internal_weight=36348 27208 23683 9140 3525 15721
internal_count=36348 27208 23683 9140 3525 15721
cat_boundaries=0 1 2
cat_threshold=96604674 243396866
is_linear=0
shrinkage=0.03


Tree=55
num_leaves=7
num_cat=1
split_feature=12 1 3 12 3 3
split_gain=71.3972 72.6437 67.0321 40.0125 39.4745 36.7066
threshold=0.14248724336594301 0 7.5000000000000009 -0.22852393076375496 2.5000000000000004 3.5000000000000004
decision_type=10 9 2 10 2 2
left_child=1 4 3 -3 -1 -5
right_child=-2 2 -4 5 -6 -7
leaf_value=-0.00054807184273229651 -0.0011097485091784928 0.0029687892090929399 -0.00099068791481453713 -0.00064134725032929669 0.0017300453013234446 0.0010459721290662033
leaf_weight=1589 7322 1861 8335 3538 8269 5145
leaf_count=1589 7322 1861 8335 3538 8269 5145
internal_value=0.000161814 0.000835653 -0.000254897 0.00133428 0.00292127 0.000478466
internal_weight=36059 28737 18879 10544 9858 8683
internal_count=36059 28737 18879 10544 9858 8683
cat_boundaries=0 1
cat_threshold=36244636
is_linear=0
shrinkage=0.03


Tree=56
num_leaves=7
num_cat=2
split_feature=11 9 1 3 1 3
split_gain=91.5572 51.0149 52.6346 52.3571 45.3092 43.5309
threshold=0.16110326487831153 -0.39192543471835112 0 6.5000000000000009 1 3.5000000000000004
decision_type=10 10 9 2 9 2
left_child=1 4 -3 5 -1 -4
right_child=-2 2 3 -5 -6 -7
leaf_value=0.0025522855020893762 -0.0013975059511252203 -0.00071108858085880986 0.00017832364113004929 -0.00019698663804192196 0.00043957456991735211 0.0029075608304960868
leaf_weight=4436 9638 6807 2430 5454 4529 2786
leaf_count=4436 9638 6807 2430 5454 4529 2786
internal_value=0.000143843 0.00105623 0.000112427 0.00142683 0.00289594 0.00357677
internal_weight=36080 26442 17477 10670 8965 5216
internal_count=36080 26442 17477 10670 8965 5216
cat_boundaries=0 1 2
cat_threshold=502210818 405580250
is_linear=0
shrinkage=0.03


Tree=57
num_leaves=7
num_cat=2
split_feature=11 2 1 9 1 3
split_gain=82.9815 50.3903 47.6242 44.9117 56.7304 48.6746
threshold=0.15545873727501783 2.5000000000000004 0 -0.34614912824819427 1 6.5000000000000009
decision_type=10 2 9 10 9 2
left_child=3 -2 -3 -1 -5 -6
right_child=1 2 -4 4 5 -7
leaf_value=0.0014404226215987981 0.00078087017187629165 -0.0044360511183337307 -0.0011872370240624121 -0.00068975592343304554 0.0014213114800115257 -0.00016255166542148897
leaf_weight=9387 1801 1889 6186 6667 5112 5235
leaf_count=9387 1801 1889 6186 6667 5112 5235
internal_value=0.000164976 -0.00218082 -0.00319279 0.00104253 0.000123421 0.00151332
internal_weight=36277 9876 8075 26401 17014 10347
internal_count=36277 9876 8075 26401 17014 10347
cat_boundaries=0 1 2
cat_threshold=366064262 502210818
is_linear=0
shrinkage=0.03


Tree=58
num_leaves=7
num_cat=1
split_feature=12 1 12 13 12 7
split_gain=68.2585 58.4403 52.8236 41.3136 38.6455 36.0317
threshold=0.18775525056712097 0 -0.22054883289722935 -0.10038608231734832 -0.066346904866767073 0.16594382458659321
decision_type=10 9 10 8 8 10
left_child=1 4 -3 -4 -1 -5
right_child=-2 2 3 5 -6 -7
leaf_value=0.0037078218970964978 -0.0014264510333551843 0.0018371753533657686 -0.0035386432099456804 9.190888034928013e-05 0.00067812421535010721 -0.0017115744870022122
leaf_weight=1953 5097 4025 1147 12925 7296 3660
leaf_count=1953 5097 4025 1147 12925 7296 3660
internal_value=0.000165771 0.000694682 -0.000155044 -0.000859415 0.0026906 -0.000478416
internal_weight=36103 31006 21757 17732 9249 16585
internal_count=36103 31006 21757 17732 9249 16585
cat_boundaries=0 1
cat_threshold=304614424
is_linear=0
shrinkage=0.03


Tree=59
num_leaves=7
num_cat=0
split_feature=11 2 11 2 4 9
split_gain=76.3177 53.1037 54.4368 45.9458 61.4606 44.6408
threshold=-0.015178990301058624 5.5000000000000009 -0.32596505613497312 3.5000000000000004 4.5000000000000009 0.27724064205490878
decision_type=10 2 8 2 2 8
left_child=1 -1 -3 4 -2 -5
right_child=3 2 -4 5 -6 -7
leaf_value=-9.8626329445998978e-05 0.0016641690235679261 0.0054574694613974753 0.0012291278694271069 -0.0016641197798124717 -0.0002495729477782381 -8.1673936017555946e-05
leaf_weight=7149 1662 1629 7547 7938 3640 6592
leaf_count=7149 1662 1629 7547 7938 3640 6592
internal_value=0.000161375 0.00168045 0.00319059 -0.00108909 0.00130115 -0.00196132
internal_weight=36157 16325 9176 19832 5302 14530
internal_count=36157 16325 9176 19832 5302 14530
is_linear=0
shrinkage=0.03


Tree=60
num_leaves=7
num_cat=0
split_feature=11 3 3 14 8 2
split_gain=75.8811 56.0271 91.2368 59.1827 41.7577 36.4639
threshold=0.25292598860556753 7.5000000000000009 3.5000000000000004 -0.078181144969142288 0.12784648609198926 2.5000000000000004
decision_type=10 2 2 8 8 2
left_child=1 2 -1 4 -4 -2
right_child=5 -3 3 -5 -6 -7
leaf_value=-0.00025696276925195018 0.00064042879390903895 -0.000309092712485481 -0.00094342190179070673 0.00250857586958817 0.0026762674103599062 -0.0031223517153145062
leaf_weight=7212 1049 13179 2052 7211 939 4568
leaf_count=7212 1049 13179 2052 7211 939 4568
internal_value=6.21358e-05 0.000650618 0.00176744 0.00359306 4.51203e-05 -0.00314258
internal_weight=36210 30593 17414 10202 2991 5617
internal_count=36210 30593 17414 10202 2991 5617
is_linear=0
shrinkage=0.03


Tree=61
num_leaves=7
num_cat=2
split_feature=12 3 3 1 12 1
split_gain=58.4329 50.2198 127.855 52.959 44.055 38.7021
threshold=-0.32405961019403134 2.5000000000000004 6.5000000000000009 0 0.10778968008022362 1
decision_type=8 2 2 9 8 9
left_child=-1 -2 5 4 -4 -3
right_child=1 2 3 -5 -6 -7
leaf_value=0.0037006752922071882 -0.0010205241623827666 0.0018836332706745691 0.0010983545764047477 -0.0011297200349149172 -0.00083443546506583091 0.00045998544560964033
leaf_weight=1463 5501 6207 4272 10162 3572 4914
leaf_count=1463 5501 6207 4272 10162 3572 4914
internal_value=0.000164164 -8.40336e-05 0.00041249 -0.00114955 0.000702737 0.00294147
internal_weight=36091 34628 29127 18006 7844 11121
internal_count=36091 34628 29127 18006 7844 11121
cat_boundaries=0 1 2
cat_threshold=439946268 113265400
is_linear=0
shrinkage=0.03


Tree=62
num_leaves=7
num_cat=2
split_feature=12 1 1 12 9 12
split_gain=69.2689 49.4863 48.2815 41.3231 34.3659 31.2245
threshold=-0.066346904866767073 0 1 0.18775525056712097 0.13038217174317082 -0.33788507745078838
decision_type=10 9 9 10 8 8
left_child=1 -1 -2 4 -4 -3
right_child=2 5 3 -5 -6 -7
leaf_value=0.0046113969947442317 -0.0012922393472334977 0.003628162191168073 -0.00027683005508557704 -0.0011535006691424704 0.0010005585875162933 0.00043070500242713177
leaf_weight=1082 4707 1189 6607 4776 6702 11075
leaf_count=1082 4707 1189 6607 4776 6702 11075
internal_value=0.000124519 0.00184086 -0.000880533 -0.000174901 0.000684072 0.00129287
internal_weight=36138 13346 22792 18085 13309 12264
internal_count=36138 13346 22792 18085 13309 12264
cat_boundaries=0 1 2
cat_threshold=2100248 96868098
is_linear=0
shrinkage=0.03


Tree=63
num_leaves=7
num_cat=1
split_feature=12 4 4 14 0 13
split_gain=59.9536 46.3918 90.3335 104.496 68.342 59.0721
threshold=-0.22222449718430634 3.5000000000000004 6.5000000000000009 -0.040896917622203481 0 0.091143940607181229
decision_type=8 2 2 8 1 10
left_child=-1 -2 5 4 -4 -3
right_child=1 2 3 -5 -6 -7
leaf_value=0.0022190121419694993 0.00069870972705121377 -0.0025153510492351054 0.00010818931843926099 0.0011807430678198699 -0.003120997675380164 0.00028118317045100147
leaf_weight=3945 7681 5918 4147 8578 3462 2454
leaf_count=3945 7681 5918 4147 8578 3462 2454
internal_value=0.000132233 -0.000294966 -0.000931393 0.000377131 -0.002182 -0.00346113
internal_weight=36185 32240 24559 16187 7609 8372
internal_count=36185 32240 24559 16187 7609 8372
cat_boundaries=0 1
cat_threshold=2
is_linear=0
shrinkage=0.03


Tree=64
num_leaves=7
num_cat=0
split_feature=11 14 4 13 2 4
split_gain=73.9153 52.2434 67.4303 68.4106 55.402 50.611
threshold=0.24263350017644084 -0.014029943399684284 7.5000000000000009 0.075715587391772712 3.5000000000000004 3.5000000000000004
decision_type=10 8 2 10 2 2
left_child=1 -1 3 5 -4 -3
right_child=-2 2 4 -5 -6 -7
leaf_value=-0.0002200057371202975 -0.0018984299637210935 0.00078322694023660671 -0.00011286980004428238 0.0025562094026546343 0.0036215579704774441 -0.0010916948257841286
leaf_weight=14187 5983 3630 1365 2270 3919 4774
leaf_count=14187 5983 3630 1365 2270 3919 4774
internal_value=0.000135348 0.000739899 0.00191741 0.000545199 0.00468874 -0.000703153
internal_weight=36128 30145 15958 10674 5284 8404
internal_count=36128 30145 15958 10674 5284 8404
is_linear=0
shrinkage=0.03


Tree=65
num_leaves=7
num_cat=0
split_feature=12 3 3 14 7 12
split_gain=60.5764 54.4767 82.0155 33.0068 25.5434 25.3774
threshold=0.064298844249271805 7.5000000000000009 3.5000000000000004 -0.17016452810223601 -0.31871340393662789 -0.34844829550940343
decision_type=10 2 2 8 10 8
left_child=1 2 5 -4 -3 -1
right_child=-2 4 3 -5 -6 -7
leaf_value=0.0038287225240586924 -0.00059936787592911901 0.0012232538163356947 -0.00070010912714831995 0.0026715426974163671 -0.00062949183819193994 -0.0003607611105603395
leaf_weight=281 12335 2145 848 7034 8321 5235
leaf_count=281 12335 2145 848 7034 8321 5235
internal_value=0.000134669 0.00101697 0.00228375 0.00424711 -0.000604758 -0.000522023
internal_weight=36199 23864 13398 7882 10466 5516
internal_count=36199 23864 13398 7882 10466 5516
is_linear=0
shrinkage=0.03


Tree=66
num_leaves=7
num_cat=1
split_feature=11 1 11 13 3 3
split_gain=71.8958 52.6721 45.8596 44.6723 39.7758 53.3642
threshold=0.25292598860556753 0 -0.4662331769681422 -0.089244468661052193 9.5000000000000018 3.5000000000000004
decision_type=10 9 8 8 2 2
left_child=2 -2 -1 -4 5 -5
right_child=1 -3 3 4 -6 -7
leaf_value=0.0063796795350230615 -0.0049664648846406275 -0.00074356599236003091 -0.0013283702254548134 -0.00020784556298565607 -0.00038656028823877414 0.0012841996553228585
leaf_weight=811 1630 3958 3284 6289 6856 13237
leaf_count=811 1630 3958 3284 6289 6856 13237
internal_value=0.000132673 -0.00299517 0.000706247 0.000513702 0.000924459 0.00161469
internal_weight=36065 5588 30477 29666 26382 19526
internal_count=36065 5588 30477 29666 26382 19526
cat_boundaries=0 1
cat_threshold=166830978
is_linear=0
shrinkage=0.03


Tree=67
num_leaves=7
num_cat=2
split_feature=11 2 13 1 12 1
split_gain=67.1726 44.1413 43.3043 39.2775 36.1058 47.5014
threshold=0.16110326487831153 2.5000000000000004 0.027949920476027817 0 0.12385189391691577 1
decision_type=10 2 8 9 10 9
left_child=2 -2 4 -3 5 -1
right_child=1 3 -4 -5 -6 -7
leaf_value=-0.00045435122673803652 0.0008312085048377345 -0.00065570119689892941 0.0013405336621903972 -0.0031548556014703217 -0.0010025021706096527 0.0010335470498750773
leaf_weight=6188 1719 4461 9150 3348 3809 7486
leaf_count=6188 1719 4461 9150 3348 3809 7486
internal_value=0.000121536 -0.00204009 0.000894909 -0.00299808 1.97323e-05 0.000739305
internal_weight=36161 9528 26633 7809 17483 13674
internal_count=36161 9528 26633 7809 17483 13674
cat_boundaries=0 1 2
cat_threshold=34229336 232173826
is_linear=0
shrinkage=0.03


Tree=68
num_leaves=7
num_cat=2
split_feature=12 1 3 1 12 3
split_gain=55.335 52.8193 46.1186 36.7868 35.6064 35.8095
threshold=0.16344403140761712 0 7.5000000000000009 1 -0.26924935128296607 3.5000000000000004
decision_type=10 9 2 9 10 2
left_child=1 -1 4 -2 -3 -6
right_child=3 2 -4 -5 5 -7
leaf_value=0.00099586627245660305 -0.00042917762518243614 0.0031640970706742415 -0.00091535770220821844 -0.0029314085841248626 -0.00068904260278688893 0.00093112172437490417
leaf_weight=11770 4248 1290 8132 1828 3606 5285
leaf_count=11770 4248 1290 8132 1828 3606 5285
internal_value=0.000103291 0.000630734 -0.000377374 -0.00250782 0.000967885 0.000291835
internal_weight=36159 30083 18313 6076 10181 8891
internal_count=36159 30083 18313 6076 10181 8891
cat_boundaries=0 1 2
cat_threshold=36244700 176728424
is_linear=0
shrinkage=0.03


Tree=69
num_leaves=7
num_cat=0
split_feature=11 13 13 11 3 3
split_gain=63.685 47.7978 49.8534 42.8928 41.3826 77.0407
threshold=0.25292598860556753 0.070150462194139548 0.058367103392011815 -0.52389194261985883 6.5000000000000009 3.5000000000000004
decision_type=10 10 10 8 2 2
left_child=1 2 3 -1 5 -5
right_child=-2 -3 -4 4 -6 -7
leaf_value=0.0071068314177161604 -0.0018673894660357468 0.0016224302720618214 -0.0041487136758971109 -0.00026434903892954913 -0.00037664045872780425 0.0019972055899504788
leaf_weight=549 5593 4140 831 5913 12957 6216
leaf_count=549 5593 4140 831 5913 12957 6216
internal_value=0.000108978 0.000646911 0.000177957 0.000412506 0.000230797 0.00149011
internal_weight=36199 30606 26466 25635 25086 12129
internal_count=36199 30606 26466 25635 25086 12129
is_linear=0
shrinkage=0.03


Tree=70
num_leaves=7
num_cat=1
split_feature=11 2 11 1 9 2
split_gain=60.2843 51.1333 55.1274 41.0744 40.2841 39.9348
threshold=-0.0057157472301243564 6.5000000000000009 -0.32596505613497312 0 0.28389507324667657 3.5000000000000004
decision_type=10 2 8 9 8 2
left_child=1 -1 -3 5 -5 -2
right_child=3 2 -4 4 -6 -7
leaf_value=-6.2087981504783119e-05 0.0003286562009110354 0.0057232650575752162 0.0011389746677725717 -0.00064642207247747087 0.00078183718431581843 -0.002641020241067289
leaf_weight=8829 1257 1380 6739 9023 5828 3185
leaf_count=8829 1257 1380 6739 9023 5828 3185
internal_value=9.64351e-05 0.00140185 0.00312007 -0.00105033 -0.000291683 -0.00357736
internal_weight=36241 16948 8119 19293 14851 4442
internal_count=36241 16948 8119 19293 14851 4442
cat_boundaries=0 1
cat_threshold=368161282
is_linear=0
shrinkage=0.03


Tree=71
num_leaves=7
num_cat=0
split_feature=11 2 11 14 13 3
split_gain=59.2015 57.143 44.2807 38.2643 37.8336 36.2433
threshold=-0.052801332949107486 6.5000000000000009 -0.32596505613497312 -0.036615603849319271 0.010275040994622823 2.5000000000000004
decision_type=10 2 8 8 10 2
left_child=1 4 -3 -4 -1 -2
right_child=5 2 3 -5 -6 -7
leaf_value=-0.0006956471418080387 -0.0014457773860947743 0.0055208193205150231 -9.8910392387727142e-05 0.0028726734754296089 0.0013881217662767452 -0.00012572941485406995
leaf_weight=4666 3567 1372 2542 2903 2582 18499
leaf_count=4666 3567 1372 2542 2903 2582 18499
internal_value=0.000126619 0.00164759 0.0036191 0.00240452 -0.000206925 -0.000842888
internal_weight=36131 14065 6817 5445 7248 22066
internal_count=36131 14065 6817 5445 7248 22066
is_linear=0
shrinkage=0.03


Tree=72
num_leaves=7
num_cat=2
split_feature=12 1 1 12 7 9
split_gain=50.2301 48.6076 44.7211 37.93 27.3594 25.7794
threshold=-0.13067182940312347 0 1 0.19864178582776318 -0.54228928524805953 0.3256945703633885
decision_type=8 9 9 10 10 8
left_child=2 -2 4 5 -1 -3
right_child=1 3 -4 -5 -6 -7
leaf_value=0.003503287372372117 -0.0013740190175739937 -0.00011497538242046449 0.00315205225673013 -0.0011311524277682306 -0.00011489347413749763 0.00099625376344685142
leaf_weight=769 3515 12643 2625 4573 4720 7210
leaf_count=769 3515 12643 2625 4573 4720 7210
internal_value=8.86122e-05 -0.000514816 0.00216636 -3.92847e-05 0.000619091 0.000528105
internal_weight=36055 27941 8114 24426 5489 19853
internal_count=36055 27941 8114 24426 5489 19853
cat_boundaries=0 1 2
cat_threshold=96604674 214036806
is_linear=0
shrinkage=0.03


Tree=73
num_leaves=7
num_cat=2
split_feature=11 1 14 9 11 1
split_gain=62.5881 43.3567 42.6269 36.2587 36.1302 31.6931
threshold=0.082226335052709945 0 0.078547279112105614 0.26236476446774099 -0.17357294243897933 1
decision_type=10 9 8 8 8 9
left_child=2 -2 -1 -3 -4 -6
right_child=1 3 4 -5 5 -7
leaf_value=6.9126959108515294e-05 -0.0020272543199173023 -0.0010726345690922241 0.0068846597143044259 0.00066855533757855521 0.0030727435107618518 0.00033831635309284621
leaf_weight=16047 3534 5793 939 4590 1681 3611
leaf_count=16047 3534 5793 939 4590 1681 3611
internal_value=2.5279e-05 -0.00155302 0.00101127 -0.000572927 0.00311698 0.00215379
internal_weight=36195 13917 22278 10383 6231 5292
internal_count=36195 13917 22278 10383 6231 5292
cat_boundaries=0 1 2
cat_threshold=368095878 414461328
is_linear=0
shrinkage=0.03


Tree=74
num_leaves=7
num_cat=2
split_feature=11 2 1 13 12 1
split_gain=59.5085 36.0831 36.3246 35.6726 31.3665 30.7368
threshold=0.16110326487831153 3.5000000000000004 0 0.027949920476027817 -0.33788507745078838 1
decision_type=10 2 9 8 10 9
left_child=3 -2 -3 4 -1 -6
right_child=1 2 -4 -5 5 -7
leaf_value=0.0030554168802549709 0.00046753993097135908 -0.0041301147224785135 -0.0012176001305265484 0.0011429675769606908 0.00039038251910863861 -0.00061906592295476591
leaf_weight=965 2588 1372 5591 9112 8014 8518
leaf_count=965 2588 1372 5591 9112 8014 8518
internal_value=7.30068e-05 -0.00195823 -0.00308228 0.000802142 9.42965e-06 -0.000297587
internal_weight=36160 9551 6963 26609 17497 16532
internal_count=36160 9551 6963 26609 17497 16532
cat_boundaries=0 1 2
cat_threshold=368128642 34687724
is_linear=0
shrinkage=0.03


Tree=75
num_leaves=7
num_cat=2
split_feature=11 14 11 1 9 1
split_gain=60.3776 36.3824 37.016 34.9728 31.0053 26.1257
threshold=0.064153952532231898 0.078547279112105614 -0.42641460105018053 0 0.34483930982252492 1
decision_type=10 10 8 9 8 9
left_child=1 2 -1 -2 -5 -4
right_child=3 -3 5 4 -6 -7
leaf_value=0.0036473370797412965 -0.001693029068670999 0.0019159754820304591 -0.0014797519806137582 -0.00084244353983869275 0.00075282365611724703 0.00021948030268393977
leaf_weight=1204 3830 3954 1759 6895 4195 14354
leaf_count=1204 3830 3954 1759 6895 4195 14354
internal_value=7.17009e-05 0.00109792 0.000504966 -0.00139133 -0.000535087 0.000125667
internal_weight=36191 21271 17317 14920 11090 16113
internal_count=36191 21271 17317 14920 11090 16113
cat_boundaries=0 1 2
cat_threshold=368095878 201719810
is_linear=0
shrinkage=0.03


Tree=76
num_leaves=7
num_cat=0
split_feature=11 2 11 2 4 4
split_gain=54.996 47.7738 42.8275 37.4039 59.3921 36.9694
threshold=-0.037965440043315361 5.5000000000000009 -0.32596505613497312 4.5000000000000009 3.5000000000000004 7.5000000000000009
decision_type=10 2 8 2 2 2
left_child=1 -1 -3 4 -2 -5
right_child=3 2 -4 5 -6 -7
leaf_value=-0.00015781005868962237 0.001751498068691428 0.0046046645794393876 0.0011747459149960399 -0.0015526752981052882 -0.00018181978720820479 5.8187292715297724e-05
leaf_weight=6521 1634 1598 6801 8432 6008 5230
leaf_count=6521 1634 1598 6801 8432 6008 5230
internal_value=6.294e-05 0.00145969 0.00295536 -0.000915278 0.000765406 -0.00185538
internal_weight=36224 14920 8399 21304 7642 13662
internal_count=36224 14920 8399 21304 7642 13662
is_linear=0
shrinkage=0.03


Tree=77
num_leaves=7
num_cat=1
split_feature=11 1 13 13 13 3
split_gain=53.8406 45.411 41.1756 47.4289 42.9724 37.8088
threshold=0.25292598860556753 0 0.070150462194139548 0.058367103392011815 0.052003591354179611 6.5000000000000009
decision_type=10 9 10 10 10 2
left_child=2 -2 3 4 5 -1
right_child=1 -3 -4 -5 -6 -7
leaf_value=0.00058085461289319096 -0.0045613408574655566 -0.00049583018811854272 0.0015153498474820832 -0.0036808796650362749 0.0044095181209206609 -0.00038688963297017168
leaf_weight=12199 1578 4021 4168 836 490 12983
leaf_count=12199 1578 4021 4168 836 490 12983
internal_value=8.80748e-05 -0.00261696 0.000581869 0.000145988 0.000375102 0.000203709
internal_weight=36275 5599 30676 26508 25672 25182
internal_count=36275 5599 30676 26508 25672 25182
cat_boundaries=0 1
cat_threshold=166830976
is_linear=0
shrinkage=0.03


Tree=78
num_leaves=7
num_cat=1
split_feature=11 2 11 3 3 1
split_gain=49.6269 52.529 42.5516 38.2835 59.2075 43.5339
threshold=-0.047984122943401701 5.5000000000000009 -0.32596505613497312 2.5000000000000004 6.5000000000000009 0
decision_type=10 2 8 2 2 9
left_child=1 -1 -3 -2 -5 -6
right_child=3 2 -4 4 5 -7
leaf_value=-0.00020938854196030023 -0.0014809786468720717 0.0047604698865441808 0.0011979239833675903 0.00082441718276228895 0.00010041235715159766 -0.0015644668032374317
leaf_weight=6263 3469 1598 6462 6819 5894 5617
leaf_count=6263 3469 1598 6462 6819 5894 5617
internal_value=0.000112117 0.00148387 0.00308523 -0.00078922 -0.000242213 -0.00155446
internal_weight=36122 14323 8060 21799 18330 11511
internal_count=36122 14323 8060 21799 18330 11511
cat_boundaries=0 1
cat_threshold=439160092
is_linear=0
shrinkage=0.03


Tree=79
num_leaves=7
num_cat=1
split_feature=12 1 3 3 3 3
split_gain=43.812 56.1726 36.6961 39.0542 34.1077 35.0493
threshold=0.1453969209980466 0 6.5000000000000009 3.5000000000000004 2.5000000000000004 10.500000000000002
decision_type=10 9 2 2 2 2
left_child=1 4 3 -3 -1 -6
right_child=-2 2 -4 -5 5 -7
leaf_value=-0.00048482921083725465 -0.00093719112663353144 -0.00041235622196238809 -0.00081914013267305407 0.0017229913558727773 0.0016840368188408693 -0.00021416425337314528
leaf_weight=1851 7143 3975 9228 4272 7666 1992
leaf_count=1851 7143 3975 9228 4272 7666 1992
internal_value=3.61216e-05 0.00055477 -0.000517271 0.000936591 0.00218099 0.00289782
internal_weight=36127 28984 17475 8247 11509 9658
internal_count=36127 28984 17475 8247 11509 9658
cat_boundaries=0 1
cat_threshold=36245212
is_linear=0
shrinkage=0.03


Tree=80
num_leaves=7
num_cat=2
split_feature=12 1 3 3 3 1
split_gain=44.5145 54.5618 41.7851 37.9868 32.8993 30.5846
threshold=0.1453969209980466 0 6.5000000000000009 3.5000000000000004 2.5000000000000004 1
decision_type=10 9 2 2 2 9
left_child=1 4 3 -3 -1 -2
right_child=5 2 -4 -5 -6 -7
leaf_value=-0.00045139849157695762 -0.0036186072530800749 -0.00029915544665678112 -0.00075420955811036981 0.0017451732924034845 0.0013213144269726273 -0.00050796287247305077
leaf_weight=1778 1087 4225 9722 4459 8775 6050
leaf_count=1778 1087 4225 9722 4459 8775 6050
internal_value=7.72917e-05 0.000600311 -0.000386056 0.00112608 0.00231872 -0.00204469
internal_weight=36096 28959 18406 8684 10553 7137
internal_count=36096 28959 18406 8684 10553 7137
cat_boundaries=0 1 2
cat_threshold=36245148 93804048
is_linear=0
shrinkage=0.03


Tree=81
num_leaves=7
num_cat=2
split_feature=11 14 11 2 1 1
split_gain=49.7861 40.3934 59.6365 55.1104 46.5175 37.3266
threshold=0.25292598860556753 -0.081034478166131949 -0.091573485528714013 2.5000000000000004 0 1
decision_type=10 8 8 2 9 9
left_child=1 -1 3 -3 -4 -2
right_child=5 2 4 -5 -6 -7
leaf_value=-0.00048575153152008823 -0.0034749386636218427 -0.00082474392427957276 0.00075563622386092054 0.0030131128795456174 -0.00052617023970123592 -0.00032986080568441362
leaf_weight=8959 2135 920 8498 4248 7966 3433
leaf_count=8959 2135 920 8498 4248 7966 3433
internal_value=2.86228e-05 0.000503563 0.0012051 0.00401625 0.000322502 -0.00258036
internal_weight=36159 30591 21632 5168 16464 5568
internal_count=36159 30591 21632 5168 16464 5568
cat_boundaries=0 1 2
cat_threshold=179613080 200385408
is_linear=0
shrinkage=0.03


Tree=82
num_leaves=7
num_cat=1
split_feature=11 1 14 4 4 14
split_gain=47.6977 43.5478 39.6536 65.0542 55.0427 83.1463
threshold=0.25292598860556753 0 -0.014029943399684284 6.5000000000000009 3.5000000000000004 0.21091601974081706
decision_type=10 9 8 2 2 10
left_child=2 -2 -1 4 -4 -6
right_child=1 -3 3 -5 5 -7
leaf_value=-0.00023805212898172395 -0.0042675820181283988 -0.00045965917051256317 0.0011065303205551368 0.0018943258345631936 -0.0019180105363485501 0.0016292411879890516
leaf_weight=14393 1536 4040 4452 6264 3809 1630
leaf_count=14393 1536 4040 4452 6264 3809 1630
internal_value=8.22145e-05 -0.00246907 0.000547972 0.00156815 5.30732e-05 -0.00197151
internal_weight=36124 5576 30548 16155 9891 5439
internal_count=36124 5576 30548 16155 9891 5439
cat_boundaries=0 1
cat_threshold=166830976
is_linear=0
shrinkage=0.03


Tree=83
num_leaves=7
num_cat=1
split_feature=11 2 11 2 1 4
split_gain=52.6627 52.1763 36.6834 34.4557 46.4577 44.2424
threshold=-0.037965440043315361 5.5000000000000009 -0.32596505613497312 4.5000000000000009 0 3.5000000000000004
decision_type=10 2 8 2 9 2
left_child=1 -1 -3 5 -5 -2
right_child=3 2 -4 4 -6 -7
leaf_value=-0.00019783338251193805 0.0016208671910159203 0.004303379534497347 0.0012378306851170879 -0.0022138809496199548 -0.00036101243490898959 -0.00014910585240217086
leaf_weight=6498 1624 1606 6770 3175 10462 6021
leaf_count=6498 1624 1606 6770 3175 10462 6021
internal_value=8.46309e-05 0.00145412 0.00301898 -0.000872527 -0.00177629 0.000739602
internal_weight=36156 14874 8376 21282 13637 7645
internal_count=36156 14874 8376 21282 13637 7645
cat_boundaries=0 1
cat_threshold=368161282
is_linear=0
shrinkage=0.03


Tree=84
num_leaves=7
num_cat=1
split_feature=7 14 0 14 10 3
split_gain=39.4206 44.4424 36.7171 46.149 51.8813 33.3488
threshold=0.21624216008045141 0.015541878261281601 0 -0.32894240251914902 0.42380251643348205 10.500000000000002
decision_type=10 10 1 10 8 2
left_child=1 2 5 -4 -5 -1
right_child=-2 -3 3 4 -6 -7
leaf_value=0.00060499989088519661 -0.0011555374483368504 0.00093626891948779566 0.0031696380594411224 0.00017338097891448815 -0.0023361442291292651 -0.0008945345351349008
leaf_weight=8058 5512 11217 1285 3515 4942 1698
leaf_count=8058 5512 11217 1285 3515 4942 1698
internal_value=0.000104753 0.000523994 -0.000341556 -0.00164426 -0.00244916 0.000959311
internal_weight=36227 30715 19498 9742 8457 9756
internal_count=36227 30715 19498 9742 8457 9756
cat_boundaries=0 1
cat_threshold=2
is_linear=0
shrinkage=0.03


Tree=85
num_leaves=7
num_cat=2
split_feature=11 12 1 2 1 9
split_gain=47.9007 33.5797 40.4531 31.2711 38.3097 29.8197
threshold=0.25292598860556753 0.19864178582776318 0 3.5000000000000004 1 0.15018471148018001
decision_type=10 10 9 2 9 8
left_child=1 2 5 -2 -5 -1
right_child=3 -3 -4 4 -6 -7
leaf_value=0.00030699146856179923 0.00059652601984030269 -0.00094157690278222925 -0.0001433423948801132 -0.0013076853399493274 -0.005038141104110402 0.0016491801587762631
leaf_weight=8031 1522 3592 13082 2841 1187 6041
leaf_count=8031 1522 3592 13082 2841 1187 6041
internal_value=2.47954e-05 0.000487852 0.000848463 -0.00254008 -0.00392405 0.00196407
internal_weight=36296 30746 27154 5550 4028 14072
internal_count=36296 30746 27154 5550 4028 14072
cat_boundaries=0 1 2
cat_threshold=438849240 34491518
is_linear=0
shrinkage=0.03


Tree=86
num_leaves=7
num_cat=0
split_feature=11 2 11 13 7 8
split_gain=43.7926 33.373 32.605 33.8804 28.0082 40.156
threshold=0.17206090249802489 1.5000000000000002 -0.4662331769681422 0.027949920476027817 0.23361432486599301 0.37514405418343127
decision_type=10 2 8 10 10 10
left_child=2 -2 -1 -4 5 -3
right_child=1 4 3 -5 -6 -7
leaf_value=0.0048720106725360498 0.0011644847807146055 -0.001506130588679029 -7.5982305544666654e-05 0.0010700994074287267 -0.002789250650667052 0.0012999516173513772
leaf_weight=820 811 3286 18466 7769 3011 1940
leaf_count=820 811 3286 18466 7769 3011 1940
internal_value=8.60016e-05 -0.00172063 0.000690235 0.000505984 -0.00229243 -0.000964224
internal_weight=36103 9048 27055 26235 8237 5226
internal_count=36103 9048 27055 26235 8237 5226
is_linear=0
shrinkage=0.03


Tree=87
num_leaves=7
num_cat=0
split_feature=12 3 3 3 9 14
split_gain=43.5186 37.9678 45.4262 46.2071 29.6552 27.3159
threshold=0.19864178582776318 10.500000000000002 2.5000000000000004 6.5000000000000009 0.16629369074408509 -0.078181144969142288
decision_type=10 2 2 2 8 8
left_child=1 2 -1 5 -5 -4
right_child=-2 -3 3 4 -6 -7
leaf_value=-0.0005875756499108825 -0.0012512835592326799 -0.00077363450821252787 0.00014183132756892826 -0.00054082837192474071 0.00092036708406819301 0.0017395563555045554
leaf_weight=5023 4712 5523 2555 6036 4966 7518
leaf_count=5023 4712 5523 2555 6036 4966 7518
internal_value=9.49524e-06 0.000410316 0.00088854 0.00149957 0.000155412 0.00296754
internal_weight=36333 31621 26098 21075 11002 10073
internal_count=36333 31621 26098 21075 11002 10073
is_linear=0
shrinkage=0.03


Tree=88
num_leaves=7
num_cat=2
split_feature=11 2 14 14 0 1
split_gain=45.8425 43.933 49.0023 35.8463 40.9681 33.2023
threshold=-0.052801332949107486 1.5000000000000002 -0.078181144969142288 -0.32894240251914902 0 1
decision_type=10 2 8 10 1 9
left_child=1 -1 3 -3 -5 -2
right_child=5 2 -4 4 -6 -7
leaf_value=-0.00099044980896732999 -0.0012626470049584445 0.0052917232288846395 0.0018031158265042581 0.0012519728662475675 -0.0017376093996453149 -7.3668476170816387e-05
leaf_weight=1273 4895 260 7928 1618 2991 17093
leaf_count=1273 4895 260 7928 1618 2991 17093
internal_value=3.16149e-05 0.00136877 0.00189756 -0.000471253 -0.00108351 -0.000824048
internal_weight=36058 14070 12797 4869 4609 21988
internal_count=36058 14070 12797 4869 4609 21988
cat_boundaries=0 1 2
cat_threshold=2 365277186
is_linear=0
shrinkage=0.03


Tree=89
num_leaves=7
num_cat=1
split_feature=11 4 4 14 13 0
split_gain=41.2189 38.8806 88.0906 81.279 63.019 56.559
threshold=-0.44962178108781353 3.5000000000000004 6.5000000000000009 -0.014029943399684284 0.091143940607181229 0
decision_type=8 2 2 8 10 1
left_child=-1 -2 4 5 -3 -4
right_child=1 2 3 -5 -6 -7
leaf_value=0.0042989537124267464 0.00071194295620058445 -0.002242601803260949 0.00022238662488014379 0.0013752971555993868 0.00041529476475233017 -0.0022157055999090436
leaf_weight=974 8248 6245 6011 7607 2602 4402
leaf_count=974 8248 6245 6011 7607 2602 4402
internal_value=6.94098e-05 -9.95273e-05 -0.000652635 0.000551024 -0.00310409 -0.00117102
internal_weight=36089 35115 26867 18020 8847 10413
internal_count=36089 35115 26867 18020 8847 10413
cat_boundaries=0 1
cat_threshold=2
is_linear=0
shrinkage=0.03


Tree=90
num_leaves=7
num_cat=0
split_feature=3 3 14 3 4 9
split_gain=39.5705 81.6868 30.6817 39.912 29.4263 27.8365
threshold=2.5000000000000004 6.5000000000000009 -0.081034478166131949 3.5000000000000004 7.5000000000000009 0.16629369074408509
decision_type=2 2 8 2 2 8
left_child=-1 2 -2 -4 -5 -3
right_child=1 5 3 4 -6 -7
leaf_value=-0.00079597460023450681 -1.2821410374125457e-05 -0.00075276793512307869 -0.00010079933485092158 0.0014683062550209143 0.0034760092562390417 0.00028230063192389367
leaf_weight=5787 3067 10551 1978 4134 2402 8230
leaf_count=5787 3067 10551 1978 4134 2402 8230
internal_value=0.000104149 0.000537496 0.00251899 0.00344568 0.00457549 -0.000684432
internal_weight=36149 30362 11581 8514 6536 18781
internal_count=36149 30362 11581 8514 6536 18781
is_linear=0
shrinkage=0.03


Tree=91
num_leaves=7
num_cat=1
split_feature=11 13 1 14 14 14
split_gain=39.664 30.9143 28.3944 27.8113 38.3236 28.785
threshold=0.17206090249802489 0.027949920476027817 0 -0.32894240251914902 -0.32711361922184429 -0.3019931236561153
decision_type=10 10 9 8 8 8
left_child=1 3 -3 -1 -5 -6
right_child=-2 2 -4 4 5 -7
leaf_value=0.0035642446467528057 -0.00086263214102847948 0.00014277367004813127 0.0016774940927734383 -0.0073077478922159832 0.0041499572274664893 -7.1174441787241887e-05
leaf_weight=429 8997 3614 4324 234 207 18233
leaf_count=429 8997 3614 4324 234 207 18233
internal_value=3.6627e-05 0.000610717 0.00218415 -4.31847e-05 -0.000216867 -6.34456e-05
internal_weight=36038 27041 7938 19103 18674 18440
internal_count=36038 27041 7938 19103 18674 18440
cat_boundaries=0 1
cat_threshold=88822370
is_linear=0
shrinkage=0.03


Tree=92
num_leaves=7
num_cat=2
split_feature=3 3 1 1 14 11
split_gain=38.8462 79.8736 39.5034 35.7243 29.0888 24.339
threshold=2.5000000000000004 6.5000000000000009 0 1 -0.081034478166131949 0.2706063875813301
decision_type=2 2 9 9 8 8
left_child=5 3 -3 4 -2 -1
right_child=1 2 -4 -5 -6 -7
leaf_value=-0.00038360994861049975 -0.0017319201010736968 0.00025004395669925013 -0.00095818186485263353 0.0015743109841357893 0.00086688406472948507 -0.0030410452451755661
leaf_weight=4580 996 9301 9325 7868 2736 1218
leaf_count=4580 996 9301 9325 7868 2736 1218
internal_value=6.07911e-05 0.000492275 -0.000724754 0.00244634 2.40449e-05 -0.00218831
internal_weight=36024 30226 18626 11600 3732 5798
internal_count=36024 30226 18626 11600 3732 5798
cat_boundaries=0 1 2
cat_threshold=439987228 423436546
is_linear=0
shrinkage=0.03


Tree=93
num_leaves=7
num_cat=0
split_feature=11 11 14 13 7 8
split_gain=40.7468 29.2094 29.5879 27.5898 32.8126 31.9499
threshold=0.082226335052709945 -0.42641460105018053 0.06718098489430524 -0.053913613882444138 0.17674384512227673 0.23962756546139466
decision_type=10 8 10 10 10 8
left_child=1 -1 -3 -2 5 -5
right_child=3 2 -4 4 -6 -7
leaf_value=0.0034740024034498086 -0.0017055871681671809 -2.4745713744530049e-05 0.0013176938284362527 -0.00076031882917450451 -0.0014120890705616904 0.001137791951016434
leaf_weight=1226 2709 16123 4872 2346 4476 4293
leaf_count=1226 2709 16123 4872 2346 4476 4293
internal_value=3.53715e-05 0.000830933 0.000567965 -0.0012434 -0.000581594 0.000756777
internal_weight=36045 22221 20995 13824 11115 6639
internal_count=36045 22221 20995 13824 11115 6639
is_linear=0
shrinkage=0.03


Tree=94
num_leaves=7
num_cat=0
split_feature=11 14 3 8 3 4
split_gain=35.765 48.1095 37.6489 37.4254 31.8004 34.3825
threshold=-0.052801332949107486 -0.078181144969142288 1.5000000000000002 -0.10456948327870917 10.500000000000002 2.5000000000000004
decision_type=8 8 2 8 2 2
left_child=1 3 -2 -1 5 -4
right_child=2 -3 4 -5 -6 -7
leaf_value=-0.0011454404742864235 -0.0017763228920217936 0.0014890855870181875 0.0011301063031914126 0.0011419989492253853 -0.0011523619492218671 -0.00012133452435097429
leaf_weight=3404 2102 6383 2738 1697 4263 15471
leaf_count=3404 2102 6383 2738 1697 4263 15471
internal_value=4.99182e-06 0.00138703 -0.000640895 -0.000784986 -0.000281671 0.000264415
internal_weight=36058 11484 24574 5101 22472 18209
internal_count=36058 11484 24574 5101 22472 18209
is_linear=0
shrinkage=0.03


Tree=95
num_leaves=7
num_cat=1
split_feature=11 2 3 3 1 12
split_gain=37.2784 53.9187 39.9587 49.5428 38.1386 44.3649
threshold=-0.32596505613497312 7.5000000000000009 1.5000000000000002 10.500000000000002 0 0.13605256361529608
decision_type=8 2 2 2 9 10
left_child=1 -1 -2 4 5 -4
right_child=2 -3 3 -5 -6 -7
leaf_value=-0.00013585193864334654 -0.0013745427401514825 0.0053930124137588319 0.0013055405148680521 -0.0010445025983725276 -0.00015170465984378233 -0.00058825258803798641
leaf_weight=1581 2828 1170 8384 5779 13988 2346
leaf_count=1581 2828 1170 8384 5779 13988 2346
internal_value=3.99146e-05 0.00339571 -0.000237202 7.91855e-05 0.000663862 0.00200819
internal_weight=36076 2751 33325 30497 24718 10730
internal_count=36076 2751 33325 30497 24718 10730
cat_boundaries=0 1
cat_threshold=167825108
is_linear=0
shrinkage=0.03


Tree=96
num_leaves=7
num_cat=2
split_feature=11 1 11 13 1 3
split_gain=39.0834 35.9091 33.2585 34.3561 40.379 29.1677
threshold=0.25292598860556753 0 -0.4662331769681422 -0.089244468661052193 1 9.5000000000000018
decision_type=10 9 8 8 9 2
left_child=2 -2 -1 4 -4 -5
right_child=1 -3 3 5 -6 -7
leaf_value=0.0046828667530800028 -0.0040758292903217341 -0.00056347223852869796 -0.003697234672897043 0.00050548588927529453 -0.00027339477386145874 -0.00045896455222095762
leaf_weight=828 1196 4350 886 19650 2326 6900
leaf_count=828 1196 4350 886 19650 2326 6900
internal_value=-1.4113e-05 -0.00233099 0.000406002 0.000240903 -0.00268908 0.000595458
internal_weight=36136 5546 30590 29762 3212 26550
internal_count=36136 5546 30590 29762 3212 26550
cat_boundaries=0 1 2
cat_threshold=166830720 502465558
is_linear=0
shrinkage=0.03


Tree=97
num_leaves=7
num_cat=1
split_feature=12 4 4 14 0 13
split_gain=37.2661 35.5216 74.9743 76.4954 61.3862 57.3739
threshold=-0.33788507745078838 3.5000000000000004 6.5000000000000009 -0.00026895975234974049 0 0.091143940607181229
decision_type=8 2 2 8 1 10
left_child=-1 -2 5 4 -4 -3
right_child=1 2 3 -5 -6 -7
leaf_value=0.0032409622834923854 0.00067785494719219098 -0.0020542056903191169 0.00031795715250172843 0.0015406043317318409 -0.0019388570171552629 0.00049793131985548765
leaf_weight=1315 8243 6317 6541 6338 4853 2582
leaf_count=1315 8243 6317 6541 6338 4853 2582
internal_value=0.000116469 -7.05376e-05 -0.000603222 0.000524446 -0.000945151 -0.00285
internal_weight=36189 34874 26631 17732 11394 8899
internal_count=36189 34874 26631 17732 11394 8899
cat_boundaries=0 1
cat_threshold=2
is_linear=0
shrinkage=0.03


Tree=98
num_leaves=7
num_cat=3
split_feature=12 1 9 1 12 1
split_gain=32.8595 42.9153 28.8687 27.6161 25.1605 23.0211
threshold=0.19864178582776318 0 0.39015595073361103 1 -0.21153684263169967 2
decision_type=10 9 8 9 10 9
left_child=1 2 -1 -2 -3 -6
right_child=3 4 -4 -5 5 -7
leaf_value=0.00030446678673926329 -0.0053325170483583687 0.0010092876109248224 0.0017396901026584233 -0.00065557620251860415 -0.0013595375452218209 -0.00015209076091929425
leaf_weight=8757 462 3762 3998 4231 3358 11730
leaf_count=8757 462 3762 3998 4231 3358 11730
internal_value=8.92587e-05 0.000437101 0.00178012 -0.00225288 -0.000472403 -0.00101995
internal_weight=36298 31605 12755 4693 18850 15088
internal_count=36298 31605 12755 4693 18850 15088
cat_boundaries=0 1 2 3
cat_threshold=304680604 17237008 79826946
is_linear=0
shrinkage=0.03


Tree=99
num_leaves=7
num_cat=2
split_feature=11 2 2 1 11 1
split_gain=36.3862 35.1254 34.9844 46.0576 31.9343 35.0193
threshold=-0.015178990301058624 4.5000000000000009 4.5000000000000009 0 -0.21701590015594882 1
decision_type=10 2 2 9 8 9
left_child=1 -1 -2 -4 5 -3
right_child=2 4 3 -5 -6 -7
leaf_value=-0.00027592772462261395 0.00034794594542709447 -8.0684976858291952e-06 -0.0025118882067553931 -0.00038573225572588053 0.00047028499888028454 0.0044032559581420778
leaf_weight=5695 7102 1018 2443 10433 7317 2254
leaf_count=5695 7102 1018 2443 10433 7317 2254
internal_value=5.46011e-05 0.00110715 -0.000803344 -0.00173565 0.0021289 0.00459212
internal_weight=36262 16284 19978 12876 10589 3272
internal_count=36262 16284 19978 12876 10589 3272
cat_boundaries=0 1 2
cat_threshold=368128514 223388678
is_linear=0
shrinkage=0.03


Tree=100
num_leaves=7
num_cat=1
split_feature=11 14 3 3 1 2
split_gain=35.2692 47.0695 38.1074 72.7637 34.0229 29.2016
threshold=-0.052801332949107486 0.083146090204000309 3.5000000000000004 6.5000000000000009 0 8.5000000000000018
decision_type=8 8 2 2 9 2
left_child=1 -1 -2 5 -5 -4
right_child=2 -3 3 4 -6 -7
leaf_value=0.00023794510799942837 -0.00095941585376587953 0.0035990594612491465 0.0018169139183433502 0.00051678232013031237 -0.00089658033287526469 -3.3984361233563785e-05
leaf_weight=9574 5739 1880 3893 3196 9762 2095
leaf_count=9574 5739 1880 3893 3196 9762 2095
internal_value=7.51245e-05 0.00145089 -0.000563275 8.55017e-05 -0.00117833 0.00282017
internal_weight=36139 11454 24685 18946 12958 5988
internal_count=36139 11454 24685 18946 12958 5988
cat_boundaries=0 1
cat_threshold=406326292
is_linear=0
shrinkage=0.03


Tree=101
num_leaves=7
num_cat=2
split_feature=11 2 11 14 1 1
split_gain=35.1182 37.2899 32.6919 35.0145 33.9391 30.2765
threshold=-0.015178990301058624 4.5000000000000009 -0.33217278236961473 -0.13849821623747985 0 1
decision_type=10 2 8 8 9 9
left_child=1 -1 3 -3 -4 -2
right_child=5 2 4 -5 -6 -7
leaf_value=-0.00030200860374694825 -0.0012164273909172193 -0.00015657738486226215 -0.00083427460708928886 0.005149481951866864 0.0012427878851132223 -9.7477826909412365e-05
leaf_weight=5761 4199 562 1959 1182 6753 15686
leaf_count=5761 4199 562 1959 1182 6753 15686
internal_value=-6.64765e-06 0.00102941 0.00209716 0.00584527 0.00134626 -0.000851604
internal_weight=36102 16217 10456 1744 8712 19885
internal_count=36102 16217 10456 1744 8712 19885
cat_boundaries=0 1 2
cat_threshold=88477958 368160770
is_linear=0
shrinkage=0.03


Tree=102
num_leaves=7
num_cat=1
split_feature=11 1 13 13 13 12
split_gain=31.9856 32.3682 31.8638 44.3776 33.9364 26.707
threshold=0.24263350017644084 0 0.070150462194139548 0.058367103392011815 0.052003591354179611 0.1453969209980466
decision_type=10 9 10 10 10 10
left_child=2 -2 3 4 5 -1
right_child=1 -3 -4 -5 -6 -7
leaf_value=0.00023819002288704655 -0.0031154954773644624 -0.00030793121079029072 0.0013337260662616068 -0.0038823163356268703 0.0038210029798511303 -0.00080291037807576925
leaf_weight=20238 1644 4388 4131 793 463 4533
leaf_count=20238 1644 4388 4131 793 463 4533
internal_value=3.97889e-05 -0.00195425 0.000438675 5.01383e-05 0.000269863 0.000119288
internal_weight=36190 6032 30158 26027 25234 24771
internal_count=36190 6032 30158 26027 25234 24771
cat_boundaries=0 1
cat_threshold=166830976
is_linear=0
shrinkage=0.03


Tree=103
num_leaves=7
num_cat=2
split_feature=3 3 7 1 1 14
split_gain=36.1633 78.0376 36.3269 36.9686 33.0596 25.3251
threshold=2.5000000000000004 6.5000000000000009 -0.31871340393662789 0 1 -0.078181144969142288
decision_type=2 2 10 9 9 8
left_child=-1 4 -3 -4 -2 -6
right_child=1 2 3 -5 5 -7
leaf_value=-0.00075988225910546378 0.0017179771635530412 0.0010959359855488582 0.00012359989847010645 -0.0010916325838874951 -0.0010816433155705072 0.00086488172542531104
leaf_weight=5807 5791 3269 6686 8738 1570 4213
leaf_count=5807 5791 3269 6686 8738 1570 4213
internal_value=6.65281e-06 0.000422724 -0.000775917 -0.00138476 0.00235853 0.000748188
internal_weight=36074 30267 18693 15424 11574 5783
internal_count=36074 30267 18693 15424 11574 5783
cat_boundaries=0 1 2
cat_threshold=436808732 46291672
is_linear=0
shrinkage=0.03


Tree=104
num_leaves=7
num_cat=1
split_feature=4 4 14 14 0 2
split_gain=30.2249 52.2811 89.3677 39.9474 38.8621 37.5687
threshold=2.5000000000000004 7.5000000000000009 0.015541878261281601 -0.054345570193398834 0 4.5000000000000009
decision_type=2 2 8 10 1 2
left_child=3 -2 4 -1 -3 -4
right_child=1 2 5 -5 -6 -7
leaf_value=-0.00018972479863367487 -0.00074318729720659156 0.000294117808202349 0.00023549380060256612 0.0019065781038391967 -0.0015660703469791151 0.003214340556973744
leaf_weight=2729 14926 5629 1787 3017 4488 3499
leaf_count=2729 14926 5629 1787 3017 4488 3499
internal_value=2.53631e-05 -0.000352621 0.000873474 0.00202018 -0.000778316 0.00403442
internal_weight=36075 30329 15403 5746 10117 5286
internal_count=36075 30329 15403 5746 10117 5286
cat_boundaries=0 1
cat_threshold=2
is_linear=0
shrinkage=0.03


Tree=105
num_leaves=7
num_cat=3
split_feature=3 3 1 1 1 11
split_gain=32.1798 97.4438 34.1395 34.0258 31.0399 35.8786
threshold=3.5000000000000004 6.5000000000000009 0 1 2 0.33983130188956739
decision_type=2 2 9 9 9 8
left_child=4 3 -3 -2 -1 -6
right_child=1 2 -4 -5 5 -7
leaf_value=-0.0016500368517513885 0.0021539081777957603 0.00022907757528706509 -0.00092486564354242473 0.00048069011394089343 0.00016916136378815241 -0.0025099451862301558
leaf_weight=2335 5003 9393 9383 3890 5213 985
leaf_count=2335 5003 9393 9383 3890 5213 985
internal_value=-2.23738e-05 0.00047434 -0.000750919 0.00306105 -0.00163288 -0.000516991
internal_weight=36202 27669 18776 8893 8533 6198
internal_count=36202 27669 18776 8893 8533 6198
cat_boundaries=0 1 2 3
cat_threshold=440248348 113303256 84457494
is_linear=0
shrinkage=0.03


Tree=106
num_leaves=7
num_cat=0
split_feature=6 14 14 4 4 14
split_gain=29.777 34.2428 29.5965 41.8423 52.4878 36.5422
threshold=-0.14310084364067285 0.078547279112105614 -0.083389202907485124 6.5000000000000009 3.5000000000000004 0.21091601974081706
decision_type=10 10 8 2 2 10
left_child=1 -1 -2 4 -4 -6
right_child=2 -3 3 -5 5 -7
leaf_value=0.00026049635521173072 -0.0010840113167056797 0.0027214808846801556 0.0004168385890012519 0.00057028232778928332 -0.0021941179205990161 -0.00015829019152503648
leaf_weight=7651 5041 1820 5308 9368 4049 2878
leaf_count=7651 5041 1820 5308 9368 4049 2878
internal_value=-2.07664e-06 0.00144267 -0.000515669 -3.26328e-05 -0.00118789 -0.00290777
internal_weight=36115 9471 26644 21603 12235 6927
internal_count=36115 9471 26644 21603 12235 6927
is_linear=0
shrinkage=0.03


Tree=107
num_leaves=7
num_cat=2
split_feature=12 1 3 1 12 3
split_gain=34.0038 37.5004 33.4722 29.6314 28.6762 27.5547
threshold=0.1453969209980466 0 7.5000000000000009 1 -0.043093335149933402 3.5000000000000004
decision_type=10 9 2 9 8 2
left_child=1 4 5 -2 -1 -3
right_child=3 2 -4 -5 -6 -7
leaf_value=0.0024290352909466782 -0.0036036407756249692 -0.00029354983955441654 -0.00072936420477727265 -0.00042947616735066613 0.00036945618102146441 0.0011668537819124632
leaf_weight=2787 955 4629 8743 6125 6477 6464
leaf_count=2787 955 4629 8743 6125 6477 6464
internal_value=2.57041e-05 0.000479365 -0.000256966 -0.00183872 0.00205391 0.000836939
internal_weight=36180 29100 19836 7080 9264 11093
internal_count=36180 29100 19836 7080 9264 11093
cat_boundaries=0 1 2
cat_threshold=304614552 85394960
is_linear=0
shrinkage=0.03


Tree=108
num_leaves=7
num_cat=3
split_feature=3 3 3 1 1 1
split_gain=30.8884 42.8293 46.5838 33.9186 31.9538 31.0511
threshold=1.5000000000000002 6.5000000000000009 3.5000000000000004 0 1 2
decision_type=2 2 2 9 9 9
left_child=-1 2 5 -4 -3 -2
right_child=1 4 3 -5 -6 -7
leaf_value=-0.001065748744126461 -0.0010421048952781399 0.0009913247477117389 0.002102030663682905 0.00033865073413831483 -0.0005212754847852268 0.00040405961587818782
leaf_weight=3057 2214 3341 4977 3842 15508 3204
leaf_count=3057 2214 3341 4977 3842 15508 3204
internal_value=5.39509e-06 0.00027201 0.00151391 0.00285884 -0.000666048 -0.000675401
internal_weight=36143 33086 14237 8819 18849 5418
internal_count=36143 33086 14237 8819 18849 5418
cat_boundaries=0 1 2 3
cat_threshold=113299164 403245072 223914014
is_linear=0
shrinkage=0.03


Tree=109
num_leaves=7
num_cat=0
split_feature=6 14 4 4 13 11
split_gain=34.8719 29.704 42.0931 45.4817 29.4704 28.6865
threshold=-0.14310084364067285 -0.083389202907485124 7.5000000000000009 2.5000000000000004 0.02824336288449503 0.057003737756482493
decision_type=10 8 2 2 10 8
left_child=4 -2 3 -3 -1 -5
right_child=1 2 -4 5 -6 -7
leaf_value=0.00032702393884850568 -0.0011148394570546635 0.00073650210808173919 0.0006479473212651981 9.2485842839754023e-05 0.0028513937651580721 -0.0014862342491466667
leaf_weight=7413 5058 3154 7912 3391 2102 7160
leaf_count=7413 5058 3154 7912 3391 2102 7160
internal_value=2.81838e-05 -0.000528003 -4.37136e-05 -0.00104954 0.00158733 -0.00199441
internal_weight=36190 26675 21617 13705 9515 10551
internal_count=36190 26675 21617 13705 9515 10551
is_linear=0
shrinkage=0.03


Tree=110
num_leaves=7
num_cat=3
split_feature=11 1 14 0 11 1
split_gain=31.2967 35.3881 32.4425 35.9357 31.5177 36.4199
threshold=0.24263350017644084 0 -0.014029943399684284 1 -0.1802760734144426 2
decision_type=10 9 8 1 8 9
left_child=2 -2 3 -1 -4 -6
right_child=1 -3 4 -5 5 -7
leaf_value=0.00028459594018772711 -0.0032484123812964792 -0.00026146433403612617 0.0027411774630672313 -0.0011309258054938917 0.0013280976764142318 -4.2350380061440814e-05
leaf_weight=7057 1639 4330 1910 7172 3872 10107
leaf_count=7057 1639 4330 1910 7172 3872 10107
internal_value=2.20295e-05 -0.00196231 0.000415352 -0.000625088 0.00134707 0.000853004
internal_weight=36087 5969 30118 14229 15889 13979
internal_count=36087 5969 30118 14229 15889 13979
cat_boundaries=0 1 2 3
cat_threshold=166830976 2 146058384
is_linear=0
shrinkage=0.03


Tree=111
num_leaves=7
num_cat=2
split_feature=11 2 1 9 1 11
split_gain=31.2941 33.702 34.4702 28.6057 34.7806 31.0414
threshold=0.22024184044151876 3.5000000000000004 0 -0.34614912824819427 1 0.13224998228594134
decision_type=10 2 9 10 9 8
left_child=3 -2 -3 4 -1 -6
right_child=1 2 -4 -5 5 -7
leaf_value=0.0017750684259814479 0.00074062316748500941 -0.00046884121878134759 -0.0031250784647317382 -7.6978402083785098e-05 0.00082050412737858761 -0.0012466024377101848
leaf_weight=4823 1897 3015 2055 18866 3641 1982
leaf_count=4823 1897 3015 2055 18866 3641 1982
internal_value=4.83738e-05 -0.00175875 -0.0030349 0.000477945 0.00173734 0.000130458
internal_weight=36279 6967 5070 29312 10446 5623
internal_count=36279 6967 5070 29312 10446 5623
cat_boundaries=0 1 2
cat_threshold=34229338 414002640
is_linear=0
shrinkage=0.03


Tree=112
num_leaves=7
num_cat=2
split_feature=6 13 14 1 12 1
split_gain=28.9642 39.345 30.1484 26.9597 28.9461 18.1057
threshold=0.0090304480057659137 0.02824336288449503 0.086602373224679396 0 -0.38920971102888074 1
decision_type=10 8 10 9 10 9
left_child=1 3 -3 -1 -5 -2
right_child=5 2 -4 4 -6 -7
leaf_value=0.00055998287110835168 -0.00096362271705251851 0.00063872835286468276 0.0029776480974606783 0.0051703845693683408 -0.00047971056536617206 -7.4796310103290831e-05
leaf_weight=6083 5742 3232 2061 250 8681 10223
leaf_count=6083 5742 3232 2061 250 8681 10223
internal_value=2.48118e-06 0.000754136 0.0029779 -2.997e-05 -0.00107862 -0.000953589
internal_weight=36272 20307 5293 15014 8931 15965
internal_count=36272 20307 5293 15014 8931 15965
cat_boundaries=0 1 2
cat_threshold=33577716 97662566
is_linear=0
shrinkage=0.03


Tree=113
num_leaves=7
num_cat=2
split_feature=12 3 3 1 1 9
split_gain=30.3756 30.9446 55.2904 34.845 32.8003 26.1756
threshold=-0.33788507745078838 2.5000000000000004 6.5000000000000009 0 1 0.34483930982252492
decision_type=8 2 2 9 9 8
left_child=-1 -2 4 5 -3 -4
right_child=1 2 3 -5 -6 -7
leaf_value=0.0026793243189301087 -0.00075422697550219539 0.0014696060733592924 -0.00020073769275962854 -0.00094202606881733529 0.00014043412904080481 0.0012497360072878032
leaf_weight=1330 5496 5401 6057 9125 5809 2892
leaf_count=1330 5496 5401 6057 9125 5809 2892
internal_value=-7.47695e-06 -0.000177683 0.000210005 -0.000816598 0.00186513 0.000513951
internal_weight=36110 34780 29284 18074 11210 8949
internal_count=36110 34780 29284 18074 11210 8949
cat_boundaries=0 1 2
cat_threshold=456992796 46160600
is_linear=0
shrinkage=0.03


Tree=114
num_leaves=7
num_cat=2
split_feature=11 2 1 11 14 1
split_gain=32.9803 29.7132 33.0637 27.8746 33.6558 29.5393
threshold=0.24263350017644084 2.5000000000000004 0 -0.42641460105018053 0.012073680183295977 1
decision_type=10 2 9 8 10 9
left_child=3 -2 -3 -1 -5 -6
right_child=1 2 -4 4 5 -7
leaf_value=0.003175415556187259 0.0010299787434770408 -0.0035949122535165337 -0.00085471131270481459 -0.00022542897952504122 0.0012210745686090472 -1.0411920755670975e-05
leaf_weight=1236 1110 1374 3499 17357 5853 5695
leaf_count=1236 1110 1374 3499 17357 5853 5695
internal_value=3.65398e-05 -0.00199783 -0.00300677 0.000440415 0.000251678 0.00150662
internal_weight=36124 5983 4873 30141 28905 11548
internal_count=36124 5983 4873 30141 28905 11548
cat_boundaries=0 1 2
cat_threshold=435266432 179613080
is_linear=0
shrinkage=0.03


Tree=115
num_leaves=7
num_cat=0
split_feature=11 3 3 14 8 11
split_gain=29.4101 30.5261 76.7116 30.0376 28.2987 27.8706
threshold=-0.42641460105018053 3.5000000000000004 6.5000000000000009 -0.078181144969142288 -0.15918042197657642 0.33541475255881853
decision_type=8 2 2 8 8 8
left_child=-1 5 3 4 -3 -2
right_child=1 2 -4 -5 -6 -7
leaf_value=0.0029568826618246611 -0.00030940558468474009 -0.0032547265154563728 -0.00031523041593915183 0.0016929341912909782 0.0009809723031117051 -0.0024436968811626684
leaf_weight=1221 6817 698 18080 6317 1505 1354
leaf_count=1221 6817 698 18080 6317 1505 1354
internal_value=4.16748e-06 -0.000156592 0.000336078 0.00268278 -0.000333485 -0.00176028
internal_weight=35992 34771 26600 8520 2203 8171
internal_count=35992 34771 26600 8520 2203 8171
is_linear=0
shrinkage=0.03


Tree=116
num_leaves=7
num_cat=2
split_feature=11 14 8 7 1 1
split_gain=30.7003 36.7295 28.7478 42.8564 31.8518 25.8061
threshold=-0.052801332949107486 0.078547279112105614 0.17327084180777733 0.21624216008045141 0 1
decision_type=8 8 8 10 9 9
left_child=1 -1 5 4 -4 -2
right_child=2 -3 3 -5 -6 -7
leaf_value=0.00026749259696176667 -0.0024667363593465831 0.003016608422805499 0.0011541396002671361 -0.001287764848633949 -0.00027924009075470571 -0.00042407820824154514
leaf_weight=9618 1019 1934 6556 3902 5206 8025
leaf_count=9618 1019 1934 6556 3902 5206 8025
internal_value=5.29494e-05 0.00132952 -0.000543931 0.000233642 0.00113746 -0.00189055
internal_weight=36260 11552 24708 15664 11762 9044
internal_count=36260 11552 24708 15664 11762 9044
cat_boundaries=0 1 2
cat_threshold=447515544 210112530
is_linear=0
shrinkage=0.03


Tree=117
num_leaves=7
num_cat=0
split_feature=6 4 12 3 3 13
split_gain=27.6079 26.6545 24.6768 23.6603 55.6947 25.303
threshold=-0.14310084364067285 3.5000000000000004 -0.32405961019403134 7.5000000000000009 3.5000000000000004 -0.0030242362176403754
decision_type=10 2 8 2 2 10
left_child=1 -1 -3 4 -2 -6
right_child=3 2 -4 -5 5 -7
leaf_value=0.0022731415946307116 -0.00059878583415776566 0.0035341344506093241 1.3766845705573544e-05 -0.00062210756316069895 -0.00012021109032740462 0.0013965003288779459
leaf_weight=1978 6274 688 6758 11621 3106 5688
leaf_count=1978 6274 688 6758 11621 3106 5688
internal_value=2.69978e-05 0.00142281 0.000600242 -0.000465905 0.000318535 0.00185901
internal_weight=36113 9424 7446 26689 15068 8794
internal_count=36113 9424 7446 26689 15068 8794
is_linear=0
shrinkage=0.03


Tree=118
num_leaves=7
num_cat=0
split_feature=6 13 11 3 3 11
split_gain=29.3862 27.465 27.8898 22.2721 67.2204 22.6941
threshold=-0.14310084364067285 0.050514599326359606 -0.52389194261985883 3.5000000000000004 6.5000000000000009 0.33983130188956739
decision_type=10 10 8 2 2 8
left_child=1 2 -1 5 -5 -2
right_child=3 -3 -4 4 -6 -7
leaf_value=0.0069631351959841738 -0.00039608533608261471 0.0026884207400238911 0.00017585249271801238 0.0011359189946651197 -0.00049756700891207765 -0.0031656652168413745
leaf_weight=387 5278 1389 7650 6527 13829 963
leaf_count=387 5278 1389 7650 6527 13829 963
internal_value=8.74417e-06 0.00144797 0.000774446 -0.000501353 -2.06317e-05 -0.00206905
internal_weight=36023 9426 8037 26597 20356 6241
internal_count=36023 9426 8037 26597 20356 6241
is_linear=0
shrinkage=0.03


Tree=119
num_leaves=7
num_cat=1
split_feature=12 1 3 3 3 3
split_gain=31.1995 31.2064 26.8438 26.3427 26.679 25.5781
threshold=0.1453969209980466 0 6.5000000000000009 3.5000000000000004 10.500000000000002 4.5000000000000009
decision_type=10 9 2 2 2 2
left_child=1 3 5 -1 -5 -3
right_child=-2 2 -4 4 -6 -7
leaf_value=-0.00038294923792799528 -0.00076606759865051062 -9.1970396320433803e-05 -0.00061636493331836671 0.0015032049683839019 -0.00022448202427696902 0.0017414203827095691
leaf_weight=2529 7119 5748 9776 6151 1791 2924
leaf_count=2529 7119 5748 9776 6151 1791 2924
internal_value=-3.49621e-05 0.000403008 -0.000339672 0.00171007 0.00256075 0.00087513
internal_weight=36038 28919 18448 10471 7942 8672
internal_count=36038 28919 18448 10471 7942 8672
cat_boundaries=0 1
cat_threshold=438897816
is_linear=0
shrinkage=0.03


Tree=120
num_leaves=7
num_cat=2
split_feature=11 2 9 1 1 3
split_gain=29.3506 52.2411 29.6343 39.8696 29.8499 26.8187
threshold=-0.32596505613497312 7.5000000000000009 0.34483930982252492 0 1 3.5000000000000004
decision_type=8 2 8 9 9 2
left_child=1 -1 4 5 -2 -4
right_child=2 -3 3 -5 -6 -7
leaf_value=-0.00020424325007400017 -0.0020737375916058103 0.0049164721325180363 -0.00047501913040045679 -0.0003947678002877359 -0.00022112649210878881 0.0016806009808401565
leaf_weight=1609 1691 1139 1416 5764 19353 5145
leaf_count=1609 1691 1139 1416 5764 19353 5145
internal_value=-1.12132e-05 0.00296835 -0.000256668 0.000911488 -0.000940841 0.00250837
internal_weight=36117 2748 33369 12325 21044 6561
internal_count=36117 2748 33369 12325 21044 6561
cat_boundaries=0 1 2
cat_threshold=179087578 8781826
is_linear=0
shrinkage=0.03


Tree=121
num_leaves=7
num_cat=2
split_feature=12 1 3 3 1 12
split_gain=32.5589 26.5577 23.9255 25.326 20.1924 19.8589
threshold=0.19864178582776318 0 1.5000000000000002 10.500000000000002 1 -0.32405961019403134
decision_type=10 9 2 2 9 10
left_child=1 2 -1 -4 -2 -3
right_child=4 5 3 -5 -6 -7
leaf_value=-0.00095360569669800175 -0.0047211244058604019 0.002155605310183569 0.00092278399304236713 -0.00043160650159328764 -0.00080838297582677503 -0.00032814792378448634
leaf_weight=1405 335 783 12315 2865 4350 14130
leaf_count=1405 335 783 12315 2865 4350 14130
internal_value=-4.14548e-07 0.000346678 0.00117227 0.00151966 -0.00233355 -0.000571898
internal_weight=36183 31498 16585 15180 4685 14913
internal_count=36183 31498 16585 15180 4685 14913
cat_boundaries=0 1 2
cat_threshold=304697048 16909328
is_linear=0
shrinkage=0.03


Tree=122
num_leaves=7
num_cat=1
split_feature=7 14 4 4 14 0
split_gain=26.6069 31.5666 31.2118 45.8223 52.3036 64.7814
threshold=-0.39138155138385938 0.086602373224679396 2.5000000000000004 6.5000000000000009 -0.040896917622203481 0
decision_type=10 10 2 2 8 1
left_child=1 -1 -2 -4 5 -5
right_child=2 -3 3 4 -6 -7
leaf_value=0.00031914348636787005 0.0006323590993285174 0.002815947794973401 -0.001014505545382717 0.00027017493636200359 0.00077524189924600489 -0.002845651745975189
leaf_weight=3907 5233 1483 10000 3925 8418 3185
leaf_count=3907 5233 1483 10000 3925 8418 3185
internal_value=-1.86712e-05 0.00192543 -0.000359372 -0.00079204 0.000227961 -0.00166643
internal_weight=36151 5390 30761 25528 15528 7110
internal_count=36151 5390 30761 25528 15528 7110
cat_boundaries=0 1
cat_threshold=2
is_linear=0
shrinkage=0.03


Tree=123
num_leaves=7
num_cat=0
split_feature=11 14 12 4 4 14
split_gain=27.731 32.8648 32.6074 31.3448 59.7407 49.0761
threshold=-0.044144788188029242 0.078547279112105614 0.25134467548093703 3.5000000000000004 7.5000000000000009 0.015541878261281601
decision_type=8 8 8 2 2 8
left_child=1 -1 3 -2 -5 -6
right_child=2 -3 -4 4 5 -7
leaf_value=0.00022403340463114234 0.00072207045045863969 0.0027967311208546997 -0.0016314338005315281 -0.0011060510823362223 -0.00028033295062333157 0.0017818445128794976
leaf_weight=9903 4737 2005 3043 8474 4795 3269
leaf_count=9903 4737 2005 3043 8474 4795 3269
internal_value=3.06401e-05 0.00121673 -0.000550187 -0.000134659 -0.000750952 0.00109733
internal_weight=36226 11908 24318 21275 16538 8064
internal_count=36226 11908 24318 21275 16538 8064
is_linear=0
shrinkage=0.03


Tree=124
num_leaves=7
num_cat=0
split_feature=11 4 14 4 13 13
split_gain=27.5596 32.0049 24.2645 64.9294 53.3286 47.1801
threshold=0.33983130188956739 2.5000000000000004 -0.014029943399684284 6.5000000000000009 0.07061280210245803 0.0559055589375912
decision_type=10 2 8 2 10 10
left_child=2 -2 -1 4 5 -4
right_child=1 -3 3 -5 -6 -7
leaf_value=-0.00026626999966881325 0.002984023673515291 -0.0019503585149583966 -0.00038258988880093673 0.0014393171602539632 0.001315687649757515 -0.0045659772634858492
leaf_weight=15020 163 2927 7499 6918 2861 755
leaf_count=15020 163 2927 7499 6918 2861 755
internal_value=-3.77656e-05 -0.00274668 0.000215556 0.000957358 -0.000462846 -0.00168625
internal_weight=36143 3090 33053 18033 11115 8254
internal_count=36143 3090 33053 18033 11115 8254
is_linear=0
shrinkage=0.03


Tree=125
num_leaves=7
num_cat=2
split_feature=9 1 1 12 6 11
split_gain=26.7457 34.1777 32.3714 27.7561 27.1682 25.155
threshold=-0.34614912824819427 0 1 -0.14815603347080006 0.33129954448260929 0.23618122831504221
decision_type=10 9 9 8 10 8
left_child=2 -2 -1 -4 -3 -5
right_child=1 4 3 5 -6 -7
leaf_value=0.0012190661783425115 -0.0010128479118693369 9.624362369686265e-05 0.0018478389798156636 9.0008047288747119e-05 -0.0025764749354943556 -0.0020300910094371359
leaf_weight=6225 4918 17723 1489 3127 871 1831
leaf_count=6225 4918 17723 1489 3127 871 1831
internal_value=1.65815e-06 -0.000597116 0.0011126 -0.0003786 -8.06235e-06 -0.00145796
internal_weight=36184 23512 12672 6447 18594 4958
internal_count=36184 23512 12672 6447 18594 4958
cat_boundaries=0 1 2
cat_threshold=484909058 405629394
is_linear=0
shrinkage=0.03


Tree=126
num_leaves=7
num_cat=2
split_feature=11 1 2 1 9 2
split_gain=25.1948 28.5569 24.1126 21.8626 22.4837 22.6375
threshold=0.25292598860556753 0 7.5000000000000009 1 0.31845373111853542 1.5000000000000002
decision_type=10 9 2 9 8 2
left_child=3 -2 -3 -1 -5 -6
right_child=1 2 -4 4 5 -7
leaf_value=-0.0006465873359937142 -0.0038200928391499017 0.00033991241613219006 -0.0023501833587045227 -5.0713980188882289e-06 -0.0008463757896911507 0.0010950503958643547
leaf_weight=4448 840 2908 1823 17515 624 8054
leaf_count=4448 840 2908 1823 17515 624 8054
internal_value=-6.37892e-05 -0.00191942 -0.00100274 0.000273644 0.000603915 0.00185275
internal_weight=36212 5571 4731 30641 26193 8678
internal_count=36212 5571 4731 30641 26193 8678
cat_boundaries=0 1 2
cat_threshold=157393536 88477698
is_linear=0
shrinkage=0.03


Tree=127
num_leaves=7
num_cat=1
split_feature=11 2 14 1 8 6
split_gain=24.4066 32.4144 48.9765 35.7194 23.9889 33.1126
threshold=-0.047984122943401701 2.5000000000000004 -0.078181144969142288 0 0.17327084180777733 0.058149943236541553
decision_type=8 2 8 9 8 10
left_child=1 -1 3 -3 -2 -6
right_child=4 2 -4 -5 5 -7
leaf_value=-0.00068081019224052928 -0.00060485055259609192 -0.0018001471009414717 0.0018405544992933249 0.0009132714055711536 0.00065957592495141301 -0.00067411871678736592
leaf_weight=2117 8915 1499 5386 2750 8306 7208
leaf_count=2117 8915 1499 5386 2750 8306 7208
internal_value=-7.87684e-06 0.00111546 0.00185399 -0.000554118 -0.000548301 0.000164357
internal_weight=36181 11752 9635 4249 24429 15514
internal_count=36181 11752 9635 4249 24429 15514
cat_boundaries=0 1
cat_threshold=502541318
is_linear=0
shrinkage=0.03


Tree=128
num_leaves=7
num_cat=1
split_feature=11 14 12 2 1 9
split_gain=24.5967 33.8521 25.8675 25.7689 25.441 24.5474
threshold=-0.037965440043315361 0.078547279112105614 0.25134467548093703 2.5000000000000004 0 0.032815464506116949
decision_type=8 8 8 2 9 8
left_child=1 -1 4 -3 5 -2
right_child=2 3 -4 -5 -6 -7
leaf_value=0.00018871986462512384 -0.00040464126822523154 -0.0013119830092775888 -0.0014600471485670505 0.003957764302356343 -0.00034432666269922752 0.001103168704847385
leaf_weight=10199 2235 352 3010 1719 14314 4267
leaf_count=10199 2235 352 3010 1719 14314 4267
internal_value=8.22783e-05 0.0011735 -0.000479708 0.0046694 -0.000103761 0.00145094
internal_weight=36096 12270 23826 2071 20816 6502
internal_count=36096 12270 23826 2071 20816 6502
cat_boundaries=0 1
cat_threshold=168823960
is_linear=0
shrinkage=0.03


Tree=129
num_leaves=7
num_cat=2
split_feature=11 3 3 1 14 1
split_gain=26.2847 22.8332 66.3719 35.9166 30.9037 39.4576
threshold=-0.52389194261985883 3.5000000000000004 6.5000000000000009 0 -0.078181144969142288 1
decision_type=8 2 2 9 8 9
left_child=-1 3 4 -2 5 -3
right_child=1 2 -4 -5 -6 -7
leaf_value=0.0054794101283397508 -0.0016636192084223114 0.0017519194489644663 -0.00031991877483066337 -5.7085742751186165e-05 0.0016034087541839167 -0.0017932855670529202
leaf_weight=566 2585 1097 18451 5809 6428 1187
leaf_count=566 2585 1097 18451 5809 6428 1187
internal_value=-6.22855e-06 -0.000108414 0.000314203 -0.00147588 0.00247217 -0.000525164
internal_weight=36123 35557 27163 8394 8712 2284
internal_count=36123 35557 27163 8394 8712 2284
cat_boundaries=0 1 2
cat_threshold=88717334 33575672
is_linear=0
shrinkage=0.03


Tree=130
num_leaves=7
num_cat=1
split_feature=11 14 14 0 4 14
split_gain=24.0986 28.9693 33.6892 36.5929 28.625 42.9013
threshold=-0.019567507054478291 -0.32894240251914902 -0.192337871593486 0 2.5000000000000004 -0.054345570193398834
decision_type=8 10 10 1 2 10
left_child=1 -1 3 -3 5 -2
right_child=4 2 -4 -5 -6 -7
leaf_value=0.0033318147912308016 -0.00099117653970003431 0.0011780111957320129 0.00046109170155268276 -0.0042581249453228073 -0.00042724346770374417 0.0017466197400093414
leaf_weight=1155 1085 531 10698 1076 19667 2032
leaf_count=1155 1085 531 10698 1076 19667 2032
internal_value=4.55235e-05 0.00105193 0.000625305 -0.00342351 -0.000549045 0.00212155
internal_weight=36244 13460 12305 1607 22784 3117
internal_count=36244 13460 12305 1607 22784 3117
cat_boundaries=0 1
cat_threshold=2
is_linear=0
shrinkage=0.03


Tree=131
num_leaves=7
num_cat=3
split_feature=11 1 12 1 1 11
split_gain=24.0263 24.3125 18.8058 30.654 28.4772 19.951
threshold=-0.44962178108781353 0 0.1453969209980466 1 2 -0.18559176280361497
decision_type=8 9 8 9 9 8
left_child=1 -1 3 -2 -4 -6
right_child=2 -3 4 -5 5 -7
leaf_value=0.00020954758562603064 0.00056793794268759413 0.0066592739603338856 -0.0031946201584811388 -0.00024268059740174984 0.0017877562251242666 -0.00050838021868611848
leaf_weight=546 10528 429 860 16637 695 6478
leaf_count=546 10528 429 860 16637 695 6478
internal_value=-1.70012e-05 0.00462602 -0.000145743 0.000231355 -0.00142084 -0.000795518
internal_weight=36173 975 35198 27165 8033 7173
internal_count=36173 975 35198 27165 8033 7173
cat_boundaries=0 1 2 3
cat_threshold=84984502 321457820 84346384
is_linear=0
shrinkage=0.03


Tree=132
num_leaves=7
num_cat=2
split_feature=12 3 3 1 3 1
split_gain=25.6047 22.9231 40.862 29.9591 26.1547 24.2413
threshold=-0.33788507745078838 2.5000000000000004 6.5000000000000009 0 4.5000000000000009 1
decision_type=8 2 2 9 2 9
left_child=-1 -2 4 -4 -3 -6
right_child=1 2 3 -5 5 -7
leaf_value=0.0023994152397214174 -0.00073019448437798757 6.0531073136641661e-05 0.00018968638543362688 -0.00085677914619629683 0.002208136013445273 0.00038862777008523126
leaf_weight=1318 5587 5556 9144 8911 3123 2450
leaf_count=1318 5587 5556 9144 8911 3123 2450
internal_value=-8.72818e-06 -0.000164356 0.000172691 -0.000708629 0.00160243 0.00305436
internal_weight=36089 34771 29184 18055 11129 5573
internal_count=36089 34771 29184 18055 11129 5573
cat_boundaries=0 1 2
cat_threshold=457025560 130078940
is_linear=0
shrinkage=0.03


Tree=133
num_leaves=7
num_cat=2
split_feature=9 1 1 11 4 14
split_gain=26.1918 29.8472 26.0216 22.5133 20.8946 34.6477
threshold=-0.40546510810816411 0 1 -0.26659818195393731 6.5000000000000009 -0.014029943399684284
decision_type=10 9 9 8 2 8
left_child=1 3 -2 -1 -4 -6
right_child=2 -3 4 -5 5 -7
leaf_value=0.0036454561955376265 -0.0013942706254100328 -0.000168094186964102 -0.00046158736246428521 0.00093069265904708362 -0.00024775224396348668 0.0012385421974075834
leaf_weight=597 3192 5854 10014 5631 6846 4065
leaf_count=597 3192 5854 10014 5631 6846 4065
internal_value=-2.03039e-05 0.00111976 -0.000591467 0.00256291 -0.000205627 0.000702438
internal_weight=36199 12082 24117 6228 20925 10911
internal_count=36199 12082 24117 6228 20925 10911
cat_boundaries=0 1 2
cat_threshold=145566170 145162242
is_linear=0
shrinkage=0.03


Tree=134
num_leaves=7
num_cat=1
split_feature=11 2 13 14 14 0
split_gain=24.5013 47.6283 26.7956 30.9761 30.265 35.7886
threshold=-0.33217278236961473 8.5000000000000018 0.02824336288449503 0.1274798667383473 0.078547279112105614 0
decision_type=8 2 10 10 10 1
left_child=1 -1 3 4 5 -2
right_child=2 -3 -4 -5 -6 -7
leaf_value=-2.9276108176266857e-06 0.0001461333592590483 0.0051877966893370082 0.00041361826466679801 -0.0022141058605058589 0.0017632635122631934 -0.0011215123059199999
leaf_weight=1754 10233 877 11912 2126 1226 8070
leaf_count=1754 10233 877 11912 2126 1226 8070
internal_value=6.79577e-05 0.00285524 -0.00015059 -0.00077923 -0.000404762 -0.0007105
internal_weight=36198 2631 33567 21655 19529 18303
internal_count=36198 2631 33567 21655 19529 18303
cat_boundaries=0 1
cat_threshold=2
is_linear=0
shrinkage=0.03


Tree=135
num_leaves=7
num_cat=2
split_feature=9 1 1 4 6 8
split_gain=22.0906 31.297 30.2419 20.5017 20.298 18.4809
threshold=-0.34614912824819427 0 1 3.5000000000000004 0.33129954448260929 0.44234305337214247
decision_type=10 9 9 2 10 10
left_child=1 3 -2 -1 5 -4
right_child=2 -3 4 -5 -6 -7
leaf_value=0.0026420115477749227 -0.0010198092398247698 -0.00016445974218963683 -1.0370369949794408e-06 0.00080053393447685687 -0.0022634350725156548 0.0015613018052628373
leaf_weight=1564 4566 6183 16078 4907 843 1997
leaf_count=1564 4566 6183 16078 4907 843 1997
internal_value=0.000136971 0.00114737 -0.000407494 0.00260336 0.000122035 0.000334421
internal_weight=36138 12654 23484 6471 18918 18075
internal_count=36138 12654 23484 6471 18918 18075
cat_boundaries=0 1 2
cat_threshold=413936090 417800194
is_linear=0
shrinkage=0.03


Tree=136
num_leaves=7
num_cat=0
split_feature=14 14 13 13 6 13
split_gain=26.0507 37.417 30.1128 48.8318 29.1227 23.3755
threshold=-0.32894240251914902 -0.32711361922184429 -0.1068798998878198 -0.12125964492891932 0.0090304480057659137 0.02824336288449503
decision_type=8 8 8 10 10 10
left_child=-1 -2 3 -3 5 -4
right_child=1 2 4 -5 -6 -7
leaf_value=0.0032475951220490452 -0.0062643747335973561 -0.00013806330289434069 0.00020109742560154531 -0.0050334847544062974 -0.00029260542549460925 0.0015378185767442915
leaf_weight=455 265 1656 13247 768 15399 4360
leaf_count=455 265 1656 13247 768 15399 4360
internal_value=7.8836e-05 -1.21862e-05 7.19709e-05 -0.00315464 0.000309025 0.00114238
internal_weight=36150 35695 35430 2424 33006 17607
internal_count=36150 35695 35430 2424 33006 17607
is_linear=0
shrinkage=0.03


Tree=137
num_leaves=7
num_cat=3
split_feature=9 1 1 12 14 1
split_gain=22.279 29.6488 29.2812 21.6492 19.6708 18.4627
threshold=-0.34614912824819427 0 1 -0.21153684263169967 -0.19732659649085912 2
decision_type=10 9 9 8 8 9
left_child=1 -1 4 -3 -2 -5
right_child=2 3 -4 5 -6 -7
leaf_value=0.0012572878831609516 -0.0025873715205929097 0.0018840711011772614 8.5252120337568838e-05 8.2299746412006902e-05 -0.00060699914137238092 -0.0016710805916563475
leaf_weight=6171 836 898 15666 3555 7056 1915
leaf_count=6171 836 898 15666 3555 7056 1915
internal_value=3.94759e-05 0.001061 -0.000504266 -0.000376235 -0.00199291 -0.00108572
internal_weight=36097 12539 23558 6368 7892 5470
internal_count=36097 12539 23558 6368 7892 5470
cat_boundaries=0 1 2 3
cat_threshold=414009810 417834306 33596460
is_linear=0
shrinkage=0.03


Tree=138
num_leaves=7
num_cat=1
split_feature=11 13 0 10 13 14
split_gain=23.0008 23.8483 23.7524 58.0046 56.2448 34.0809
threshold=0.35226370503586996 0.02824336288449503 0 0.42380251643348205 0.0073872546747295771 -0.32894240251914902
decision_type=10 10 1 8 8 10
left_child=1 2 4 -4 -1 -5
right_child=-2 -3 3 5 -6 -7
leaf_value=0.00071919187215997954 -0.0014548910340649568 0.00061695800069484774 0.00063359326448465076 0.0024399892472409669 -0.0006882672102095749 -0.0020333455620938148
leaf_weight=7732 2862 10641 4763 665 3898 5615
leaf_count=7732 2862 10641 4763 665 3898 5615
internal_value=6.55112e-05 0.000287258 -0.000262636 -0.00125905 0.000683518 -0.00315236
internal_weight=36176 33314 22673 11043 11630 6280
internal_count=36176 33314 22673 11043 11630 6280
cat_boundaries=0 1
cat_threshold=2
is_linear=0
shrinkage=0.03


Tree=139
num_leaves=7
num_cat=1
split_feature=11 3 3 3 11 0
split_gain=23.7513 23.0753 36.5169 33.1334 21.4763 21.7567
threshold=-0.4662331769681422 10.500000000000002 3.5000000000000004 6.5000000000000009 0.33983130188956739 0
decision_type=8 2 2 2 8 1
left_child=-1 2 4 -4 5 -2
right_child=1 -3 3 -5 -6 -7
leaf_value=0.0034027754119823617 0.00019764686268560053 -0.00072134815837751663 0.0011301389060249087 -2.5807242141307577e-05 -0.0023502111844211637 -0.0010938049170894689
leaf_weight=823 3769 6155 8638 12128 1318 3215
leaf_count=823 3769 6155 8638 12128 1318 3215
internal_value=4.41091e-05 -7.36714e-05 0.000279679 0.000951991 -0.0014019 -0.000738726
internal_weight=36046 35223 29068 20766 8302 6984
internal_count=36046 35223 29068 20766 8302 6984
cat_boundaries=0 1
cat_threshold=2
is_linear=0
shrinkage=0.03


Tree=140
num_leaves=7
num_cat=2
split_feature=11 2 13 1 0 13
split_gain=23.3551 26.4303 22.2735 27.6156 24.4622 30.8677
threshold=0.1582627478066492 4.5000000000000009 -0.053913613882444138 0 1 0.006613111222076625
decision_type=10 2 10 9 1 10
left_child=-1 -2 -3 -4 5 -5
right_child=1 2 3 4 -6 -7
leaf_value=0.00019871360715496622 0.00035920497016853417 -0.002768171837363336 -0.0025281251536700745 0.0034094153948007878 -0.0018294580225990929 0.00012512856775979234
leaf_weight=26540 3462 1092 1612 418 1751 1278
leaf_count=26540 3462 1092 1612 418 1751 1278
internal_value=4.52232e-05 -0.00122166 -0.00240166 -0.00156225 -3.90399e-05 0.00252799
internal_weight=36153 9613 6151 5059 3447 1696
internal_count=36153 9613 6151 5059 3447 1696
cat_boundaries=0 1 2
cat_threshold=366129828 2
is_linear=0
shrinkage=0.03


Tree=141
num_leaves=7
num_cat=1
split_feature=4 4 14 0 13 13
split_gain=24.4424 41.8285 63.5528 36.1438 38.3365 35.7326
threshold=2.5000000000000004 7.5000000000000009 0.015541878261281601 0 0.0095019841283547676 0.0081185777378686326
decision_type=2 2 8 1 8 10
left_child=-1 -2 3 4 -3 -5
right_child=1 2 -4 5 -6 -7
leaf_value=0.00068894524608643383 -0.00061443711646915042 0.00088350274392425064 0.0016470080516489589 -0.0022343020425253444 -0.00070399981793197786 0.00077937180441623019
leaf_weight=5763 15089 3755 5236 3348 1882 1148
leaf_count=5763 15089 3755 5236 3348 1882 1148
internal_value=4.84512e-05 -0.000290555 0.000810995 -0.000575784 0.0010243 -0.00258172
internal_weight=36221 30458 15369 10133 5637 4496
internal_count=36221 30458 15369 10133 5637 4496
cat_boundaries=0 1
cat_threshold=2
is_linear=0
shrinkage=0.03


Tree=142
num_leaves=7
num_cat=1
split_feature=12 1 11 3 3 3
split_gain=24.3551 30.3193 27.4949 25.8058 22.2297 20.0165
threshold=0.13605256361529608 0 -0.1763191841191509 3.5000000000000004 6.5000000000000009 10.500000000000002
decision_type=8 9 8 2 2 2
left_child=1 3 -2 -1 -3 -5
right_child=2 4 -4 5 -6 -7
leaf_value=-0.00029275696820809576 0.0019424425162401174 0.00034509173396681761 -0.00085294895252900356 0.0012944281553068278 -0.00056331725784954708 -8.5430811133350429e-05
leaf_weight=2485 862 8279 7567 6012 9226 1737
leaf_count=2485 862 8279 7567 6012 9226 1737
internal_value=5.80608e-05 0.000487203 -0.00135409 0.00178331 -0.000271466 0.00263806
internal_weight=36168 27739 8429 10234 17505 7749
internal_count=36168 27739 8429 10234 17505 7749
cat_boundaries=0 1
cat_threshold=321457816
is_linear=0
shrinkage=0.03


Tree=143
num_leaves=7
num_cat=0
split_feature=4 4 14 14 14 14
split_gain=22.8089 50.7645 54.8836 47.9596 52.3613 41.6601
threshold=3.5000000000000004 6.5000000000000009 -1.0000000180025095e-35 0.21091601974081706 -0.13542756738202963 0.06718098489430524
decision_type=2 2 8 10 8 10
left_child=5 3 -3 4 -2 -1
right_child=1 2 -4 -5 -6 -7
leaf_value=-8.2867886799349859e-05 0.0075966770524262027 -0.00027695053782496348 0.0013217889846960816 0.000238880898599097 -0.0019949634271373973 0.0019368933940381232
leaf_weight=5335 156 11780 6694 3434 5538 3246
leaf_count=5335 156 11780 6694 3434 5538 3246
internal_value=3.52366e-05 -0.000384741 0.000519621 -0.00221492 -0.00390342 0.00138604
internal_weight=36183 27602 18474 9128 5694 8581
internal_count=36183 27602 18474 9128 5694 8581
is_linear=0
shrinkage=0.03


Tree=144
num_leaves=7
num_cat=0
split_feature=11 8 14 14 13 4
split_gain=20.9618 24.3537 19.5292 35.6336 26.4327 21.051
threshold=0.1582627478066492 0.38173923945759031 -0.32894240251914902 -0.32711361922184429 -0.089244468661052193 6.5000000000000009
decision_type=10 8 8 8 8 2
left_child=2 -2 -1 -4 -5 -6
right_child=1 -3 3 4 5 -7
leaf_value=0.003361823054434227 -0.0013384738363715002 6.9517361892778296e-05 -0.0060529283190815233 -0.0010688214179159037 -3.6440862751799462e-05 0.00064867780535294293
leaf_weight=444 3902 5767 240 2830 11265 11794
leaf_count=444 3902 5767 240 2830 11265 11794
internal_value=7.44971e-05 -0.00112151 0.000509709 0.000403559 0.000510429 0.000846271
internal_weight=36242 9669 26573 26129 25889 23059
internal_count=36242 9669 26573 26129 25889 23059
is_linear=0
shrinkage=0.03


Tree=145
num_leaves=7
num_cat=0
split_feature=11 2 13 4 8 10
split_gain=23.6794 45.3091 21.7268 27.5706 28.9837 27.6006
threshold=-0.33217278236961473 6.5000000000000009 0.02824336288449503 7.5000000000000009 -0.028975874929672237 0.29630297566903391
decision_type=8 2 10 2 8 8
left_child=1 -1 3 -2 5 -5
right_child=2 -3 -4 4 -6 -7
leaf_value=-0.00045148329331102925 -0.00072999929271287439 0.0039396458420630455 0.00037083874949648128 0.00018573415118403299 0.00060864325677363747 -0.0023314431116182015
leaf_weight=1306 10626 1330 11862 2038 7235 1710
leaf_count=1306 10626 1330 11862 2038 7235 1710
internal_value=8.43303e-05 0.00282139 -0.000131304 -0.000697594 0.000356428 -0.00178448
internal_weight=36107 2636 33471 21609 10983 3748
internal_count=36107 2636 33471 21609 10983 3748
is_linear=0
shrinkage=0.03


Tree=146
num_leaves=7
num_cat=1
split_feature=11 2 13 3 3 1
split_gain=21.789 44.2197 22.07 21.7735 36.5463 28.0743
threshold=-0.32596505613497312 8.5000000000000018 0.025288494508882858 10.500000000000002 3.5000000000000004 0
decision_type=8 2 8 2 2 9
left_child=1 2 -1 4 -2 -6
right_child=3 -3 -4 -5 5 -7
leaf_value=-0.00055871238754887217 -0.00053315972915160374 0.0048443612238167257 0.0061041933647335272 -0.00071212316934283852 0.00071260298060838302 -0.00026929841360733426
leaf_weight=1516 7856 941 292 5875 12057 7579
leaf_count=1516 7856 941 292 5875 12057 7579
internal_value=1.32901e-05 0.00258 -0.000165837 -0.000198244 0.00015604 0.000847889
internal_weight=36116 2749 1808 33367 27492 19636
internal_count=36116 2749 1808 33367 27492 19636
cat_boundaries=0 1
cat_threshold=185126620
is_linear=0
shrinkage=0.03


Tree=147
num_leaves=7
num_cat=0
split_feature=11 4 4 14 14 14
split_gain=21.8456 20.6346 50.8836 49.0636 44.0128 43.2407
threshold=-0.52389194261985883 3.5000000000000004 6.5000000000000009 0.21091601974081706 -0.014029943399684284 0.06718098489430524
decision_type=8 2 2 10 8 10
left_child=-1 5 3 -3 -4 -2
right_child=1 2 4 -5 -6 -7
leaf_value=0.0047655675403127451 -0.00018814802987554501 -0.0019115230859632361 -0.00032063742018533778 0.00019846710388700823 0.000939546610120885 0.0018862108337523711
leaf_weight=580 5095 5506 10479 3441 7784 3258
leaf_count=580 5095 5506 10479 3441 7784 3258
internal_value=1.28652e-05 -8.14025e-05 -0.00048179 -0.00233516 0.000426248 0.00122277
internal_weight=36143 35563 27210 8947 18263 8353
internal_count=36143 35563 27210 8947 18263 8353
is_linear=0
shrinkage=0.03


Tree=148
num_leaves=7
num_cat=2
split_feature=6 13 11 9 1 0
split_gain=23.2762 28.6095 24.6335 21.2979 27.7708 20.2327
threshold=0.0038464341039139431 0.02824336288449503 0.23270259402703844 -0.1456746390142469 0 1
decision_type=10 10 8 10 9 1
left_child=1 5 3 4 -2 -1
right_child=2 -3 -4 -5 -6 -7
leaf_value=0.00037358574602137332 -0.0004681537616140925 0.0014179680996873085 -0.001369668509161889 -0.00048101720205488252 0.0012640527570739392 -0.00042521189251170814
leaf_weight=7809 2026 4256 5335 5949 2845 7832
leaf_count=7809 2026 4256 5335 5949 2845 7832
internal_value=1.49779e-05 0.000701829 -0.000830961 -8.31716e-06 0.00146244 0.000108362
internal_weight=36052 19897 16155 10820 4871 15641
internal_count=36052 19897 16155 10820 4871 15641
cat_boundaries=0 1 2
cat_threshold=97566258 2
is_linear=0
shrinkage=0.03


Tree=149
num_leaves=7
num_cat=0
split_feature=7 14 4 4 13 14
split_gain=22.1426 25.3974 22.954 25.8729 39.6078 29.249
threshold=-0.31871340393662789 0.078547279112105614 2.5000000000000004 6.5000000000000009 -0.1068798998878198 -0.17016452810223601
decision_type=10 10 2 2 8 8
left_child=1 -1 -2 -4 -5 -6
right_child=2 -3 3 4 5 -7
leaf_value=0.00032178723167238036 0.00057579250721823182 0.0026334834544675693 -0.00080447810444012502 -0.0026612170254876845 -0.001318542521186992 0.00039957815758150854
leaf_weight=4699 5093 1552 9918 1133 1623 12071
leaf_count=4699 5093 1552 9918 1133 1623 12071
internal_value=3.44971e-05 0.00165787 -0.00030564 -0.000683141 0.000110264 0.000556407
internal_weight=36089 6251 29838 24745 14827 13694
internal_count=36089 6251 29838 24745 14827 13694
is_linear=0
shrinkage=0.03


Tree=150
num_leaves=7
num_cat=2
split_feature=11 1 2 11 12 1
split_gain=19.9834 29.1582 27.5859 25.8652 24.7743 23.8273
threshold=-0.052801332949107486 0 7.5000000000000009 -0.21701590015594882 0.25134467548093703 1
decision_type=8 9 2 10 8 9
left_child=1 -1 -3 -4 5 -2
right_child=4 2 3 -5 -6 -7
leaf_value=-0.00049038123513098491 -0.00098845403974222724 0.0002179778960265796 0.0046973791439931245 0.00098071323885974885 -0.0014960881889867544 0.00015457956705195071
leaf_weight=2859 3469 5200 1421 2044 3061 18114
leaf_count=2859 3469 5200 1421 2044 3061 18114
internal_value=8.2944e-05 0.0011141 0.0019796 0.00405511 -0.00039927 -4.10026e-05
internal_weight=36168 11524 8665 3465 24644 21583
internal_count=36168 11524 8665 3465 24644 21583
cat_boundaries=0 1 2
cat_threshold=166986774 71438370
is_linear=0
shrinkage=0.03


Tree=151
num_leaves=7
num_cat=0
split_feature=6 11 8 11 11 4
split_gain=21.8148 20.2623 23.55 27.5167 19.069 27.7361
threshold=-0.14310084364067285 -0.52389194261985883 -0.076674715367235344 -0.071940544983147156 0.24641175140547536 2.5000000000000004
decision_type=10 8 8 10 8 2
left_child=1 -1 3 -3 -2 -6
right_child=4 2 -4 -5 5 -7
leaf_value=0.0059476158269608148 2.7521750343523408e-05 4.187339981432236e-05 0.00091045859729865179 -0.0042653258364306699 0.0022109603502128926 -0.0012375698157036377
leaf_weight=418 20320 2692 5915 471 500 5962
leaf_count=418 20320 2692 5915 471 500 5962
internal_value=4.71347e-05 0.00128251 0.00098469 -0.00110461 -0.00039092 -0.0018103
internal_weight=36278 9496 9078 3163 26782 6462
internal_count=36278 9496 9078 3163 26782 6462
is_linear=0
shrinkage=0.03


Tree=152
num_leaves=7
num_cat=1
split_feature=6 1 3 13 12 3
split_gain=20.4161 19.8222 28.03 19.763 19.8766 18.0005
threshold=-0.14310084364067285 0 7.5000000000000009 0.052878729799727221 -0.38920971102888074 3.5000000000000004
decision_type=10 9 2 10 8 2
left_child=3 2 -2 4 -1 -3
right_child=1 5 -4 -5 -6 -7
leaf_value=0.0041467002814994398 -5.5044108884824412e-05 -0.00054434290684844536 -0.0018628680378442719 0.0021913453072388285 0.00011799347335673531 0.00017820917609980168
leaf_weight=447 2403 5240 1907 1397 7661 17066
leaf_count=447 2403 5240 1907 1397 7661 17066
internal_value=2.94834e-05 -0.000396739 -0.00225642 0.00122291 0.000654828 -3.62952e-05
internal_weight=36121 26616 4310 9505 8108 22306
internal_count=36121 26616 4310 9505 8108 22306
cat_boundaries=0 1
cat_threshold=29757954
is_linear=0
shrinkage=0.03


Tree=153
num_leaves=7
num_cat=3
split_feature=12 1 1 3 3 1
split_gain=19.4545 37.6232 27.9994 36.6404 19.7586 25.0824
threshold=-0.1288854007663511 0 1 8.5000000000000018 3.5000000000000004 2
decision_type=8 9 9 2 2 9
left_child=1 -1 3 -2 5 -4
right_child=2 -3 4 -5 -6 -7
leaf_value=-2.0223530834151957e-05 -0.00017065756622018381 0.0023573469578362896 -0.0015981870132725441 -0.0027846480155817588 0.00019208059738085398 -8.0087565154571044e-05
leaf_weight=5583 1920 2729 1623 1121 19013 4302
leaf_count=5583 1920 2729 1623 1121 19013 4302
internal_value=6.81968e-05 0.00134248 -0.0003104 -0.00302261 2.16442e-05 -0.00149089
internal_weight=36291 8312 27979 3041 24938 5925
internal_count=36291 8312 27979 3041 24938 5925
cat_boundaries=0 1 2 3
cat_threshold=214036806 12719618 84453396
is_linear=0
shrinkage=0.03


Tree=154
num_leaves=7
num_cat=2
split_feature=9 1 1 11 11 13
split_gain=20.9509 28.9594 25.37 22.8609 18.129 19.4572
threshold=-0.34614912824819427 0 1 0.22936062476181987 -0.26659818195393731 0.027949920476027817
decision_type=10 9 9 8 8 10
left_child=2 -2 4 -4 -1 -6
right_child=1 -3 3 -5 5 -7
leaf_value=0.0030858075174428775 -0.0010977622498749733 -1.2836836600385177e-05 0.0003779895808313205 -0.0013956242075811372 6.968095358254711e-05 0.001703387114351978
leaf_weight=681 3783 19680 4079 2118 3004 2743
leaf_count=681 3783 19680 4079 2118 3004 2743
internal_value=3.99014e-05 -0.000490326 0.00102527 -0.000345522 0.00234353 0.00179802
internal_weight=36088 23463 12625 6197 6428 5747
internal_count=36088 23463 12625 6197 6428 5747
cat_boundaries=0 1 2
cat_threshold=413540354 413936090
is_linear=0
shrinkage=0.03


Tree=155
num_leaves=7
num_cat=2
split_feature=12 1 8 1 4 14
split_gain=19.4636 38.0084 26.5997 26.5743 20.9601 27.7259
threshold=0.036442619062797117 0 0.16251892949777472 1 7.5000000000000009 -0.13849821623747985
decision_type=8 9 8 9 2 8
left_child=1 2 -1 -2 -3 -6
right_child=3 4 -4 -5 5 -7
leaf_value=0.0002886186802022181 -0.0012695464228768836 -0.00052968401421526849 0.0022067070132532045 -7.3723569094099291e-05 -0.001082254093318186 0.001001145722292608
leaf_weight=2900 2877 8798 2553 12486 1746 4724
leaf_count=2900 2877 8798 2553 12486 1746 4724
internal_value=-9.97644e-06 0.000589953 0.00273701 -0.000819123 -0.000178677 0.00111729
internal_weight=36084 20721 5453 15363 15268 6470
internal_count=36084 20721 5453 15363 15268 6470
cat_boundaries=0 1 2
cat_threshold=438570140 155588400
is_linear=0
shrinkage=0.03


Tree=156
num_leaves=7
num_cat=2
split_feature=9 1 1 11 13 2
split_gain=20.3141 28.4231 26.3716 23.0401 19.4805 19.3868
threshold=-0.34614912824819427 0 1 -0.26659818195393731 0.02824336288449503 4.5000000000000009
decision_type=10 9 9 8 10 2
left_child=1 3 5 -1 -5 -2
right_child=2 -3 -4 4 -6 -7
leaf_value=0.0036691794649659636 -2.3143872903200397e-05 -0.00022841980426351421 6.1586476996211074e-05 5.907337232587517e-05 0.00177382978148661 -0.0015192291153884522
leaf_weight=881 2733 5860 16717 3255 2593 4060
leaf_count=881 2733 5860 16717 3255 2593 4060
internal_value=2.95014e-05 0.00100199 -0.000491259 0.00233012 0.00165156 -0.0020657
internal_weight=36099 12589 23510 6729 5848 6793
internal_count=36099 12589 23510 6729 5848 6793
cat_boundaries=0 1 2
cat_threshold=411912666 417800514
is_linear=0
shrinkage=0.03


Tree=157
num_leaves=7
num_cat=1
split_feature=11 4 14 1 14 14
split_gain=18.6998 22.0773 20.889 25.8736 23.3285 29.6876
threshold=0.35226370503586996 2.5000000000000004 0.015541878261281601 0 -0.32894240251914902 -0.32711361922184429
decision_type=10 2 10 9 8 8
left_child=2 -2 4 -4 -1 -6
right_child=1 -3 3 -5 5 -7
leaf_value=0.0029572513771195337 0.0029581298927259564 -0.0016407900741549639 0.0011166541564131378 1.8765992848900625e-05 -0.0059123734860823734 -0.0001639428365433122
leaf_weight=460 131 2731 5417 8150 252 19042
leaf_count=460 131 2731 5417 8150 252 19042
internal_value=4.14548e-07 -0.00232623 0.000200318 0.00110665 -0.000422172 -0.000581498
internal_weight=36183 2862 33321 13567 19754 19294
internal_count=36183 2862 33321 13567 19754 19294
cat_boundaries=0 1
cat_threshold=171198616
is_linear=0
shrinkage=0.03


Tree=158
num_leaves=7
num_cat=3
split_feature=3 3 1 1 11 1
split_gain=22.9202 53.6657 32.7901 29.6724 27.2407 24.0251
threshold=3.5000000000000004 6.5000000000000009 0 1 0.35226370503586996 2
decision_type=2 2 9 9 8 9
left_child=2 3 -1 -2 -4 -3
right_child=1 5 4 -5 -6 -7
leaf_value=-0.0011722021197437893 0.0017293319163650192 0.00021485285673524242 0.00038288337140549369 0.00024161912152599079 -0.0018334783029040011 -0.00067048512914609059
leaf_weight=3586 4914 9275 4127 3890 772 9536
leaf_count=3586 4914 9275 4127 3890 772 9536
internal_value=4.32121e-05 0.000462232 -0.00132041 0.00239523 0.000278004 -0.000442537
internal_weight=36100 27615 8485 8804 4899 18811
internal_count=36100 27615 8485 8804 4899 18811
cat_boundaries=0 1 2 3
cat_threshold=89765918 113302236 456763420
is_linear=0
shrinkage=0.03


Tree=159
num_leaves=7
num_cat=0
split_feature=3 3 3 7 13 2
split_gain=19.4327 21.3757 31.7316 17.3912 16.9737 18.7573
threshold=1.5000000000000002 6.5000000000000009 4.5000000000000009 -0.31871340393662789 -0.0078303292643311356 2.5000000000000004
decision_type=2 2 2 10 8 2
left_child=-1 2 -2 -3 -4 -6
right_child=1 3 4 -5 5 -7
leaf_value=-0.00082034852488029704 2.8789367356867045e-06 0.00082205128450540737 0.00057334051310155916 -0.00033368556327016501 0.00025338307133298334 0.0026768231729394818
leaf_weight=3128 8485 3330 2159 15327 992 2616
leaf_count=3128 8485 3330 2159 15327 992 2616
internal_value=8.28292e-05 0.00029763 0.00117238 -0.000370619 0.00288922 0.00414796
internal_weight=36037 32909 14252 18657 5767 3608
internal_count=36037 32909 14252 18657 5767 3608
is_linear=0
shrinkage=0.03


Tree=160
num_leaves=7
num_cat=3
split_feature=11 2 9 0 1 1
split_gain=19.677 42.2136 19.828 35.4257 32.6524 32.6388
threshold=-0.32596505613497312 6.5000000000000009 0.13353139262452321 0 1 2
decision_type=8 2 8 1 9 9
left_child=1 -1 -2 4 -4 -5
right_child=2 -3 3 5 -6 -7
leaf_value=-0.00045292147597530687 -0.00038203833173607656 0.0034416293499654276 0.0014305963050670184 -0.0022407006046886277 7.3430491636543576e-05 0.00020694608608698396
leaf_weight=1375 16366 1383 3851 2905 5085 5202
leaf_count=1375 16366 1383 3851 2905 5085 5202
internal_value=-3.19343e-05 0.00240304 -0.000233014 0.000483161 0.00178583 -0.000952763
internal_weight=36167 2758 33409 17043 8936 8107
internal_count=36167 2758 33409 17043 8936 8107
cat_boundaries=0 1 2 3
cat_threshold=2 503335130 357781602
is_linear=0
shrinkage=0.03


Tree=161
num_leaves=7
num_cat=0
split_feature=14 14 14 13 13 4
split_gain=19.4687 29.5217 28.8137 31.2823 38.7384 22.5027
threshold=-0.32894240251914902 -0.32711361922184429 -0.3019931236561153 -0.1068798998878198 -0.12125964492891932 5.5000000000000009
decision_type=8 8 8 8 10 2
left_child=-1 -2 -3 4 5 -4
right_child=1 2 3 -5 -6 -7
leaf_value=0.002760414584115333 -0.005513615535612036 0.004063751053091277 0.0025346030487440395 5.4642784350424213e-05 -0.0045662901470160814 -0.001296948518314345
leaf_weight=457 261 218 418 32926 776 1150
leaf_count=457 261 218 418 32926 776 1150
internal_value=-2.15428e-05 -0.00010028 -2.62053e-05 -9.35613e-05 -0.00344136 -0.000726577
internal_weight=36206 35749 35488 35270 2344 1568
internal_count=36206 35749 35488 35270 2344 1568
is_linear=0
shrinkage=0.03


Tree=162
num_leaves=7
num_cat=3
split_feature=3 3 1 1 11 1
split_gain=19.1037 48.3813 30.4466 28.0592 27.8598 26.2988
threshold=3.5000000000000004 6.5000000000000009 0 1 0.31095915884991149 2
decision_type=2 2 9 9 8 9
left_child=3 2 -2 -1 -5 -3
right_child=1 5 -4 4 -6 -7
leaf_value=-0.0011039115886125356 0.0016308989641423872 0.0010001507484954364 4.5397803312690543e-05 0.00041136311347300447 -0.0018681773286360775 -0.00035426738628655023
leaf_weight=3615 5271 2562 3655 4055 875 16152
leaf_count=3615 5271 2562 3655 4055 875 16152
internal_value=4.43542e-05 0.000427626 0.00224488 -0.0011953 0.000279296 -0.00043922
internal_weight=36185 27640 8926 8545 4930 18714
internal_count=36185 27640 8926 8545 4930 18714
cat_boundaries=0 1 2 3
cat_threshold=130075608 222935070 268961808
is_linear=0
shrinkage=0.03


Tree=163
num_leaves=7
num_cat=2
split_feature=12 1 3 1 9 12
split_gain=18.7748 34.0971 22.379 20.5002 19.7614 18.0688
threshold=0.025554602948446806 0 7.5000000000000009 1 -0.46721160632216246 0.25134467548093703
decision_type=8 9 2 9 10 10
left_child=1 4 -3 5 -1 -2
right_child=3 2 -4 -5 -6 -7
leaf_value=0.0019441017124524587 -0.00071352703058772358 0.0004299733237292474 -0.00075871025769984996 -6.2585045723898e-05 0.00049722535330843547 -0.0053412912381667578
leaf_weight=2327 3074 7254 5824 12826 4485 319
leaf_count=2327 3074 7254 5824 12826 4485 319
internal_value=1.12157e-05 0.000628928 -0.000268164 -0.000746301 0.00234794 -0.0028158
internal_weight=36109 19890 13078 16219 6812 3393
internal_count=36109 19890 13078 16219 6812 3393
cat_boundaries=0 1 2
cat_threshold=455872156 21438000
is_linear=0
shrinkage=0.03


Tree=164
num_leaves=7
num_cat=2
split_feature=7 14 1 0 10 13
split_gain=18.3368 23.4888 24.1196 22.6151 54.9794 35.0236
threshold=-0.39138155138385938 0.087523232837411549 0 1 0.42380251643348205 0.0026070321750824
decision_type=10 10 9 1 8 8
left_child=1 2 -1 5 -5 -2
right_child=3 -3 -4 4 -6 -7
leaf_value=0.0012007614790148209 0.00068191881481588273 0.0023713563784037656 -0.001450440538438692 0.00038103601205232714 -0.0015516892296860061 -0.00023199482990041078
leaf_weight=2410 6651 1418 1479 7546 7426 9111
leaf_count=2410 6651 1418 1479 7546 7426 9111
internal_value=3.62078e-05 0.00166447 0.000458869 -0.000244998 -0.00107994 0.000548119
internal_weight=36041 5307 3889 30734 14972 15762
internal_count=36041 5307 3889 30734 14972 15762
cat_boundaries=0 1 2
cat_threshold=42250232 2
is_linear=0
shrinkage=0.03


Tree=165
num_leaves=7
num_cat=0
split_feature=6 4 14 11 4 14
split_gain=19.4052 20.5936 21.0879 18.7068 17.8544 26.3722
threshold=-0.14310084364067285 3.5000000000000004 0.06718098489430524 -0.52389194261985883 7.5000000000000009 0.2306731728416074
decision_type=10 2 10 8 2 10
left_child=1 2 -1 -3 5 -5
right_child=-2 3 -4 4 -6 -7
leaf_value=0.00079796135640433923 -0.00010414023031277957 0.006889500681146906 0.0042236817826989221 -0.0013672761946923317 0.00073936772930457756 0.002482896079113386
leaf_weight=1372 26750 219 605 2517 4296 471
leaf_count=1372 26750 219 605 2517 4296 471
internal_value=0.000137451 0.00130366 0.00402679 0.000585688 0.000325326 -0.00145534
internal_weight=36230 9480 1977 7503 7284 2988
internal_count=36230 9480 1977 7503 7284 2988
is_linear=0
shrinkage=0.03


Tree=166
num_leaves=7
num_cat=2
split_feature=11 1 2 3 3 1
split_gain=18.1906 30.0715 20.9848 17.8973 20.5888 30.7257
threshold=-0.36464654208861885 0 6.5000000000000009 1.5000000000000002 6.5000000000000009 1
decision_type=8 9 2 2 2 9
left_child=1 -1 -3 -2 5 -5
right_child=3 2 -4 4 -6 -7
leaf_value=-0.00094307354688756822 -0.0008915887611224742 0.00059713794366671776 0.0050728187208800742 -0.00040242656047694269 -0.00026296737230644291 0.00074988761605439865
leaf_weight=533 2918 751 761 4339 17592 9152
leaf_count=533 2918 751 761 4339 17592 9152
internal_value=1.66449e-05 0.00276393 0.00490479 -0.000148668 6.22507e-05 0.000943893
internal_weight=36046 2045 1512 34001 31083 13491
internal_count=36046 2045 1512 34001 31083 13491
cat_boundaries=0 1 2
cat_threshold=156278928 490549254
is_linear=0
shrinkage=0.03


Tree=167
num_leaves=7
num_cat=1
split_feature=11 1 4 4 13 13
split_gain=21.5424 24.586 20.065 31.3359 25.9621 22.4669
threshold=-0.33217278236961473 0 2.5000000000000004 7.5000000000000009 -0.18740389308483837 0.075715587391772712
decision_type=8 9 2 2 8 10
left_child=1 -1 -2 5 -5 -4
right_child=2 -3 3 4 -6 -7
leaf_value=-0.00050815974167702351 0.00053575520793237581 0.0027286178558846514 -0.00099211257982059829 -0.0041923256753291322 0.00026377653574045007 0.00026290855407204791
leaf_weight=858 5263 1721 10450 346 13915 3572
leaf_count=858 5263 1721 10450 346 13915 3572
internal_value=2.69889e-05 0.0026686 -0.000176171 -0.000492681 0.000497476 -0.00149968
internal_weight=36125 2579 33546 28283 14261 14022
internal_count=36125 2579 33546 28283 14261 14022
cat_boundaries=0 1
cat_threshold=206865556
is_linear=0
shrinkage=0.03


Tree=168
num_leaves=7
num_cat=2
split_feature=12 1 11 2 1 9
split_gain=18.3366 28.8358 23.5908 20.0112 16.9923 15.9408
threshold=0.13605256361529608 0 -0.18559176280361497 6.5000000000000009 1 0.58072856012230745
decision_type=8 9 8 2 9 8
left_child=1 5 3 -2 -4 -1
right_child=2 -3 4 -5 -6 -7
leaf_value=0.00028494334056972353 -0.00033121376573896688 -0.00015823079913346495 -0.0024488744331659529 0.0045599175567178473 -0.00048726028022797764 0.0015085099736150201
leaf_weight=7565 450 17388 1171 402 6489 2884
leaf_count=7565 450 17388 1171 402 6489 2884
internal_value=-3.25997e-05 0.000340003 -0.00125103 0.00348183 -0.00177784 0.00158461
internal_weight=36349 27837 8512 852 7660 10449
internal_count=36349 27837 8512 852 7660 10449
cat_boundaries=0 1 2
cat_threshold=304615132 352783888
is_linear=0
shrinkage=0.03


Tree=169
num_leaves=7
num_cat=1
split_feature=4 4 13 1 13 13
split_gain=17.1852 37.1865 35.7649 35.1135 33.908 35.1949
threshold=3.5000000000000004 6.5000000000000009 -0.1068798998878198 0 0.091143940607181229 0.044314285284968176
decision_type=2 2 8 9 10 10
left_child=-1 4 3 -3 5 -2
right_child=1 2 -4 -5 -6 -7
leaf_value=0.00049862226054482464 -0.00086225539362989596 -9.6143246046180843e-05 0.00036170577209455889 -0.0050119405382018783 0.00046318016957127498 -0.003719709575070116
leaf_weight=8517 5332 1063 16854 612 2610 1192
leaf_count=8517 5332 1063 16854 612 2610 1192
internal_value=7.37956e-05 -0.000289004 0.00048327 -0.0036963 -0.0018555 -0.00301149
internal_weight=36180 27663 18529 1675 9134 6524
internal_count=36180 27663 18529 1675 9134 6524
cat_boundaries=0 1
cat_threshold=51141480
is_linear=0
shrinkage=0.03


Tree=170
num_leaves=7
num_cat=1
split_feature=6 14 11 1 12 14
split_gain=17.5029 18.7088 24.062 20.2303 18.3187 18.0657
threshold=-0.15415067982725847 -0.12379946488129463 0.24263350017644084 0 -0.38920971102888074 0.2306731728416074
decision_type=10 8 8 9 8 10
left_child=4 3 5 -2 -1 -3
right_child=1 2 -4 -5 -6 -7
leaf_value=0.0038180567552314661 0.00026888590660992262 8.9376250811090991e-05 -0.00085335711053658651 -0.0014722339219984842 0.00039691330354858892 0.001574134124946402
leaf_weight=470 1325 15615 6084 2747 8660 1213
leaf_count=470 1325 15615 6084 2747 8660 1213
internal_value=-1.8275e-05 -0.000402446 -6.93929e-05 -0.00227596 0.00111707 0.000515182
internal_weight=36114 26984 22912 4072 9130 16828
internal_count=36114 26984 22912 4072 9130 16828
cat_boundaries=0 1
cat_threshold=50332264
is_linear=0
shrinkage=0.03


Tree=171
num_leaves=7
num_cat=3
split_feature=3 3 1 11 1 1
split_gain=19.5042 45.5769 32.5248 30.4516 27.2405 21.8349
threshold=3.5000000000000004 6.5000000000000009 0 0.35226370503586996 1 2
decision_type=2 2 9 8 9 9
left_child=2 4 -1 -4 -2 -3
right_child=1 5 3 -5 -6 -7
leaf_value=-0.0013353711579528098 0.0015525052956069246 0.00064080834988896598 0.00033160470594909952 -0.0020376573697701117 0.00021884251327624533 -0.00041256987474117039
leaf_weight=3089 4628 3271 4577 831 4308 15422
leaf_count=3089 4628 3271 4577 831 4308 15422
internal_value=-4.40114e-05 0.000342562 -0.00130089 0.000105185 0.00210473 -0.000499893
internal_weight=36126 27629 8497 5408 8936 18693
internal_count=36126 27629 8497 5408 8936 18693
cat_boundaries=0 1 2 3
cat_threshold=88718486 113298136 285804560
is_linear=0
shrinkage=0.03


Tree=172
num_leaves=7
num_cat=0
split_feature=12 4 4 14 14 14
split_gain=18.3165 15.0864 36.2939 38.5972 37.2789 37.8256
threshold=0.18775525056712097 3.5000000000000004 6.5000000000000009 -0.014029943399684284 0.21091601974081706 0.075536168689225941
decision_type=10 2 2 8 10 8
left_child=1 -1 4 -4 5 -3
right_child=-2 2 3 -5 -6 -7
leaf_value=0.00055639009989783179 -0.00080374049058247205 -0.00028624663564518751 -0.00023613607728739194 0.0010438779144548167 0.00033616400242911888 -0.0031906819399310621
leaf_weight=7463 5084 2296 8962 6763 3088 2431
leaf_count=7463 5084 2296 8962 6763 3088 2431
internal_value=-3.61616e-05 0.00023755 -0.000135083 0.000695345 -0.00180591 -0.00348033
internal_weight=36087 31003 23540 15725 7815 4727
internal_count=36087 31003 23540 15725 7815 4727
is_linear=0
shrinkage=0.03


Tree=173
num_leaves=7
num_cat=1
split_feature=11 13 12 1 8 6
split_gain=20.825 22.6208 21.1885 19.041 18.6708 25.3142
threshold=-0.052801332949107486 0.074419155845551879 0.25134467548093703 0 0.17327084180777733 0.29980581741903972
decision_type=8 8 8 9 8 10
left_child=1 -1 3 -2 -5 -6
right_child=2 -3 -4 4 5 -7
leaf_value=0.00020571096387054469 -0.0012139711768750553 0.0023477164393207097 -0.0013334977265583197 -0.0004011706738180174 0.00050071702649180443 -0.0020402313023050135
leaf_weight=10235 1488 1240 3086 7556 11406 1148
leaf_count=10235 1488 1240 3086 7556 11406 1148
internal_value=-2.19856e-05 0.0010339 -0.000512862 -0.000180564 6.26211e-05 0.000771804
internal_weight=36159 11475 24684 21598 20110 12554
internal_count=36159 11475 24684 21598 20110 12554
cat_boundaries=0 1
cat_threshold=71307266
is_linear=0
shrinkage=0.03


Tree=174
num_leaves=7
num_cat=1
split_feature=13 14 14 3 1 3
split_gain=15.9333 30.3841 21.7633 21.3341 23.1259 21.8987
threshold=0.02824336288449503 0.1274798667383473 0.078547279112105614 3.5000000000000004 0 10.500000000000002
decision_type=10 10 10 2 9 2
left_child=1 2 -1 4 -2 -5
right_child=3 -3 -4 5 -6 -7
leaf_value=-0.00013401269116339459 -0.0020513513636087016 -0.0019058758039761047 0.0016848365537072269 0.001077125453409307 5.4358029021987874e-05 -0.00051000148742801532
leaf_weight=20732 765 2108 1225 7315 2083 2041
leaf_count=20732 765 2108 1225 7315 2083 2041
internal_value=-1.03391e-05 -0.000458115 -0.000127744 0.000872593 -0.00140049 0.0015646
internal_weight=36269 24065 21957 12204 2848 9356
internal_count=36269 24065 21957 12204 2848 9356
cat_boundaries=0 1
cat_threshold=88715396
is_linear=0
shrinkage=0.03


Tree=175
num_leaves=7
num_cat=1
split_feature=3 3 0 3 9 3
split_gain=15.8974 28.4746 22.4859 22.1755 14.0387 16.0297
threshold=2.5000000000000004 6.5000000000000009 0 4.5000000000000009 0.030459207484708543 9.5000000000000018
decision_type=2 2 1 2 8 2
left_child=2 3 -1 -2 -3 -6
right_child=1 4 -4 -5 5 -7
leaf_value=8.985102184761419e-05 3.6504323398979147e-05 -0.0006341366968229819 -0.0015010792799973807 0.0013343901446890478 0.00062076683444084371 -0.00037890417228632399
leaf_weight=2950 5846 8061 2841 5719 5491 5195
leaf_count=2950 5846 8061 2841 5719 5491 5195
internal_value=-3.86384e-05 0.000236532 -0.00147876 0.00140714 -0.000485652 0.000227379
internal_weight=36103 30312 5791 11565 18747 10686
internal_count=36103 30312 5791 11565 18747 10686
cat_boundaries=0 1
cat_threshold=2
is_linear=0
shrinkage=0.03


Tree=176
num_leaves=7
num_cat=0
split_feature=6 8 11 2 11 4
split_gain=18.7651 19.9357 22.1854 30.6712 16.5479 15.2102
threshold=0.0038464341039139431 0.17327084180777733 -0.33217278236961473 7.5000000000000009 0.35226370503586996 1.5000000000000002
decision_type=10 8 10 2 8 2
left_child=1 2 3 -1 -2 -6
right_child=4 -3 -4 -5 5 -7
leaf_value=-0.00014773172761630405 -0.00011258377290705071 0.00082315155561084037 -0.00024434392270198448 0.0038375417973173873 0.0029610475760974758 -0.0016924929004262894
leaf_weight=1183 13024 8034 9962 858 125 2904
leaf_count=1183 13024 8034 9962 858 125 2904
internal_value=5.31989e-05 0.000665486 -0.000108714 0.00273996 -0.000711038 -0.00270792
internal_weight=36090 20037 12003 2041 16053 3029
internal_count=36090 20037 12003 2041 16053 3029
is_linear=0
shrinkage=0.03


Tree=177
num_leaves=7
num_cat=1
split_feature=11 2 14 3 0 13
split_gain=18.5236 28.0638 20.8351 19.7359 30.2768 55.1319
threshold=-0.36464654208861885 4.5000000000000009 -0.13849821623747985 10.500000000000002 0 -0.0054397113987459562
decision_type=8 2 8 2 1 8
left_child=1 -1 -3 4 -2 -6
right_child=3 2 -4 -5 5 -7
leaf_value=-0.00086918031476454754 0.00036574126751109064 -8.4283096378025968e-05 0.0041088791959353541 -0.00068355347688422486 -0.0018102902449163986 0.00030220064888039963
leaf_weight=683 14863 438 937 5926 4892 8244
leaf_count=683 14863 438 937 5926 4892 8244
internal_value=3.45987e-05 0.00279747 0.00526526 -0.000133084 0.000199821 -0.000849509
internal_weight=35983 2058 1375 33925 27999 13136
internal_count=35983 2058 1375 33925 27999 13136
cat_boundaries=0 1
cat_threshold=2
is_linear=0
shrinkage=0.03


Tree=178
num_leaves=7
num_cat=2
split_feature=9 1 1 3 3 2
split_gain=16.4475 26.609 26.1122 21.2389 23.977 19.2878
threshold=-0.28768207245178029 0 1 6.5000000000000009 4.5000000000000009 4.5000000000000009
decision_type=10 9 9 2 2 2
left_child=2 5 -1 4 -3 -2
right_child=1 3 -4 -5 -6 -7
leaf_value=0.0010558320231462269 7.7943754460423656e-06 8.6339971652241862e-05 -0.00020000048032335743 -0.0003094859288256695 0.0015877542261456569 -0.0012668877332941231
leaf_weight=6671 3698 4137 7015 6850 2303 5598
leaf_count=6671 3698 4137 7015 6850 2303 5598
internal_value=8.0225e-05 -0.000417054 0.000900855 0.000444327 0.00168142 -0.00164715
internal_weight=36272 22586 13686 13290 6440 9296
internal_count=36272 22586 13686 13290 6440 9296
cat_boundaries=0 1 2
cat_threshold=414164290 405687762
is_linear=0
shrinkage=0.03


Tree=179
num_leaves=7
num_cat=2
split_feature=9 1 1 2 12 2
split_gain=15.1338 23.8757 23.8133 20.7582 21.8426 18.6502
threshold=-0.29847701583396175 0 1 3.5000000000000004 0.025554602948446806 4.5000000000000009
decision_type=10 9 9 2 10 2
left_child=2 5 3 -1 -5 -2
right_child=1 -3 -4 4 -6 -7
leaf_value=-0.00033919336960442509 2.4813310821710419e-05 0.00016078559055841479 -0.00020069176193341365 0.002287234002199527 0.00038946176208994293 -0.0011462437460188382
leaf_weight=1512 3980 12668 6796 2826 2257 6162
leaf_count=1512 3980 12668 6796 2826 2257 6162
internal_value=6.75377e-05 -0.000402437 0.000868056 0.00215032 0.0030714 -0.00148626
internal_weight=36201 22810 13391 6595 5083 10142
internal_count=36201 22810 13391 6595 5083 10142
cat_boundaries=0 1 2
cat_threshold=418324834 405736920
is_linear=0
shrinkage=0.03


Tree=180
num_leaves=7
num_cat=3
split_feature=12 3 3 1 1 1
split_gain=19.7998 15.0663 32.4161 30.8555 27.2952 24.0082
threshold=-0.33788507745078838 3.5000000000000004 6.5000000000000009 0 1 2
decision_type=8 2 2 9 9 9
left_child=-1 3 4 -2 -3 -4
right_child=1 2 5 -5 -6 -7
leaf_value=0.0021152656960821423 -0.0015770851564158896 0.0013117337104034913 0.00023931039574680358 -4.877834518992022e-05 -9.6679219097589098e-05 -0.00068665749976990311
leaf_weight=1307 2053 5106 9045 6142 3458 9061
leaf_count=1307 2053 5106 9045 6142 3458 9061
internal_value=8.04467e-05 -5.54982e-05 0.000290203 -0.00118045 0.00181086 -0.000429116
internal_weight=36172 34865 26670 8195 8564 18106
internal_count=36172 34865 26670 8195 8564 18106
cat_boundaries=0 1 2 3
cat_threshold=84457490 113298396 456763420
is_linear=0
shrinkage=0.03


Tree=181
num_leaves=7
num_cat=1
split_feature=7 14 11 1 11 2
split_gain=17.5084 22.836 20.0758 19.7104 17.0479 46.1651
threshold=0.22065402901574196 0.04680505282316836 0.24263350017644084 0 -0.29263181982033787 8.5000000000000018
decision_type=10 10 8 9 8 2
left_child=1 4 3 -2 5 -1
right_child=2 -3 -4 -5 -6 -7
leaf_value=-0.00036784203655162523 -0.001900186000426906 0.00064565200396974828 -0.0017011556716998485 0.00082527839358834739 -0.0001837916596644766 0.0038463888234957101
leaf_weight=2132 605 8995 3032 1735 18564 1098
leaf_count=2132 605 8995 3032 1735 18564 1098
internal_value=9.49892e-05 0.000370737 -0.0014852 0.000602307 -0.000154164 0.00185701
internal_weight=36161 30789 5372 2340 21794 3230
internal_count=36161 30789 5372 2340 21794 3230
cat_boundaries=0 1
cat_threshold=83890744
is_linear=0
shrinkage=0.03


Tree=182
num_leaves=7
num_cat=3
split_feature=3 3 1 1 1 11
split_gain=19.3197 36.6324 26.27 25.6433 23.0496 20.6656
threshold=3.5000000000000004 6.5000000000000009 0 1 2 0.33009839268661706
decision_type=2 2 9 9 9 8
left_child=2 3 -1 -2 -3 -4
right_child=1 4 5 -5 -6 -7
leaf_value=-0.0010983476736887759 0.00153589024921192 -0.0015660394851530761 0.00031731326450633399 0.00016576585697017531 6.8474603448946593e-06 -0.0015967603813347982
leaf_weight=3262 4668 1674 4348 4299 17066 880
leaf_count=3262 4668 1674 4348 4299 17066 880
internal_value=6.83739e-05 0.000452036 -0.00118361 0.00202888 -0.000302545 0.000137431
internal_weight=36197 27707 8490 8967 18740 5228
internal_count=36197 27707 8490 8967 18740 5228
cat_boundaries=0 1 2 3
cat_threshold=84523038 113428696 12718080
is_linear=0
shrinkage=0.03


Tree=183
num_leaves=7
num_cat=2
split_feature=11 1 4 4 13 1
split_gain=18.4519 25.5943 17.8415 26.3087 27.4725 32.0214
threshold=-0.33217278236961473 0 2.5000000000000004 6.5000000000000009 -0.1068798998878198 1
decision_type=8 9 2 2 8 9
left_child=1 -1 -2 -4 5 -5
right_child=2 -3 3 4 -6 -7
leaf_value=-0.00046697361905711994 0.00052919198596111585 0.002807032033184627 -0.00071509715768342842 -0.0055721759633295545 0.00025077940495361146 -0.00029604875875403972
leaf_weight=1021 5296 1530 11082 447 15638 1064
leaf_count=1021 5296 1530 11082 447 15638 1064
internal_value=5.0722e-05 0.0025098 -0.000136453 -0.000436207 0.0003 -0.00356151
internal_weight=36078 2551 33527 28231 17149 1511
internal_count=36078 2551 33527 28231 17149 1511
cat_boundaries=0 1 2
cat_threshold=223642774 476554370
is_linear=0
shrinkage=0.03


Tree=184
num_leaves=7
num_cat=0
split_feature=14 14 14 13 13 14
split_gain=19.0641 27.0904 30.5337 23.7034 40.8836 21.5682
threshold=-0.32894240251914902 -0.32711361922184429 -0.3019931236561153 -0.1068798998878198 -0.12125964492891932 -0.28026674736464591
decision_type=8 8 8 8 8 8
left_child=-1 -2 -3 4 5 -4
right_child=1 2 3 -5 -6 -7
leaf_value=0.0027195498069469593 -0.0051294512641081695 0.0038754270328457009 -0.0045067797716735721 5.3513326314975936e-05 -0.0039945878697822115 0.00057983355105073648
leaf_weight=476 258 223 305 32893 784 1252
leaf_count=476 258 223 305 32893 784 1252
internal_value=1.69927e-05 -6.2577e-05 8.03768e-06 -6.21541e-05 -0.00297822 -0.000163671
internal_weight=36191 35715 35457 35234 2341 1557
internal_count=36191 35715 35457 35234 2341 1557
is_linear=0
shrinkage=0.03


Tree=185
num_leaves=7
num_cat=2
split_feature=11 1 2 9 1 12
split_gain=17.073 25.7675 17.0214 14.216 25.131 21.1329
threshold=-0.36464654208861885 0 6.5000000000000009 0.34483930982252492 1 -0.080426337986021487
decision_type=8 9 2 8 9 8
left_child=1 -1 -3 -2 5 -5
right_child=3 2 -4 4 -6 -7
leaf_value=-0.0012556301343188529 -0.00022561684686708797 0.00042608195348257325 0.0037961655102875633 0.0028196718295029162 -0.00031138441934373649 0.0004124972324450233
leaf_weight=359 21589 846 865 1451 6429 4596
leaf_count=359 21589 846 865 1451 6429 4596
internal_value=6.22648e-06 0.00265089 0.00417247 -0.000154553 0.000651599 0.0020378
internal_weight=36135 2070 1711 34065 12476 6047
internal_count=36135 2070 1711 34065 12476 6047
cat_boundaries=0 1 2
cat_threshold=5275792 176950490
is_linear=0
shrinkage=0.03


Tree=186
num_leaves=7
num_cat=2
split_feature=6 14 2 13 1 0
split_gain=16.909 21.1456 21.5948 22.9158 17.8436 21.3917
threshold=0.0038464341039139431 0.078547279112105614 1.5000000000000002 0.045261076500506127 0 1
decision_type=10 10 2 8 9 1
left_child=1 4 -3 -4 5 -1
right_child=-2 2 3 -5 -6 -7
leaf_value=0.00068484312797596693 -0.00032511327332809565 -0.0015400537878975653 0.00031156871276110315 0.0027311412713561314 -0.00033134561089553135 -0.0001990824073127282
leaf_weight=4289 16123 319 1513 1720 8248 3940
leaf_count=4289 16123 319 1513 1720 8248 3940
internal_value=2.07452e-05 0.000602846 0.00270194 0.00343692 0.0001502 0.00113774
internal_weight=36152 20029 3552 3233 16477 8229
internal_count=36152 20029 3552 3233 16477 8229
cat_boundaries=0 1 2
cat_threshold=51412708 2
is_linear=0
shrinkage=0.03


Tree=187
num_leaves=7
num_cat=1
split_feature=6 8 1 11 11 14
split_gain=16.7879 17.0371 26.2252 28.6688 17.2932 20.4834
threshold=0.0038464341039139431 -0.028975874929672237 0 -0.31934060946156156 0.027713301393427873 -0.00067076896896736433
decision_type=10 8 9 10 8 10
left_child=1 2 3 -1 -3 -6
right_child=-2 4 -4 -5 5 -7
leaf_value=0.00076730396542569685 -0.00031873081134055836 0.0010419179605051592 0.00033724206261703847 -0.0016996290367890948 -0.00041003181361820817 0.00097198329021160566
leaf_weight=1053 16168 4189 4794 2333 4169 3433
leaf_count=1053 16168 4189 4794 2333 4169 3433
internal_value=2.28279e-05 0.000604596 -0.000447378 -0.00246394 0.00133438 0.000481389
internal_weight=36139 19971 8180 3386 11791 7602
internal_count=36139 19971 8180 3386 11791 7602
cat_boundaries=0 1
cat_threshold=147293978
is_linear=0
shrinkage=0.03


Tree=188
num_leaves=7
num_cat=1
split_feature=11 1 4 14 4 2
split_gain=15.1107 22.1451 13.58 43.8663 33.3695 30.8391
threshold=-0.52389194261985883 0 7.5000000000000009 0.022737478497215222 3.5000000000000004 4.5000000000000009
decision_type=8 9 2 8 2 2
left_child=1 -1 4 -4 -2 -5
right_child=2 -3 3 5 -6 -7
leaf_value=-0.0012592251847520664 0.00033081601382037459 0.0063492626751886962 -0.00015535278704824489 -0.00012720268938399255 -0.00070580575321417007 0.0025293555898743742
leaf_weight=216 8290 338 10579 1565 12003 3014
leaf_count=216 8290 338 10579 1565 12003 3014
internal_value=7.08215e-06 0.00491892 -6.98127e-05 0.000609539 -0.000577264 0.00306223
internal_weight=36005 554 35451 15158 20293 4579
internal_count=36005 554 35451 15158 20293 4579
cat_boundaries=0 1
cat_threshold=269533204
is_linear=0
shrinkage=0.03


Tree=189
num_leaves=7
num_cat=0
split_feature=14 14 14 13 13 14
split_gain=16.8441 23.3271 27.4677 24.8879 33.5065 23.4008
threshold=-0.32894240251914902 -0.32711361922184429 -0.3019931236561153 -0.1068798998878198 -0.12125964492891932 -0.28026674736464591
decision_type=8 8 8 8 8 8
left_child=-1 -2 -3 4 5 -4
right_child=1 2 3 -5 -6 -7
leaf_value=0.0026207510638687355 -0.0046022924892106989 0.0037406502807533146 -0.0045817024441783807 3.9747218964955031e-05 -0.0039170824823193985 0.00042613508346287524
leaf_weight=460 262 218 299 32862 774 1222
leaf_count=460 262 218 299 32862 774 1222
internal_value=-3.61516e-05 -0.000109855 -4.36737e-05 -0.000109648 -0.00312936 -0.00054205
internal_weight=36097 35637 35375 35157 2295 1521
internal_count=36097 35637 35375 35157 2295 1521
is_linear=0
shrinkage=0.03


Tree=190
num_leaves=7
num_cat=0
split_feature=11 2 14 8 11 14
split_gain=15.8164 25.2283 25.2346 24.0266 20.8451 20.6473
threshold=-0.037965440043315361 7.5000000000000009 0.19491372490706174 -0.25747443808561993 -0.21701590015594882 -0.078181144969142288
decision_type=8 2 8 8 10 8
left_child=1 3 4 5 -3 -1
right_child=-2 2 -4 -5 -6 -7
leaf_value=-0.0019230558281485297 -0.00016984647528176238 0.0023546499038313382 0.0056700374498444761 0.00038300573952999341 6.9951829676299094e-05 4.0459860711426766e-05
leaf_weight=1384 23942 1834 467 4378 2581 1621
leaf_count=1384 23942 1834 467 4378 2581 1621
internal_value=2.52707e-05 0.000901272 0.00257424 -0.000205173 0.0018716 -0.00227046
internal_weight=36207 12265 4882 7383 4415 3005
internal_count=36207 12265 4882 7383 4415 3005
is_linear=0
shrinkage=0.03


Tree=191
num_leaves=7
num_cat=2
split_feature=12 1 1 7 2 14
split_gain=14.662 36.3088 21.0652 17.7544 16.5735 16.4889
threshold=-0.069641276813872097 0 1 -0.59233502603570398 2.5000000000000004 -0.3019931236561153
decision_type=8 9 9 10 2 8
left_child=1 -1 5 -3 -4 -2
right_child=2 3 4 -5 -6 -7
leaf_value=0.0016878063272297409 0.002768339483349121 0.0020832189321180199 0.00028087293541276454 -0.0002037102824712479 -0.00091992291534641313 2.8932393152761926e-05
leaf_weight=2860 396 1245 1497 8234 6540 15218
leaf_count=2860 396 1245 1497 8234 6540 15218
internal_value=3.0841e-05 0.000869125 -0.00040652 -2.68704e-05 -0.00165321 0.00023616
internal_weight=35990 12339 23651 9479 8037 15614
internal_count=35990 12339 23651 9479 8037 15614
cat_boundaries=0 1 2
cat_threshold=51777176 438952140
is_linear=0
shrinkage=0.03


Tree=192
num_leaves=7
num_cat=3
split_feature=3 3 14 1 1 1
split_gain=14.1687 29.5204 25.8332 26.9866 25.4991 22.9257
threshold=3.5000000000000004 6.5000000000000009 -0.078181144969142288 0 1 2
decision_type=2 2 8 9 9 9
left_child=4 2 3 -2 -1 -3
right_child=1 5 -4 -5 -6 -7
leaf_value=-0.0012348581128176371 0.00075137586287795375 0.0006623278876684009 0.0011967329221540366 -0.001866678907787912 -2.3556318823049205e-05 -0.00037272536268481948
leaf_weight=2244 1381 3710 6538 998 6252 15029
leaf_count=2244 1381 3710 6538 998 6252 15029
internal_value=-1.24471e-05 0.000316737 0.0017375 -0.000939076 -0.00108391 -0.000359392
internal_weight=36152 27656 8917 2379 8496 18739
internal_count=36152 27656 8917 2379 8496 18739
cat_boundaries=0 1 2 3
cat_threshold=101208824 17340566 404293648
is_linear=0
shrinkage=0.03


Tree=193
num_leaves=7
num_cat=2
split_feature=11 12 1 1 11 2
split_gain=14.9493 14.4099 23.456 23.0024 18.6841 17.8578
threshold=-0.59288477880676804 0.16344403140761712 0 1 -0.19629357956382429 7.5000000000000009
decision_type=8 8 9 9 8 2
left_child=-1 3 -3 -2 5 -4
right_child=1 2 4 -5 -6 -7
leaf_value=0.0054734354753185523 0.00048770650085246846 -0.0025433619935483543 0.00011197917363457673 -0.00016583659272587185 -0.00052779738031800689 0.0046775174798744492
leaf_weight=271 10177 801 387 18762 5486 239
leaf_count=271 10177 801 387 18762 5486 239
internal_value=-2.90665e-06 -5.60623e-05 -0.00128652 0.000237906 -0.000646742 0.00425837
internal_weight=36123 35852 6913 28939 6112 626
internal_count=36123 35852 6913 28939 6112 626
cat_boundaries=0 1 2
cat_threshold=16974992 320868060
is_linear=0
shrinkage=0.03


Tree=194
num_leaves=7
num_cat=1
split_feature=3 3 14 12 0 2
split_gain=14.7998 30.836 26.1225 23.1109 16.6873 15.1651
threshold=3.5000000000000004 6.5000000000000009 -0.078181144969142288 -0.048833571304862648 0 1.5000000000000002
decision_type=2 2 8 8 1 2
left_child=4 2 -2 5 -1 -4
right_child=1 -3 3 -5 -6 -7
leaf_value=6.0036562926503059e-05 -0.00040875089491890432 -0.00015098105994404957 -0.00046145831885537899 0.00054118361522334784 -0.0010456477111753417 0.0033285179540208354
leaf_weight=4272 2405 18717 283 4067 4151 2144
leaf_count=4272 2405 18717 283 4067 4151 2144
internal_value=2.08102e-06 0.000337835 0.00179157 0.0027806 -0.00109865 0.00509679
internal_weight=36039 27616 8899 6494 8423 2427
internal_count=36039 27616 8899 6494 8423 2427
cat_boundaries=0 1
cat_threshold=2
is_linear=0
shrinkage=0.03


Tree=195
num_leaves=7
num_cat=3
split_feature=12 1 1 2 10 1
split_gain=14.8789 35.014 18.4622 17.7819 14.6463 20.468
threshold=-0.069641276813872097 0 1 2.5000000000000004 0.0593835151432014 2
decision_type=8 9 9 2 10 9
left_child=1 -1 4 -4 -2 -6
right_child=2 -3 3 -5 5 -7
leaf_value=0.0022096371021384786 0.00023631188341767916 7.4135462507846084e-06 0.00035106462701254036 -0.0010578886191049582 -0.0014030352462547366 0.00015839113190438777
leaf_weight=2520 12135 9835 1344 5858 2111 2413
leaf_count=2520 12135 9835 1344 5858 2111 2413
internal_value=-2.07085e-05 0.000824296 -0.00045826 -0.00172605 9.08818e-05 -0.00136575
internal_weight=36216 12355 23861 7202 16659 4524
internal_count=36216 12355 23861 7202 16659 4524
cat_boundaries=0 1 2 3
cat_threshold=51776664 439937228 134744200
is_linear=0
shrinkage=0.03


Tree=196
num_leaves=7
num_cat=2
split_feature=3 1 3 1 14 4
split_gain=17.364 20.9206 18.2457 27.1193 25.0811 48.6491
threshold=2.5000000000000004 0 9.5000000000000018 1 0.015541878261281601 7.5000000000000009
decision_type=2 9 2 9 8 2
left_child=1 -1 4 -4 -2 -6
right_child=2 -3 3 -5 5 -7
leaf_value=-0.0013725576889436965 -7.3696806115017451e-05 -2.0347601448822905e-05 0.00037094549779090238 -0.00097327824631519161 0.00023235495099180241 0.0025687239809480799
leaf_weight=2184 10330 3545 4353 5097 7581 3063
leaf_count=2184 10330 3545 4353 5097 7581 3063
internal_value=5.68402e-05 -0.00145812 0.000342153 -0.000752301 0.00083528 0.00185721
internal_weight=36153 5729 30424 9450 20974 10644
internal_count=36153 5729 30424 9450 20974 10644
cat_boundaries=0 1 2
cat_threshold=55162898 356329532
is_linear=0
shrinkage=0.03


Tree=197
num_leaves=7
num_cat=1
split_feature=4 14 4 14 0 13
split_gain=14.8071 44.0536 20.7647 40.7564 41.9975 37.2356
threshold=1.5000000000000002 -0.054345570193398834 7.5000000000000009 0.022737478497215222 0 0.0095019841283547676
decision_type=2 10 2 8 1 8
left_child=1 -1 -2 4 5 -4
right_child=2 -3 3 -5 -6 -7
leaf_value=-0.00050496941933468175 -0.0003572582269417531 0.0024945467272056276 0.00096934077283103307 0.0014084990794756937 -0.0012133703440976816 -0.00059958840599581571
leaf_weight=1625 17766 1415 3976 4726 4747 2006
leaf_count=1625 17766 1415 3976 4726 4747 2006
internal_value=2.85423e-05 0.00203223 -0.000154867 0.000649262 -0.000373253 0.00129868
internal_weight=36261 3040 33221 15455 10729 5982
internal_count=36261 3040 33221 15455 10729 5982
cat_boundaries=0 1
cat_threshold=2
is_linear=0
shrinkage=0.03


Tree=198
num_leaves=7
num_cat=1
split_feature=11 13 1 13 13 8
split_gain=13.7852 18.6705 18.3573 17.0917 20.5769 16.719
threshold=-0.037965440043315361 -0.054690558136629257 0 -0.13416095267810155 -0.1068798998878198 0.17664208112843308
decision_type=8 10 9 8 8 8
left_child=2 3 -1 -2 -5 -3
right_child=1 5 -4 4 -6 -7
leaf_value=-0.00039254532991585516 0.00052171658628585383 -0.00044862458156048033 0.00059353453616227273 -0.004891836930404749 -0.00068375492277443332 0.00030251138358881158
leaf_weight=3379 952 6613 8874 487 3714 12214
leaf_count=3379 952 6613 8874 487 3714 12214
internal_value=-4.55373e-06 -0.000422835 0.00081402 -0.0020227 -0.00284507 1.5137e-05
internal_weight=36233 23980 12253 5153 4201 18827
internal_count=36233 23980 12253 5153 4201 18827
cat_boundaries=0 1
cat_threshold=148145426
is_linear=0
shrinkage=0.03


Tree=199
num_leaves=7
num_cat=1
split_feature=6 8 14 11 2 0
split_gain=16.1325 18.0355 26.0654 36.5998 31.8484 28.9126
threshold=0.0038464341039139431 -0.032414588283804051 -0.13849821623747985 -0.1911238633951142 4.5000000000000009 0
decision_type=10 8 8 10 2 1
left_child=1 2 5 4 -4 -1
right_child=-2 -3 3 -5 -6 -7
leaf_value=0.00068643557400668463 -0.00028990859536639352 0.00052859613391662225 -0.00058421846826584652 -0.00046764799796610213 0.0026892668601527668 -0.0023271000258085401
leaf_weight=628 16107 11809 830 3415 1568 1832
leaf_count=628 16107 11809 830 3415 1568 1832
internal_value=2.27964e-05 0.000590051 -0.000484046 0.000611455 0.00345144 -0.00307192
internal_weight=36189 20082 8273 5813 2398 2460
internal_count=36189 20082 8273 5813 2398 2460
cat_boundaries=0 1
cat_threshold=2
is_linear=0
shrinkage=0.03


Tree=200
num_leaves=7
num_cat=0
split_feature=14 14 14 13 13 14
split_gain=14.9711 27.755 24.2186 23.9683 32.1206 20.7612
threshold=-0.32894240251914902 -0.32711361922184429 -0.3019931236561153 -0.1068798998878198 -0.12125964492891932 -0.28026674736464591
decision_type=8 8 8 8 10 8
left_child=-1 -2 -3 4 5 -4
right_child=1 2 3 -5 -6 -7
leaf_value=0.0026356425699980276 -0.0047635277257210415 0.0036884538454102916 -0.0040752978453908965 6.6060421912398818e-05 -0.0039034316762333685 0.00055215780141423137
leaf_weight=464 264 208 311 32846 794 1217
leaf_count=464 264 208 311 32846 794 1217
internal_value=6.64728e-06 -6.31295e-05 9.32809e-06 -5.11814e-05 -0.00299613 -0.000451275
internal_weight=36104 35640 35376 35168 2322 1528
internal_count=36104 35640 35376 35168 2322 1528
is_linear=0
shrinkage=0.03


Tree=201
num_leaves=7
num_cat=2
split_feature=3 3 1 8 1 10
split_gain=14.5545 14.4184 25.3937 16.4321 30.0163 23.9196
threshold=1.5000000000000002 9.5000000000000018 0 0.22314355131420929 1 0.50480608261292181
decision_type=2 2 9 8 9 8
left_child=-1 3 -3 4 5 -2
right_child=1 2 -4 -5 -6 -7
leaf_value=-0.0007069653791818626 -8.0440161300918066e-05 -0.0012846271556556689 8.3450520519857423e-05 0.00066804758361563928 0.00033302368996927047 -0.0017395425808514246
leaf_weight=3013 2619 2950 6511 10258 8848 1865
leaf_count=3013 2619 2950 6511 10258 8848 1865
internal_value=9.98198e-06 0.00019197 -0.0007974 0.000588784 -0.000105753 -0.00210234
internal_weight=36064 33051 9461 23590 13332 4484
internal_count=36064 33051 9461 23590 13332 4484
cat_boundaries=0 1 2
cat_threshold=146986624 414982230
is_linear=0
shrinkage=0.03


Tree=202
num_leaves=7
num_cat=3
split_feature=6 11 9 1 1 1
split_gain=14.1673 15.3344 17.9243 15.1784 14.5646 14.2269
threshold=-0.14310084364067285 -0.52389194261985883 0.048791414170994425 0 1 2
decision_type=10 8 8 9 9 9
left_child=1 -1 4 -4 -3 -2
right_child=5 2 3 -5 -6 -7
leaf_value=0.0042889105078984914 -0.00056431775958658704 -0.0014886895693670011 0.0013674739403085111 8.0977365493491369e-05 0.00029713301353198439 -5.3100042503537167e-06
leaf_weight=416 5270 1282 2997 3008 1811 21351
leaf_count=416 5270 1282 2997 3008 1811 21351
internal_value=-4.15099e-07 0.000993169 0.000735246 0.00169081 -0.00111991 -0.000355533
internal_weight=36135 9514 9098 6005 3093 26621
internal_count=36135 9514 9098 6005 3093 26621
cat_boundaries=0 1 2 3
cat_threshold=310644474 454631454 29766146
is_linear=0
shrinkage=0.03


Tree=203
num_leaves=7
num_cat=1
split_feature=11 1 2 4 4 14
split_gain=15.5905 27.5 18.6656 14.334 34.8056 47.6889
threshold=-0.36464654208861885 0 9.5000000000000018 3.5000000000000004 6.5000000000000009 0.21091601974081706
decision_type=8 9 2 2 2 10
left_child=1 2 -1 -2 5 -5
right_child=3 -3 -4 4 -6 -7
leaf_value=-0.00097168990880966422 0.00038313513792369975 0.0029451175571912052 0.003257528687746179 -0.0017983681952877968 0.00012314385055863682 0.00032878253923614099
leaf_weight=857 7993 923 281 5174 17492 3372
leaf_count=857 7993 923 281 5174 17492 3372
internal_value=3.49098e-05 0.0025679 -0.000574413 -0.000118565 -0.000459695 -0.00202878
internal_weight=36092 2061 1138 34031 26038 8546
internal_count=36092 2061 1138 34031 26038 8546
cat_boundaries=0 1
cat_threshold=223405234
is_linear=0
shrinkage=0.03


Tree=204
num_leaves=7
num_cat=2
split_feature=12 1 11 1 12 2
split_gain=15.3715 22.9698 19.5857 18.026 17.0014 16.061
threshold=0.13605256361529608 0 -0.1911238633951142 1 -0.071551567982921047 7.5000000000000009
decision_type=8 9 8 9 10 2
left_child=3 -2 5 4 -1 -3
right_child=1 2 -4 -5 -6 -7
leaf_value=0.002328095528942475 -0.0020454980138659572 9.7835974444843637e-05 -0.00037809024348210935 -4.2207707449239893e-05 0.00029601625362832545 0.0048339764250075407
leaf_weight=1736 1159 470 6494 20917 5048 287
leaf_count=1736 1159 470 6494 20917 5048 287
internal_value=-1.45381e-05 -0.0011378 -0.000506059 0.000326511 0.00166887 0.00405673
internal_weight=36111 8410 7251 27701 6784 757
internal_count=36111 8410 7251 27701 6784 757
cat_boundaries=0 1 2
cat_threshold=84350096 304090264
is_linear=0
shrinkage=0.03


Tree=205
num_leaves=7
num_cat=2
split_feature=11 1 14 3 3 1
split_gain=14.3186 26.8936 15.5525 12.8082 15.3741 28.6417
threshold=-0.36464654208861885 0 -0.083389202907485124 1.5000000000000002 9.5000000000000018 1
decision_type=8 9 8 2 2 9
left_child=1 -1 -3 -2 -5 -6
right_child=3 2 -4 4 5 -7
leaf_value=0.0033624056540222064 -0.00075181024204704463 -0.0011242161686092762 0.0017960559864735231 0.00019218715862273823 0.00037290731500946595 -0.00098163882830826265
leaf_weight=903 2883 666 506 22231 3493 5405
leaf_count=903 2883 666 506 22231 3493 5405
internal_value=1.62104e-05 0.00243497 -0.000583263 -0.00013142 4.57758e-05 -0.00100798
internal_weight=36087 2075 1172 34012 31129 8898
internal_count=36087 2075 1172 34012 31129 8898
cat_boundaries=0 1 2
cat_threshold=313203496 288892988
is_linear=0
shrinkage=0.03


Tree=206
num_leaves=7
num_cat=2
split_feature=14 12 1 1 9 2
split_gain=14.0266 14.9838 21.8133 18.6605 17.8868 21.2584
threshold=-0.43978542759699907 0.12385189391691577 0 1 0.59783700075562118 1.5000000000000002
decision_type=8 8 9 9 8 2
left_child=-1 3 -3 4 -2 -6
right_child=1 2 -4 -5 5 -7
leaf_value=0.0040656384374329231 0.00019628137556579133 -0.0016122201100434354 -0.00015981912631943149 -0.00013831682412437625 -0.0010465148918207725 0.0017857659482119991
leaf_weight=243 7705 1562 7498 16043 254 2807
leaf_count=243 7705 1562 7498 16043 254 2807
internal_value=2.4091e-05 -2.46724e-05 -0.00107935 0.000331779 0.00129721 0.00323808
internal_weight=36112 35869 9060 26809 10766 3061
internal_count=36112 35869 9060 26809 10766 3061
cat_boundaries=0 1 2
cat_threshold=84352144 321653980
is_linear=0
shrinkage=0.03


Tree=207
num_leaves=7
num_cat=2
split_feature=11 1 4 4 11 1
split_gain=13.6346 22.1027 12.6907 29.0796 22.8001 26.4077
threshold=-0.52389194261985883 0 7.5000000000000009 3.5000000000000004 0.25292598860556753 1
decision_type=8 9 2 2 8 9
left_child=1 -1 3 -2 -5 -6
right_child=2 -3 -4 4 5 -7
leaf_value=-0.0014029729311603135 0.00033526281611569343 0.0051516124517402796 0.00025223575991192512 -0.00021888379410237759 -3.1116648299368831e-05 -0.0025175250522930658
leaf_weight=218 8284 351 15268 8001 1487 2555
leaf_count=218 8284 351 15268 8001 1487 2555
internal_value=5.47491e-05 0.00465789 -1.89628e-05 -0.000509888 -0.00145093 -0.00328716
internal_weight=36164 569 35595 20327 12043 4042
internal_count=36164 569 35595 20327 12043 4042
cat_boundaries=0 1 2
cat_threshold=1097748 272518162
is_linear=0
shrinkage=0.03


Tree=208
num_leaves=7
num_cat=1
split_feature=7 11 14 0 14 4
split_gain=15.6125 17.5322 16.536 21.5501 30.4816 26.8714
threshold=0.21624216008045141 0.35696387005305313 0.015541878261281601 0 -0.32894240251914902 8.5000000000000018
decision_type=10 8 10 1 10 2
left_child=2 -2 3 -1 5 -5
right_child=1 -3 -4 4 -6 -7
leaf_value=0.00024700991901316778 -9.4688202333587858e-05 -0.0021249080202780609 0.00047624065841492952 -0.00060115156233038394 -0.00085812047017393026 0.0051526473528145751
leaf_weight=9701 3527 1992 11285 682 8396 597
leaf_count=9701 3527 1992 11285 682 8396 597
internal_value=1.4925e-05 -0.0014538 0.000279336 -0.000252361 -0.00125413 0.00305859
internal_weight=36180 5519 30661 19376 9675 1279
internal_count=36180 5519 30661 19376 9675 1279
cat_boundaries=0 1
cat_threshold=2
is_linear=0
shrinkage=0.03


Tree=209
num_leaves=7
num_cat=3
split_feature=12 1 6 1 0 10
split_gain=13.6134 29.6255 13.795 13.3294 18.7244 18.1747
threshold=-0.1288854007663511 0 -0.52686291898957538 1 2 0.34367971265471514
decision_type=8 9 10 9 1 8
left_child=1 2 -1 -2 -5 -6
right_child=3 -3 -4 4 5 -7
leaf_value=0.0024022270483518397 5.869622472071567e-05 0.0017474509322029563 -0.0003103681472244388 3.3261572298983104e-06 9.8678883061671197e-05 -0.0021184683616834459
leaf_weight=591 18167 2743 5010 5105 1412 3074
leaf_count=591 18167 2743 5010 5105 1412 3074
internal_value=-9.14051e-06 0.00105333 -0.000200463 -0.000328542 -0.00123256 -0.00264765
internal_weight=36102 8344 5601 27758 9591 4486
internal_count=36102 8344 5601 27758 9591 4486
cat_boundaries=0 1 2 3
cat_threshold=214036806 437905740 2
is_linear=0
shrinkage=0.03


Tree=210
num_leaves=7
num_cat=1
split_feature=6 8 1 11 11 8
split_gain=13.9874 18.0098 29.8716 19.8667 14.5908 18.2059
threshold=0.0038464341039139431 0.17327084180777733 0 -0.36464654208861885 0.37563915921275687 0.56317816450005831
decision_type=10 8 9 10 8 10
left_child=1 2 3 -1 5 -2
right_child=4 -3 -4 -5 -6 -7
leaf_value=0.0011253709183895913 -0.0001624537735551073 0.00073435611728853102 0.00034202302233476257 -0.001090394755028251 -0.0013967600355423231 0.002454300952180292
leaf_weight=753 12930 8046 7351 3997 2777 396
leaf_count=753 12930 8046 7351 3997 2777 396
internal_value=3.9723e-05 0.000566557 -0.000164849 -0.00201638 -0.000619411 -0.000207098
internal_weight=36250 20147 12101 4750 16103 13326
internal_count=36250 20147 12101 4750 16103 13326
cat_boundaries=0 1
cat_threshold=414156562
is_linear=0
shrinkage=0.03


Tree=211
num_leaves=7
num_cat=2
split_feature=7 13 1 13 1 5
split_gain=13.8748 19.6729 24.356 16.5635 15.7605 14.2363
threshold=-0.31871340393662789 0.0095019841283547676 0 -0.21455634343429245 1 -0.10909478783669833
decision_type=10 10 9 8 9 10
left_child=1 3 -3 -1 -2 -5
right_child=4 2 -4 5 -6 -7
leaf_value=0.0048818842263823803 -0.00048644283446464567 0.0032286830910923429 0.00026253893513650137 0.00063808763926561968 7.1648000668080787e-05 -0.0011252087872504531
leaf_weight=113 6403 1281 1439 1997 23454 1462
leaf_count=113 6403 1281 1439 1997 23454 1462
internal_value=0.000116598 0.00139679 0.00331863 -6.71704e-05 -0.000153225 -0.000437861
internal_weight=36149 6292 2720 3572 29857 3459
internal_count=36149 6292 2720 3572 29857 3459
cat_boundaries=0 1 2
cat_threshold=279366098 14069762
is_linear=0
shrinkage=0.03


Tree=212
num_leaves=7
num_cat=3
split_feature=12 1 1 7 11 1
split_gain=14.1676 27.2675 16.8146 14.718 13.2691 38.2294
threshold=-0.066346904866767073 0 1 -0.59233502603570398 0.37563915921275687 2
decision_type=8 9 9 10 8 9
left_child=1 -1 4 -3 -2 -6
right_child=2 3 -4 -5 5 -7
leaf_value=0.0019082502143101358 0.00017619527138960095 0.0017446399049111212 -0.00056107141799443584 -0.00014523522803867192 -0.0031114730187242682 0.00094927901919186189
leaf_weight=2453 13159 1303 8050 8711 1199 1204
leaf_count=2453 13159 1303 8050 8711 1199 1204
internal_value=-2.28659e-05 0.000795236 -0.000454834 9.87531e-05 0.000121364 -0.00192804
internal_weight=36079 12467 23612 10014 15562 2403
internal_count=36079 12467 23612 10014 15562 2403
cat_boundaries=0 1 2 3
cat_threshold=52825240 507111496 100679688
is_linear=0
shrinkage=0.03


Tree=213
num_leaves=7
num_cat=1
split_feature=11 14 14 0 13 13
split_gain=15.0287 22.0359 23.1178 35.9502 26.5101 19.8138
threshold=-0.047984122943401701 -0.32894240251914902 -0.17016452810223601 0 -0.050976832610914839 -0.18740389308483837
decision_type=8 10 10 1 10 8
left_child=1 -1 3 -3 5 -5
right_child=-2 2 -4 4 -6 -7
leaf_value=0.0027889120872421971 -0.00017339134351316662 0.0012599436304204642 0.00048430350588100576 -0.0055640628216825829 -0.0038006231054177448 0.0010511218644916626
leaf_weight=1056 24402 657 8453 159 874 503
leaf_count=1056 24402 657 8453 159 874 503
internal_value=-1.99418e-05 0.000863881 0.000453649 -0.00229034 -0.00480156 -0.000271493
internal_weight=36104 11702 10646 2193 1536 662
internal_count=36104 11702 10646 2193 1536 662
cat_boundaries=0 1
cat_threshold=2
is_linear=0
shrinkage=0.03


Tree=214
num_leaves=7
num_cat=2
split_feature=3 3 1 1 11 10
split_gain=15.1924 32.1666 24.8796 23.7548 18.9364 18.5826
threshold=3.5000000000000004 6.5000000000000009 0 1 0.35226370503586996 0.074344868368475328
decision_type=2 2 9 9 8 10
left_child=2 3 -1 -2 -4 -3
right_child=1 5 4 -5 -6 -7
leaf_value=-0.00109750622465859 -5.6491741430017247e-05 4.3660810168770076e-05 0.00026665669182245798 0.0012814246407708775 -0.0017655197986097316 -0.00092774617649013904
leaf_weight=2819 3366 14987 4775 5514 864 3731
leaf_count=2819 3366 14987 4775 5514 864 3731
internal_value=1.99684e-05 0.000360883 -0.00109233 0.00184776 6.10619e-05 -0.00034457
internal_weight=36056 27598 8458 8880 5639 18718
internal_count=36056 27598 8458 8880 5639 18718
cat_boundaries=0 1 2
cat_threshold=84458646 423441442
is_linear=0
shrinkage=0.03


Tree=215
num_leaves=7
num_cat=0
split_feature=4 4 13 13 13 4
split_gain=15.3673 30.2861 22.2949 43.646 25.1415 22.952
threshold=7.5000000000000009 3.5000000000000004 0.091143940607181229 0.044314285284968176 0.027428149956945817 5.5000000000000009
decision_type=2 2 10 10 10 2
left_child=1 -1 3 4 5 -3
right_child=-2 2 -4 -5 -6 -7
leaf_value=0.00032917505242652327 0.00027624918928322056 -0.0020006340870638026 0.00040238566484490553 -0.0031967198009490859 0.00090141585024235604 -0.00029106966325422311
leaf_weight=8600 15420 2281 2794 1375 910 4745
leaf_count=8600 15420 2281 2794 1375 910 4745
internal_value=2.03455e-05 -0.000513619 -0.00148067 -0.00218589 -0.00133048 -0.00193824
internal_weight=36125 20705 12105 9311 7936 7026
internal_count=36125 20705 12105 9311 7936 7026
is_linear=0
shrinkage=0.03


Tree=216
num_leaves=7
num_cat=2
split_feature=12 1 1 3 10 3
split_gain=13.3763 28.1636 16.199 18.9599 13.9917 18.5334
threshold=-0.13067182940312347 0 1 8.5000000000000018 0.016160130256754449 3.5000000000000004
decision_type=8 9 9 2 10 2
left_child=1 -1 3 -2 5 -4
right_child=2 -3 4 -5 -6 -7
leaf_value=-4.3762827874015278e-05 -0.00021384314912146221 0.0020041961985496669 -0.00041471267015675916 -0.0015906194363097858 -0.0004734427880759795 0.00040831760725304098
leaf_weight=5738 2956 2482 4163 1641 6828 12296
leaf_count=5738 2956 2482 4163 1641 6828 12296
internal_value=-3.07437e-05 0.00103272 -0.000344271 -0.0019694 -2.25341e-05 0.000451094
internal_weight=36104 8220 27884 4597 23287 16459
internal_count=36104 8220 27884 4597 23287 16459
cat_boundaries=0 1 2
cat_threshold=143258438 80090626
is_linear=0
shrinkage=0.03


Tree=217
num_leaves=7
num_cat=0
split_feature=11 14 14 14 13 13
split_gain=12.3215 10.8732 21.3822 26.2386 23.676 26.3496
threshold=-0.59288477880676804 -0.32894240251914902 -0.32711361922184429 -0.3019931236561153 -0.1068798998878198 -0.12125964492891932
decision_type=8 8 8 8 8 10
left_child=-1 -2 -3 -4 5 -5
right_child=1 2 3 4 -6 -7
leaf_value=0.0041988833755939366 0.0022941656609437667 -0.0045252285196818696 0.0035995801861467263 -0.00035121978772900534 4.5067489632504545e-05 -0.0035032668711369131
leaf_weight=287 462 255 213 1553 32751 773
leaf_count=287 462 255 213 1553 32751 773
internal_value=1.73578e-05 -3.20762e-05 -9.15715e-05 -2.89026e-05 -9.27932e-05 -0.00301676
internal_weight=36294 36007 35545 35290 35077 2326
internal_count=36294 36007 35545 35290 35077 2326
is_linear=0
shrinkage=0.03


Tree=218
num_leaves=7
num_cat=2
split_feature=12 3 1 3 1 11
split_gain=12.2136 12.4147 23.5446 23.3449 24.9572 17.1659
threshold=-0.38920971102888074 3.5000000000000004 0 6.5000000000000009 1 0.33983130188956739
decision_type=8 2 9 2 9 8
left_child=-1 2 -2 4 -3 -4
right_child=1 3 5 -5 -6 -7
leaf_value=0.0020896665157308135 -0.0011826229266763059 0.0011950137728671216 0.00025177332675494738 -0.00014625781922889751 -0.00018765594504065132 -0.001450782165727138
leaf_weight=750 2690 5205 4655 18368 3544 882
leaf_count=750 2690 5205 4655 18368 3544 882
internal_value=9.14254e-06 -7.12972e-05 -0.001092 0.000238403 0.00151371 2.97404e-05
internal_weight=36094 35344 8227 27117 8749 5537
internal_count=36094 35344 8227 27117 8749 5537
cat_boundaries=0 1 2
cat_threshold=84523158 113303000
is_linear=0
shrinkage=0.03


Tree=219
num_leaves=7
num_cat=0
split_feature=13 4 13 13 7 10
split_gain=12.2032 20.2263 24.5892 27.8923 26.2964 21.3678
threshold=0.027428149956945817 7.5000000000000009 -0.12125964492891932 -0.1087002213908326 0.40559012373576891 0.06202693580208863
decision_type=10 2 8 8 8 8
left_child=1 2 -1 -4 -5 -3
right_child=-2 5 3 4 -6 -7
leaf_value=0.0011262313391459397 0.00027999973886595433 0.00090174428235899903 -0.0051017250756437921 -0.00033555840645889732 -0.0030158427761452248 -0.00015762806439485966
leaf_weight=1079 12940 3125 446 9265 998 8321
leaf_count=1079 12940 3125 446 9265 998 8321
internal_value=-7.29786e-05 -0.000484183 -0.00135635 -0.00179132 -0.00147165 0.000414082
internal_weight=36174 23234 11788 10709 10263 11446
internal_count=36174 23234 11788 10709 10263 11446
is_linear=0
shrinkage=0.03


Tree=220
num_leaves=7
num_cat=0
split_feature=11 4 4 14 14 14
split_gain=13.4833 11.047 33.7017 37.0375 33.9542 28.7734
threshold=-0.59288477880676804 3.5000000000000004 6.5000000000000009 0.21091601974081706 -0.13542756738202963 -0.040896917622203481
decision_type=8 2 2 10 8 8
left_child=-1 -2 3 4 -3 -4
right_child=1 2 5 -5 -6 -7
leaf_value=0.0046880651844586436 0.00031884761117730417 0.0062422466167489392 -0.00033548923457020995 0.00029725345148854006 -0.0015975503226540835 0.00059948598203677229
leaf_weight=275 8549 128 8740 3420 5531 9594
leaf_count=275 8549 128 8740 3420 5531 9594
internal_value=-2.9389e-05 -8.00823e-05 -0.000373714 -0.00186839 -0.00335777 0.000366512
internal_weight=36237 35962 27413 9079 5659 18334
internal_count=36237 35962 27413 9079 5659 18334
is_linear=0
shrinkage=0.03


Tree=221
num_leaves=7
num_cat=1
split_feature=11 2 7 3 0 13
split_gain=13.1828 34.5355 19.907 13.504 24.7631 48.2724
threshold=-0.33217278236961473 8.5000000000000018 -0.54228928524805953 10.500000000000002 0 -0.0054397113987459562
decision_type=8 2 10 2 1 8
left_child=1 2 -1 4 -2 -6
right_child=3 -3 -4 -5 5 -7
leaf_value=0.0040597226604027759 0.00031979802361300298 0.0034402723493009357 -0.00070272150268998221 -0.00054962567806173923 -0.0016038958734588 0.00028958161317783578
leaf_weight=333 14806 867 1424 5826 4781 8154
leaf_count=333 14806 867 1424 5826 4781 8154
internal_value=2.11373e-05 0.00206857 -0.000349829 -0.000138972 0.000136796 -0.000822124
internal_weight=36191 2624 1757 33567 27741 12935
internal_count=36191 2624 1757 33567 27741 12935
cat_boundaries=0 1
cat_threshold=2
is_linear=0
shrinkage=0.03


Tree=222
num_leaves=7
num_cat=1
split_feature=11 2 14 14 0 11
split_gain=12.3134 27.5313 25.6643 19.2194 21.7806 18.8961
threshold=-0.052801332949107486 7.5000000000000009 -0.3458105013562251 -0.21807365200246628 0 -0.21701590015594882
decision_type=8 2 10 10 1 10
left_child=1 -1 -3 4 -4 -5
right_child=-2 2 3 5 -6 -7
leaf_value=-0.00014539413714262497 -0.000159258598527017 0.0055909984143063468 0.0034198376134849085 0.0023821028366700836 -0.0062752501421887699 0.00026012599858735993
leaf_weight=6927 24559 402 113 1660 283 2097
leaf_count=6927 24559 402 113 1660 283 2097
internal_value=-2.45547e-05 0.00078638 0.00259767 0.00189576 -0.00438287 0.00255854
internal_weight=36041 11482 4555 4153 396 3757
internal_count=36041 11482 4555 4153 396 3757
cat_boundaries=0 1
cat_threshold=2
is_linear=0
shrinkage=0.03


Tree=223
num_leaves=7
num_cat=1
split_feature=6 8 1 11 2 11
split_gain=13.3364 20.2279 21.8491 34.5574 15.1081 13.5201
threshold=0.0038464341039139431 -0.028975874929672237 0 -0.32596505613497312 8.5000000000000018 0.027713301393427873
decision_type=10 8 9 8 2 8
left_child=1 2 3 4 -1 -3
right_child=-2 5 -4 -5 -6 -7
leaf_value=-9.009495017901769e-06 -0.00023086933574662888 0.00091220065978096191 0.00034758451175931706 -0.0015394367370100985 0.003521438920668649 0.00024500481393258973
leaf_weight=776 16192 4164 4110 2991 379 7587
leaf_count=776 16192 4164 4110 2991 379 7587
internal_value=7.5e-05 0.000593013 -0.000544992 -0.00207842 0.00232266 0.00139253
internal_weight=36199 20007 8256 4146 1155 11751
internal_count=36199 20007 8256 4146 1155 11751
cat_boundaries=0 1
cat_threshold=412067098
is_linear=0
shrinkage=0.03


Tree=224
num_leaves=7
num_cat=1
split_feature=6 13 7 1 14 14
split_gain=11.1746 14.3473 20.6107 23.0642 20.6006 18.1789
threshold=0.29980581741903972 0.027428149956945817 0.36372773570772449 0 0.1274798667383473 0.04680505282316836
decision_type=10 10 8 9 10 10
left_child=1 4 -3 -4 5 -1
right_child=-2 2 3 -5 -6 -7
leaf_value=-0.00010829913356840325 -0.0011393255712439613 0.00013043166206546926 0.0032638360339555797 0.00040938112151746363 -0.0015445631891567568 0.0010301590419507357
leaf_weight=18500 2104 9088 1033 1311 1952 2137
leaf_count=18500 2104 9088 1033 1311 1952 2137
internal_value=2.61584e-05 0.000157398 0.00102335 0.00353092 -0.000280876 -2.18044e-06
internal_weight=36125 34021 11432 2344 22589 20637
internal_count=36125 34021 11432 2344 22589 20637
cat_boundaries=0 1
cat_threshold=280382802
is_linear=0
shrinkage=0.03


Tree=225
num_leaves=7
num_cat=2
split_feature=12 1 1 10 3 11
split_gain=11.4747 29.2874 17.4726 16.1092 21.8148 19.0159
threshold=-0.069641276813872097 0 1 0.016160130256754449 4.5000000000000009 -0.22399416544200698
decision_type=8 9 9 10 2 8
left_child=1 -1 -2 4 -4 -5
right_child=2 -3 3 5 -6 -7
leaf_value=0.0017216028346126214 -0.00066393020277856593 -1.3916540092786533e-05 -0.00037677504195815829 0.0017128859685658605 0.00057337524024317734 -0.00073076727456994827
leaf_weight=2544 5810 9873 4165 552 8374 4857
leaf_count=2544 5810 9873 4165 552 8374 4857
internal_value=-2.03173e-05 0.000718715 -0.000406583 5.6796e-05 0.000647129 -0.00131146
internal_weight=36175 12417 23758 17948 12539 5409
internal_count=36175 12417 23758 17948 12539 5409
cat_boundaries=0 1 2
cat_threshold=51776664 29759266
is_linear=0
shrinkage=0.03


Tree=226
num_leaves=7
num_cat=3
split_feature=11 1 12 1 0 10
split_gain=11.775 16.0826 14.6361 15.1573 14.2941 20.6839
threshold=-0.052801332949107486 0 0.2755115968163398 1 2 0.27212415540215057
decision_type=8 9 8 9 1 8
left_child=1 -1 3 4 -2 -6
right_child=2 -3 -4 -5 5 -7
leaf_value=-0.00059458177653387394 -6.9247197513840376e-05 0.00054725736571216985 -0.0011554863677793845 0.00012799485664559819 0.00010381699496813209 -0.0040797064458210196
leaf_weight=2497 2657 8997 2645 17364 781 1212
leaf_count=2497 2657 8997 2645 17364 781 1212
internal_value=4.14892e-07 0.000793388 -0.000369221 -0.00011583 -0.00163484 -0.00355817
internal_weight=36153 11494 24659 22014 4650 1993
internal_count=36153 11494 24659 22014 4650 1993
cat_boundaries=0 1 2 3
cat_threshold=144081938 88158242 2
is_linear=0
shrinkage=0.03


Tree=227
num_leaves=7
num_cat=2
split_feature=13 13 13 12 1 1
split_gain=12.2242 18.1065 23.4477 12.6451 25.5115 15.1684
threshold=0.42020497906229864 0.20685705339738433 0.19908071551484952 -0.12706952755095544 0 1
decision_type=10 10 10 8 9 9
left_child=1 2 3 4 -1 -5
right_child=-2 -3 -4 5 -6 -7
leaf_value=-0.00013855450430544846 0.0037032822286563595 -0.0041807472664930935 0.0042697460042391173 -0.00060762534895199662 0.001408893812994208 -1.8254674412647857e-05
leaf_weight=5250 109 279 231 4761 3156 22423
leaf_count=5250 109 279 231 4761 3156 22423
internal_value=-3.10688e-05 -6.14941e-05 -2.09369e-06 -6.40611e-05 0.000952777 -0.000378518
internal_weight=36209 36100 35821 35590 8406 27184
internal_count=36209 36100 35821 35590 8406 27184
cat_boundaries=0 1 2
cat_threshold=143257862 96605702
is_linear=0
shrinkage=0.03


Tree=228
num_leaves=7
num_cat=2
split_feature=3 1 3 1 8 14
split_gain=10.9536 23.1167 20.3106 24.2307 24.071 26.9227
threshold=9.5000000000000018 0 3.5000000000000004 1 0.16514273228372026 -0.13778715735331173
decision_type=2 9 2 9 8 8
left_child=2 -2 3 -1 5 -4
right_child=1 -3 4 -5 -6 -7
leaf_value=-0.0011056058775085053 0.0001888682886798991 -0.00098836080771763364 -0.0014631730870007414 3.5946755184611512e-05 0.00089661934866846072 0.00033420516027085091
leaf_weight=2420 5153 4299 2170 6082 8740 7235
leaf_count=2420 5153 4299 2170 6082 8740 7235
internal_value=2.36842e-05 -0.000853697 0.000334922 -0.000874985 0.000901852 -0.000151499
internal_weight=36099 9452 26647 8502 18145 9405
internal_count=36099 9452 26647 8502 18145 9405
cat_boundaries=0 1 2
cat_threshold=389556348 84457618
is_linear=0
shrinkage=0.03


Tree=229
num_leaves=7
num_cat=1
split_feature=11 2 1 4 14 4
split_gain=11.8063 25.016 19.9099 12.9222 22.9932 19.7447
threshold=-0.36464654208861885 7.5000000000000009 0 2.5000000000000004 -0.1724174446753455 6.5000000000000009
decision_type=8 2 9 2 10 2
left_child=1 2 -1 4 -2 -5
right_child=3 -3 -4 5 -6 -7
leaf_value=-0.0017021473226532349 -0.0020290471578923172 0.0030514846728369014 0.0013269413938484271 -0.00062312856392274989 0.00068066478528601979 8.7743179251733509e-05
leaf_weight=673 643 861 529 11253 4687 17515
leaf_count=673 643 861 529 11253 4687 17515
internal_value=-3.02804e-05 0.00217297 -0.000623441 -0.000163641 0.00119302 -0.00041503
internal_weight=36161 2063 1202 34098 5330 28768
internal_count=36161 2063 1202 34098 5330 28768
cat_boundaries=0 1
cat_threshold=142131382
is_linear=0
shrinkage=0.03


Tree=230
num_leaves=7
num_cat=2
split_feature=6 8 1 11 2 1
split_gain=10.9486 14.0016 25.9755 15.7584 24.4252 18.2383
threshold=0.33129954448260929 0.5006983707521192 0 0.25292598860556753 4.5000000000000009 1
decision_type=10 10 9 10 2 9
left_child=1 3 -3 -1 -5 -6
right_child=-2 2 -4 4 5 -7
leaf_value=5.1193743984954321e-05 -0.0012682912096748668 0.0026136017621245554 -5.9502752382146576e-05 0.00068203468189030484 0.00033775622057273823 -0.0026073277810771977
leaf_weight=29527 1695 761 1220 1114 566 1474
leaf_count=29527 1695 761 1220 1114 566 1474
internal_value=-4.33192e-05 7.18345e-05 0.00252018 -7.66477e-05 -0.00209192 -0.00404214
internal_weight=36357 34662 1981 32681 3154 2040
internal_count=36357 34662 1981 32681 3154 2040
cat_boundaries=0 1 2
cat_threshold=34144596 148562
is_linear=0
shrinkage=0.03


Tree=231
num_leaves=7
num_cat=2
split_feature=3 3 1 1 11 12
split_gain=11.6852 24.7808 24.6097 20.0621 18.8036 17.4158
threshold=3.5000000000000004 6.5000000000000009 0 1 0.2706063875813301 -0.042009019968745058
decision_type=2 2 9 9 8 8
left_child=3 2 5 -1 -5 -2
right_child=1 -3 -4 4 -6 -7
leaf_value=-0.0011054892200647224 0.0029541110722241092 -0.00012319967075411907 -6.5656814143399137e-05 0.00022063765652862623 -0.0014248414860865385 0.00069427310067253902
leaf_weight=2135 1697 18766 4117 4972 1311 3120
leaf_count=2135 1697 18766 4117 4972 1311 3120
internal_value=-3.32235e-05 0.00026425 0.00156463 -0.001012 -0.000154909 0.00301678
internal_weight=36118 27700 8934 8418 6283 4817
internal_count=36118 27700 8934 8418 6283 4817
cat_boundaries=0 1 2
cat_threshold=247515356 17348630
is_linear=0
shrinkage=0.03


Tree=232
num_leaves=7
num_cat=2
split_feature=11 13 4 0 13 1
split_gain=12.3144 10.8721 19.8862 25.4536 84.1782 35.2859
threshold=-0.59288477880676804 0.027428149956945817 6.5000000000000009 0 0.0054353557305519924 1
decision_type=8 10 2 1 8 9
left_child=-1 2 -2 -4 5 -5
right_child=1 -3 3 4 -6 -7
leaf_value=0.0039582706568535497 -0.00057273008642162477 0.00027660405765100274 0.00048061599403050937 -0.0036704753473350265 0.0017475254190247441 -0.00066315115024928291
leaf_weight=284 8984 12866 7164 1483 1973 3400
leaf_count=284 8984 12866 7164 1483 1973 3400
internal_value=-8.29761e-07 -5.01798e-05 -0.000440774 0.000265316 -0.00104127 -0.00315418
internal_weight=36154 35870 23004 14020 6856 4883
internal_count=36154 35870 23004 14020 6856 4883
cat_boundaries=0 1 2
cat_threshold=2 475464854
is_linear=0
shrinkage=0.03


Tree=233
num_leaves=7
num_cat=1
split_feature=6 1 13 4 10 7
split_gain=11.4102 13.7711 11.0523 18.7808 21.8628 20.0339
threshold=0.33129954448260929 0 0.027428149956945817 7.5000000000000009 0.06202693580208863 -0.089524984020488571
decision_type=10 9 10 2 8 8
left_child=2 -2 3 5 -5 -1
right_child=1 -3 -4 4 -6 -7
leaf_value=0.00030382554382007618 -0.0023556404959367647 0.00023759887437305589 0.00039978391059054206 0.00092601697211686605 -6.0997286404728329e-05 -0.00079127072205875573
leaf_weight=3604 868 814 11711 3127 8152 7963
leaf_count=3604 868 814 11711 3127 8152 7963
internal_value=5.91887e-05 -0.00235294 0.00017666 -0.000207467 0.000663564 -0.00105679
internal_weight=36239 1682 34557 22846 11279 11567
internal_count=36239 1682 34557 22846 11279 11567
cat_boundaries=0 1
cat_threshold=43105096
is_linear=0
shrinkage=0.03


Tree=234
num_leaves=7
num_cat=0
split_feature=12 4 4 13 13 13
split_gain=12.3248 11.9333 23.2293 21.9547 39.8011 38.6874
threshold=-0.47023045332255936 2.5000000000000004 6.5000000000000009 0.075715587391772712 0.0559055589375912 0.05345444673130214
decision_type=8 2 2 10 10 10
left_child=-1 -2 3 4 5 -3
right_child=1 2 -4 -5 -6 -7
leaf_value=0.0035628415298366088 0.00044104128828189129 -0.00071850221543173049 0.00013583153315512421 0.00035899297061919893 -0.004075919326703756 0.0088972815746757982
leaf_weight=299 5730 7374 18284 3400 881 189
leaf_count=299 5730 7374 18284 3400 881 189
internal_value=-5.393e-06 -5.60529e-05 -0.000294733 -0.00132967 -0.0021492 -0.00144566
internal_weight=36157 35858 30128 11844 8444 7563
internal_count=36157 35858 30128 11844 8444 7563
is_linear=0
shrinkage=0.03


Tree=235
num_leaves=7
num_cat=3
split_feature=12 1 1 2 2 1
split_gain=11.703 24.2376 15.2532 15.9013 13.8344 16.7092
threshold=-0.069641276813872097 0 1 2.5000000000000004 1.5000000000000002 2
decision_type=8 9 9 2 2 9
left_child=1 -1 3 -2 -3 -6
right_child=2 4 -4 -5 5 -7
leaf_value=-0.00061151960627779342 0.00039240920589589216 -0.00060725559605005622 1.4330181261517863e-05 -0.0008974766912252098 0.0022913597087223223 0.00070091655846644919
leaf_weight=2683 1252 906 16927 5497 1187 7563
leaf_count=2683 1252 906 16927 5497 1187 7563
internal_value=-4.03987e-05 0.000708671 -0.000430798 -0.00163536 0.00140892 0.0017758
internal_weight=36015 12339 23676 6749 9656 8750
internal_count=36015 12339 23676 6749 9656 8750
cat_boundaries=0 1 2 3
cat_threshold=201371650 29761330 265240
is_linear=0
shrinkage=0.03


Tree=236
num_leaves=7
num_cat=0
split_feature=14 14 14 13 13 14
split_gain=13.928 21.0286 21.7847 17.8069 27.1418 18.9913
threshold=-0.32894240251914902 -0.32711361922184429 -0.3019931236561153 -0.1068798998878198 -0.12125964492891932 -0.28026674736464591
decision_type=8 8 8 8 10 8
left_child=-1 -2 -3 4 5 -4
right_child=1 2 3 -5 -6 -7
leaf_value=0.0023644553192692362 -0.0042425810528692537 0.0033158585905504905 -0.0036077989029844469 5.6258603903270309e-05 -0.003271176771253654 0.0006035643352700588
leaf_weight=465 252 221 302 32868 771 1254
leaf_count=465 252 221 302 32868 771 1254
internal_value=2.94736e-05 -3.7848e-05 2.37174e-05 -3.53733e-05 -0.00257088 -0.000289017
internal_weight=36133 35668 35416 35195 2327 1556
internal_count=36133 35668 35416 35195 2327 1556
is_linear=0
shrinkage=0.03


Tree=237
num_leaves=7
num_cat=1
split_feature=11 2 8 14 1 2
split_gain=11.7003 26.1381 21.9222 21.5532 25.1411 19.0191
threshold=-0.047984122943401701 7.5000000000000009 -0.2611892947520133 -0.036615603849319271 0 6.5000000000000009
decision_type=8 2 8 8 9 2
left_child=1 2 -1 4 -3 -2
right_child=5 3 -4 -5 -6 -7
leaf_value=-0.00086281281922721343 0.00011959700460475148 -0.0015626319391417425 0.00032549146942523752 0.0024108498757669039 0.0015305476428386958 -0.00058607436388336486
leaf_weight=2958 12842 870 4105 2062 1740 11523
leaf_count=2958 12842 870 4105 2062 1740 11523
internal_value=-4.07191e-05 0.000737474 -0.000414071 0.00247807 0.000666411 -0.000415538
internal_weight=36100 11735 7063 4672 2610 24365
internal_count=36100 11735 7063 4672 2610 24365
cat_boundaries=0 1
cat_threshold=233997462
is_linear=0
shrinkage=0.03


Tree=238
num_leaves=7
num_cat=2
split_feature=10 1 4 4 11 1
split_gain=10.0117 15.0441 11.3883 21.0215 18.4882 23.1341
threshold=0.42380251643348205 0 7.5000000000000009 3.5000000000000004 0.24263350017644084 1
decision_type=10 9 2 2 8 9
left_child=2 -2 3 -1 -5 -6
right_child=1 -3 -4 4 5 -7
leaf_value=0.00033131054545509203 0.0025118758045884473 -0.0014139336532289814 0.0002965432297643006 -9.5806938258459205e-05 -0.00013729393102995138 -0.0023160411481689524
leaf_weight=8088 118 1539 14403 7689 1828 2258
leaf_count=8088 118 1539 14403 7689 1828 2258
internal_value=4.21724e-05 -0.00223462 0.000152333 -0.000313381 -0.0011222 -0.00275263
internal_weight=35923 1657 34266 19863 11775 4086
internal_count=35923 1657 34266 19863 11775 4086
cat_boundaries=0 1 2
cat_threshold=272629830 272518194
is_linear=0
shrinkage=0.03


Tree=239
num_leaves=7
num_cat=2
split_feature=9 1 1 2 2 11
split_gain=12.0283 22.6027 20.5397 21.9371 17.6013 17.4139
threshold=-0.27308611486446516 0 1 6.5000000000000009 2.5000000000000004 0.5149966840602983
decision_type=10 9 9 2 2 10
left_child=1 4 3 -2 -1 -4
right_child=2 -3 5 -5 -6 -7
leaf_value=-0.00065084794818069506 -6.1091621237695579e-05 -0.00024002716969598659 0.00014956792242390652 -0.0014971267040605949 0.0012050694913814735 -0.0037470254190714847
leaf_weight=994 4538 7025 13796 3572 5878 422
leaf_count=994 4538 7025 13796 3572 5878 422
internal_value=-5.38287e-06 0.000687509 -0.000436652 -0.00164019 0.00190905 0.000250896
internal_weight=36225 13897 22328 8110 6872 14218
internal_count=36225 13897 22328 8110 6872 14218
cat_boundaries=0 1 2
cat_threshold=405694930 414130498
is_linear=0
shrinkage=0.03


Tree=240
num_leaves=7
num_cat=1
split_feature=9 1 4 14 13 14
split_gain=13.5784 22.6157 11.0449 32.4826 28.2742 28.2405
threshold=-0.46721160632216246 0 7.5000000000000009 0.015541878261281601 0.10136324727194838 0.38889227436015961
decision_type=8 9 2 8 10 8
left_child=1 -1 5 -4 -5 -2
right_child=2 -3 3 4 -6 -7
leaf_value=-0.00042576442841324138 -0.00010590418669931514 0.0027508603644230997 -0.00020813315377416874 0.0012571813615370928 -0.0040831753209062821 -0.0021880781414722814
leaf_weight=635 17932 681 9871 5009 170 1803
leaf_count=635 17932 681 9871 5009 170 1803
internal_value=-7.43726e-05 0.00291572 -0.000187575 0.000424557 0.00234846 -0.000654388
internal_weight=36101 1316 34785 15050 5179 19735
internal_count=36101 1316 34785 15050 5179 19735
cat_boundaries=0 1
cat_threshold=59815544
is_linear=0
shrinkage=0.03


Tree=241
num_leaves=7
num_cat=2
split_feature=11 14 14 10 1 1
split_gain=11.6614 25.6723 21.6301 15.3362 25.9072 14.753
threshold=-0.21701590015594882 -0.32894240251914902 -0.17016452810223601 0.13337511820537265 0 1
decision_type=8 10 10 10 9 9
left_child=1 -1 -3 -2 -5 -4
right_child=3 2 5 4 -6 -7
leaf_value=0.0044438812746008726 2.9801628569776915e-05 -0.0012574958067888731 0.0018392845052322361 -0.0019621436406439727 -7.5652256543395319e-05 0.0002285062442978844
leaf_weight=481 26068 1090 1114 1600 3520 2263
leaf_count=481 26068 1090 1114 1600 3520 2263
internal_value=4.98104e-06 0.00135785 0.000647941 -0.000209689 -0.0017106 0.00183393
internal_weight=36136 4948 4467 31188 5120 3377
internal_count=36136 4948 4467 31188 5120 3377
cat_boundaries=0 1 2
cat_threshold=135135496 443418944
is_linear=0
shrinkage=0.03


Tree=242
num_leaves=7
num_cat=3
split_feature=12 1 1 8 1 8
split_gain=12.3336 22.5275 13.8749 11.1881 23.1855 14.4438
threshold=-0.1288854007663511 0 1 0.5006983707521192 2 0.78711634598096192
decision_type=8 9 9 10 9 10
left_child=1 -1 -2 -4 -5 -6
right_child=2 -3 3 4 5 -7
leaf_value=2.5039005038585832e-06 -0.0012316238483479651 0.0014752857607627109 -0.00013165068868749018 0.0031267728061092721 0.00097961550270544463 -0.0026661813111519598
leaf_weight=6198 1358 2244 24375 235 1480 373
leaf_count=6198 1358 2244 24375 235 1480 373
internal_value=-5.91496e-05 0.000945162 -0.000363921 -0.000211339 0.00189564 0.000732296
internal_weight=36263 8442 27821 26463 2088 1853
internal_count=36263 8442 27821 26463 2088 1853
cat_boundaries=0 1 2 3
cat_threshold=210366818 4329474 524292
is_linear=0
shrinkage=0.03


Tree=243
num_leaves=7
num_cat=0
split_feature=4 4 14 14 8 14
split_gain=10.2085 26.4843 29.5888 29.4086 31.5196 25.8074
threshold=3.5000000000000004 6.5000000000000009 -0.13542756738202963 0.21091601974081706 0.15349239706244869 0.06718098489430524
decision_type=2 2 8 10 8 10
left_child=5 2 -2 4 -4 -1
right_child=1 -3 3 -5 -6 -7
leaf_value=-0.00011882500383081556 0.0065877849209142322 0.00015714596662734615 -0.00060366550559844503 0.00016416081553742584 -0.0026999753807900001 0.0013832699208122115
leaf_weight=5311 154 18349 3546 3390 1986 3218
leaf_count=5311 154 18349 3546 3390 1986 3218
internal_value=3.08719e-05 -0.000251039 -0.00157651 -0.00180208 -0.00315019 0.00093728
internal_weight=35954 27425 9076 8922 5532 8529
internal_count=35954 27425 9076 8922 5532 8529
is_linear=0
shrinkage=0.03


Tree=244
num_leaves=7
num_cat=2
split_feature=11 1 9 6 3 0
split_gain=13.6192 25.221 21.3479 14.8881 13.799 25.4069
threshold=-0.21701590015594882 0 -0.26817946288557731 -0.52686291898957538 2.5000000000000004 1
decision_type=8 9 10 10 2 1
left_child=1 -1 -3 -4 5 -2
right_child=4 2 3 -5 -6 -7
leaf_value=-0.00030099838369656738 5.082921293635843e-05 0.0029875981823801133 0.0043277470808234806 -2.1539738108821149e-05 1.0752749375600687e-05 -0.0018498203662816292
leaf_weight=2233 2790 1237 149 1303 26284 2229
leaf_count=2233 2790 1237 149 1303 26284 2229
internal_value=-1.03517e-05 0.00145643 0.00340556 0.000949759 -0.000241024 -0.00168227
internal_weight=36225 4922 2689 1452 31303 5019
internal_count=36225 4922 2689 1452 31303 5019
cat_boundaries=0 1 2
cat_threshold=231781430 2
is_linear=0
shrinkage=0.03


Tree=245
num_leaves=7
num_cat=0
split_feature=6 8 11 2 13 10
split_gain=12.2007 17.3277 19.1399 20.5429 12.27 11.6534
threshold=0.0038464341039139431 -0.028975874929672237 -0.32596505613497312 9.5000000000000018 -0.1068798998878198 -0.43573764225048878
decision_type=10 8 10 2 8 10
left_child=1 2 3 5 -4 -1
right_child=-2 -3 4 -5 -6 -7
leaf_value=-0.00075054857216188793 -0.00025254577796099035 0.00044987373499649947 -0.0024584291383758419 0.0031158262525808026 -0.00030647156127073052 0.0011624493602367563
leaf_weight=660 16246 11859 691 527 5432 932
leaf_count=660 16246 11859 691 527 5432 932
internal_value=-5.36481e-06 0.000488757 -0.000567754 0.00188915 -0.00141819 0.000188324
internal_weight=36347 20101 8242 2119 6123 1592
internal_count=36347 20101 8242 2119 6123 1592
is_linear=0
shrinkage=0.03


Tree=246
num_leaves=7
num_cat=3
split_feature=12 1 1 6 14 0
split_gain=10.6107 17.3041 14.3719 13.306 15.8815 20.1368
threshold=0.14248724336594301 0 1 -0.0045416394332722368 0.2306731728416074 2
decision_type=8 9 9 10 8 1
left_child=2 -2 -1 4 5 -4
right_child=1 -3 3 -5 -6 -7
leaf_value=0.00044745592378781375 -0.0016993774841790568 -0.00014056147708586838 0.00055702258503306714 -0.00039282130444671817 0.0023509322322936782 -0.00056851514137696278
leaf_weight=9674 1335 6806 4066 9166 934 4182
leaf_count=9674 1335 6806 4066 9166 934 4182
internal_value=-2.86196e-05 -0.000981945 0.000248367 -0.000245111 0.000561908 0.000141835
internal_weight=36163 8141 28022 18348 9182 8248
internal_count=36163 8141 28022 18348 9182 8248
cat_boundaries=0 1 2 3
cat_threshold=85399184 321457240 2
is_linear=0
shrinkage=0.03


Tree=247
num_leaves=7
num_cat=2
split_feature=11 2 1 3 1 3
split_gain=11.7799 22.9966 21.0446 12.2197 23.1611 18.8334
threshold=-0.36464654208861885 9.5000000000000018 0 3.5000000000000004 1 10.500000000000002
decision_type=8 2 9 2 9 2
left_child=1 2 -1 4 -2 -5
right_child=3 -3 -4 5 -6 -7
leaf_value=0.0016859696285564574 -0.00097671992722152571 0.0033874939847142556 -0.0011268738099982196 0.00026045378605858883 8.7411939140711453e-05 -0.00045690262927294459
leaf_weight=611 3505 539 927 20190 4472 5931
leaf_count=611 3505 539 927 20190 4472 5931
internal_value=8.70743e-06 0.00220164 0.000331384 -0.00012493 -0.00115254 0.000188921
internal_weight=36175 2077 1538 34098 7977 26121
internal_count=36175 2077 1538 34098 7977 26121
cat_boundaries=0 1 2
cat_threshold=327627528 88717470
is_linear=0
shrinkage=0.03


Tree=248
num_leaves=7
num_cat=2
split_feature=12 1 1 14 14 14
split_gain=10.197 23.4543 13.7122 13.3721 11.46 16.1584
threshold=-0.19669340799207943 0 1 -0.32894240251914902 0.04680505282316836 0.035512415239948351
decision_type=8 9 9 10 10 10
left_child=1 3 -2 -1 5 -4
right_child=2 -3 4 -5 -6 -7
leaf_value=0.0031166282091986681 -0.00097169778968730046 0.0023250973605644142 -0.00011099228929701467 -0.00015815107154742601 0.00029032532998276439 -0.0014307542542029796
leaf_weight=266 1867 1231 17226 3529 11176 919
leaf_count=266 1867 1231 17226 3529 11176 919
internal_value=-3.6449e-05 0.00121743 -0.000238546 4.33526e-05 -7.9265e-05 -0.000544748
internal_weight=36214 5026 31188 3795 29321 18145
internal_count=36214 5026 31188 3795 29321 18145
cat_boundaries=0 1 2
cat_threshold=209842978 4329474
is_linear=0
shrinkage=0.03


Tree=249
num_leaves=7
num_cat=2
split_feature=9 1 1 2 8 14
split_gain=9.80724 20.5111 18.8503 20.511 11.9527 11.9388
threshold=-0.29847701583396175 0 1 4.5000000000000009 0.15415119003107994 -0.21454238945744744
decision_type=10 9 9 2 10 8
left_child=1 -1 3 4 -2 -5
right_child=2 -3 -4 5 -6 -7
leaf_value=0.00090673383407186253 -0.00026197056444429039 -0.00019847933910691174 3.6835071831052488e-05 -0.0044499064400812961 0.0013708301109613184 -0.0011918165173388526
leaf_weight=6742 1469 6725 17558 252 665 2902
leaf_count=6742 1469 6725 17558 252 665 2902
internal_value=1.61095e-05 0.000658227 -0.000362411 -0.00193055 0.000337237 -0.00347068
internal_weight=36313 13467 22846 5288 2134 3154
internal_count=36313 13467 22846 5288 2134 3154
cat_boundaries=0 1 2
cat_threshold=412043730 413606146
is_linear=0
shrinkage=0.03


Tree=250
num_leaves=7
num_cat=1
split_feature=6 14 0 13 4 11
split_gain=10.1189 13.3408 29.404 26.1085 21.5496 18.2354
threshold=0.26291341334202262 -0.17016452810223601 0 -0.051260918856846811 8.5000000000000018 -0.18559176280361497
decision_type=10 8 1 8 2 8
left_child=1 2 -1 4 -4 -3
right_child=-2 5 3 -5 -6 -7
leaf_value=0.00047613716702553626 -0.00076049817350797683 0.0010043735489562258 -0.0012436141216336852 -0.0029627995653758112 0.0023351763125747144 3.1021857995574484e-05
leaf_weight=1671 2787 4124 957 1281 400 24920
leaf_count=1671 2787 4124 957 1281 400 24920
internal_value=3.0713e-05 0.000175841 -0.00138167 -0.00335354 -0.000452872 0.000406955
internal_weight=36140 33353 4309 2638 1357 29044
internal_count=36140 33353 4309 2638 1357 29044
cat_boundaries=0 1
cat_threshold=2
is_linear=0
shrinkage=0.03


Tree=251
num_leaves=7
num_cat=1
split_feature=13 13 13 13 9 1
split_gain=10.793 15.6427 22.0523 11.1557 8.83899 22.3187
threshold=0.42020497906229864 0.20685705339738433 0.19908071551484952 0.19257596380797434 -0.46721160632216246 0
decision_type=10 10 10 10 8 9
left_child=1 2 3 4 5 -1
right_child=-2 -3 -4 -5 -6 -7
leaf_value=-0.00052367369046186227 0.0035172901453733771 -0.0038166083911983736 0.0042704022220108493 -0.0078590079543865588 -5.8511399082470137e-05 0.0022417081285414781
leaf_weight=726 108 264 215 126 33909 581
leaf_count=726 108 264 215 126 33909 581
internal_value=-6.8049e-05 -9.67283e-05 -4.26064e-05 -0.00010101 -6.90008e-05 0.00235092
internal_weight=35929 35821 35557 35342 35216 1307
internal_count=35929 35821 35557 35342 35216 1307
cat_boundaries=0 1
cat_threshold=59831920
is_linear=0
shrinkage=0.03


Tree=252
num_leaves=7
num_cat=0
split_feature=14 14 14 13 13 14
split_gain=10.2114 17.4584 20.9668 13.6701 26.6309 16.7979
threshold=-0.32894240251914902 -0.32711361922184429 -0.3019931236561153 -0.1068798998878198 -0.12125964492891932 -0.28026674736464591
decision_type=8 8 8 8 10 8
left_child=-1 -2 -3 4 5 -4
right_child=1 2 3 -5 -6 -7
leaf_value=0.002099104471056519 -0.0036326005785969357 0.003358345717466296 -0.0031436976295651795 3.9441687248466629e-05 -0.0030700852378021059 0.00052575507535545878
leaf_weight=475 259 217 300 32654 771 1263
leaf_count=475 259 217 300 32654 771 1263
internal_value=1.54424e-05 -4.31411e-05 1.40601e-05 -4.3728e-05 -0.00226124 -9.59079e-06
internal_weight=35939 35464 35205 34988 2334 1563
internal_count=35939 35464 35205 34988 2334 1563
is_linear=0
shrinkage=0.03


Tree=253
num_leaves=7
num_cat=0
split_feature=4 14 14 14 3 4
split_gain=10.6145 37.555 16.4707 17.4478 11.7717 11.2703
threshold=1.5000000000000002 -0.054345570193398834 -0.1724174446753455 -0.09127004734063783 3.5000000000000004 7.5000000000000009
decision_type=2 10 10 10 2 2
left_child=1 2 -1 -4 -3 -2
right_child=5 4 3 -5 -6 -7
leaf_value=-0.0026907884756869672 -0.0002951366265407102 6.6223313826712155e-05 0.0011697068069476057 -0.001093008931193177 0.0034228967636581267 0.00016435183218595342
leaf_weight=424 17726 352 685 523 1060 15419
leaf_count=424 17726 352 685 523 1060 15419
internal_value=-1.0362e-05 0.00168473 -0.00141457 0.000372208 0.00526539 -0.000166083
internal_weight=36189 3044 1632 1208 1412 33145
internal_count=36189 3044 1632 1208 1412 33145
is_linear=0
shrinkage=0.03


Tree=254
num_leaves=7
num_cat=2
split_feature=3 1 0 13 3 3
split_gain=10.1961 16.6385 15.5168 46.2346 31.8427 39.4992
threshold=10.500000000000002 0 1 0.0054353557305519924 2.5000000000000004 7.5000000000000009
decision_type=2 9 1 8 2 2
left_child=2 -2 -1 -4 -5 -6
right_child=1 -3 3 4 5 -7
leaf_value=0.00032367215996257308 0.00022988255310515723 -0.0010520063975391718 -0.0010387372063767862 -0.001244754058093195 0.0018637070015721641 -0.00048412483166504147
leaf_weight=15000 2619 3712 6673 1557 3958 2551
leaf_count=15000 2619 3712 6673 1557 3958 2551
internal_value=1.99606e-05 -0.00107312 0.00025269 -0.000438602 0.00108962 0.00201152
internal_weight=36070 6331 29739 14739 8066 6509
internal_count=36070 6331 29739 14739 8066 6509
cat_boundaries=0 1 2
cat_threshold=360458270 2
is_linear=0
shrinkage=0.03


Tree=255
num_leaves=7
num_cat=3
split_feature=9 1 1 10 12 1
split_gain=11.6076 22.7923 10.5983 13.2438 11.431 15.4507
threshold=-0.46721160632216246 0 1 -0.23988836045236847 0.05950118180801179 2
decision_type=8 9 9 10 8 9
left_child=1 -1 3 -2 -4 -6
right_child=2 -3 4 -5 5 -7
leaf_value=-0.00029001455674589169 -0.001007402540828784 0.0024315858274416772 0.0002476112161010933 0.00052710843193903259 -0.00061946305469536543 5.675502913650411e-05
leaf_weight=736 2835 610 18602 817 4086 8392
leaf_count=736 2835 610 18602 817 4086 8392
internal_value=5.15535e-05 0.00278396 -5.44151e-05 -0.00158067 0.000125438 -0.000576969
internal_weight=36078 1346 34732 3652 31080 12478
internal_count=36078 1346 34732 3652 31080 12478
cat_boundaries=0 1 2 3
cat_threshold=59831920 88150018 405163184
is_linear=0
shrinkage=0.03


Tree=256
num_leaves=7
num_cat=0
split_feature=11 2 14 6 14 13
split_gain=11.4704 24.7278 19.6953 14.7592 11.8743 19.888
threshold=-0.33217278236961473 9.5000000000000018 0.012073680183295977 -0.4454864619449323 -0.1724174446753455 -0.1068798998878198
decision_type=8 2 8 10 10 10
left_child=1 2 3 -1 -2 -6
right_child=4 -3 -4 -5 5 -7
leaf_value=0.0024691442494137682 -0.00062497473074413733 0.0030912602161464364 0.0039367152288333649 -0.00067601758675140647 -0.0013188935191322249 0.00012970828928387834
leaf_weight=311 5442 658 336 1322 1919 26016
leaf_count=311 5442 658 336 1322 1919 26016
internal_value=2.6663e-05 0.00193493 0.000251269 -0.00111077 -0.000123584 0.000126181
internal_weight=36004 2627 1969 1633 33377 27935
internal_count=36004 2627 1969 1633 33377 27935
is_linear=0
shrinkage=0.03


Tree=257
num_leaves=7
num_cat=1
split_feature=4 14 14 4 14 0
split_gain=9.77635 33.6181 16.5506 15.0192 27.9425 27.7464
threshold=1.5000000000000002 -0.054345570193398834 -0.09127004734063783 7.5000000000000009 0.022737478497215222 0
decision_type=2 10 8 2 8 1
left_child=1 2 -1 -2 5 -5
right_child=3 -3 -4 4 -6 -7
leaf_value=0.00036968463799733482 -0.00030183875664438605 0.0021752803915203313 -0.0016528895030660656 0.0003439954799178787 0.0010780927345857292 -0.00093855960579915124
leaf_weight=938 17677 1398 688 5940 4704 4759
leaf_count=938 17677 1398 688 5940 4704 4759
internal_value=-4.57e-05 0.00158678 -0.00134604 -0.000194976 0.000489808 -0.000357477
internal_weight=36104 3024 1626 33080 15403 10699
internal_count=36104 3024 1626 33080 15403 10699
cat_boundaries=0 1
cat_threshold=2
is_linear=0
shrinkage=0.03


Tree=258
num_leaves=7
num_cat=2
split_feature=3 1 3 1 11 14
split_gain=9.80634 22.5583 21.3365 19.165 18.4749 15.4103
threshold=3.5000000000000004 0 6.5000000000000009 1 0.36559298071418805 -0.081034478166131949
decision_type=2 9 2 9 8 8
left_child=1 -1 3 -2 -3 -5
right_child=2 4 -4 5 -6 -7
leaf_value=-0.0011450770021393802 0.0010731248301975281 0.00024561105109427743 -8.6839267259891098e-05 -0.0013511284780016765 -0.0014811171990898864 0.00055697558370929024
leaf_weight=2193 5420 5355 18765 929 935 2515
leaf_count=2193 5420 5355 18765 929 935 2515
internal_value=6.64581e-05 -0.000825672 0.000340391 0.0015533 9.04618e-05 -0.000199711
internal_weight=36112 8483 27629 8864 6290 3444
internal_count=36112 8483 27629 8864 6290 3444
cat_boundaries=0 1 2
cat_threshold=17414162 113301756
is_linear=0
shrinkage=0.03


Tree=259
num_leaves=7
num_cat=2
split_feature=6 11 4 9 1 1
split_gain=9.66286 13.713 15.9375 14.2377 22.2004 14.7316
threshold=0.0038464341039139431 0.35226370503586996 1.5000000000000002 -0.15680588271914783 0 1
decision_type=10 8 2 10 9 9
left_child=-1 3 -3 4 -2 -5
right_child=1 2 -4 5 -6 -7
leaf_value=0.00014368179449032799 0.00096299349334356412 0.0028253101649835838 -0.0014094221295337236 -0.00086320572454460511 -0.00045537214230640223 0.00013308687261682134
leaf_weight=19886 3163 142 2903 4131 2508 3254
leaf_count=19886 3163 142 2903 4131 2508 3254
internal_value=-7.87763e-05 -0.000625078 -0.00243762 -0.00020219 0.000928244 -0.00107027
internal_weight=35987 16101 3045 13056 5671 7385
internal_count=35987 16101 3045 13056 5671 7385
cat_boundaries=0 1 2
cat_threshold=506413388 338584038
is_linear=0
shrinkage=0.03


Tree=260
num_leaves=7
num_cat=0
split_feature=14 14 14 14 4 14
split_gain=9.09076 15.2866 20.4602 14.3526 12.6392 27.8414
threshold=-0.32894240251914902 -0.32711361922184429 -0.3019931236561153 -0.28026674736464591 7.5000000000000009 0.38889227436015961
decision_type=8 8 8 8 2 8
left_child=-1 -2 -3 -4 5 -5
right_child=1 2 3 4 -6 -7
leaf_value=0.0020367577862597311 -0.0034007905155528095 0.0031946958436181983 -0.0036598513152453116 -4.4898111458892933e-05 0.00023423650294163509 -0.0020601347832047093
leaf_weight=472 256 217 308 18770 14269 1886
leaf_count=472 256 217 308 18770 14269 1886
internal_value=-9.12131e-06 -6.3853e-05 -1.10011e-05 -6.76903e-05 -1.0737e-05 -0.000485066
internal_weight=36178 35706 35450 35233 34925 20656
internal_count=36178 35706 35450 35233 34925 20656
is_linear=0
shrinkage=0.03


Tree=261
num_leaves=7
num_cat=0
split_feature=11 14 6 8 8 14
split_gain=11.5313 18.6059 17.918 12.8993 12.6369 16.1851
threshold=-0.22399416544200698 -0.063963397672928496 0.26921435603837734 -0.22314355131420924 -0.25747443808561993 -0.010547056409956807
decision_type=8 8 8 8 8 10
left_child=1 2 3 -1 5 -2
right_child=4 -3 -4 -5 -6 -7
leaf_value=-0.00080455661220597645 -0.0022277682961905796 0.0015977281775294049 0.0052674424653056263 0.0018323084273817894 -2.6336383987979258e-05 0.00018940211224051761
leaf_weight=1951 1103 2268 125 432 29310 821
leaf_count=1951 1103 2268 125 432 29310 821
internal_value=-2.24931e-05 0.00135022 -0.00043045 -0.001013 -0.000232432 -0.00258701
internal_weight=36010 4776 2508 2383 31234 1924
internal_count=36010 4776 2508 2383 31234 1924
is_linear=0
shrinkage=0.03


Tree=262
num_leaves=7
num_cat=1
split_feature=13 13 13 13 11 1
split_gain=9.53806 16.7123 20.5932 10.4455 9.33439 9.36975
threshold=0.42020497906229864 0.20685705339738433 0.19908071551484952 0.19257596380797434 -0.59288477880676804 0
decision_type=10 10 10 10 8 9
left_child=1 2 3 4 5 -1
right_child=-2 -3 -4 -5 -6 -7
leaf_value=-0.00029718706553681472 0.0035409286381266562 -0.0039689370031788396 0.0041405250880932071 -0.0079106976997129572 -1.3186605122113003e-05 0.0060188647963428472
leaf_weight=133 100 276 230 116 35161 152
leaf_count=133 100 276 230 116 35161 152
internal_value=1.65888e-06 -2.41204e-05 3.2688e-05 -2.53072e-05 4.23167e-06 0.0054021
internal_weight=36168 36068 35792 35562 35446 285
internal_count=36168 36068 35792 35562 35446 285
cat_boundaries=0 1
cat_threshold=16406
is_linear=0
shrinkage=0.03


Tree=263
num_leaves=7
num_cat=0
split_feature=4 4 14 14 14 8
split_gain=11.4755 23.1187 30.1781 33.1529 26.6349 25.3687
threshold=3.5000000000000004 6.5000000000000009 0.21091601974081706 -0.13542756738202963 -0.014029943399684284 0.15349239706244869
decision_type=2 2 10 8 8 8
left_child=-1 2 3 -2 -3 -5
right_child=1 4 -4 5 -6 -7
leaf_value=0.00037723605303082591 0.0063639307743130593 -0.00023612453896522902 0.00028344306538862223 -0.00068529058657924109 0.00069052757086880733 -0.0025445811134209516
leaf_weight=8581 149 10620 3392 3575 7872 2053
leaf_count=8581 149 10620 3392 3575 7872 2053
internal_value=2.56601e-05 -0.000271672 -0.00150327 -0.00282191 0.000339047 -0.0031924
internal_weight=36242 27661 9169 5777 18492 5628
internal_count=36242 27661 9169 5777 18492 5628
is_linear=0
shrinkage=0.03


Tree=264
num_leaves=7
num_cat=3
split_feature=3 1 3 3 1 1
split_gain=10.1758 22.6355 18.0007 25.5774 20.2362 19.9843
threshold=9.5000000000000018 0 4.5000000000000009 5.5000000000000009 1 2
decision_type=2 9 2 2 9 9
left_child=2 -2 5 -4 -5 -1
right_child=1 -3 3 4 -6 -7
leaf_value=-0.00092515496834165163 0.00027327037257854402 -0.00090612955012064227 0.0015304804213132834 0.00091087910123776521 -0.00018287247130183105 5.7820136980154188e-05
leaf_weight=3018 4451 5098 2842 3696 8431 8570
leaf_count=3018 4451 5098 2842 3696 8431 8570
internal_value=5.81605e-06 -0.000834031 0.000307817 0.00099499 0.000394542 -0.00057986
internal_weight=36106 9549 26557 14969 12127 11588
internal_count=36106 9549 26557 14969 12127 11588
cat_boundaries=0 1 2 3
cat_threshold=356329532 134844052 17413138
is_linear=0
shrinkage=0.03


Tree=265
num_leaves=7
num_cat=3
split_feature=12 1 9 0 14 1
split_gain=9.35197 20.4429 20.0132 19.1851 23.6868 19.0449
threshold=0.036442619062797117 0 0.086171488954939437 1 0.06718098489430524 2
decision_type=8 9 8 1 8 9
left_child=1 2 -1 -4 -5 -2
right_child=5 -3 3 4 -6 -7
leaf_value=-3.1846256187825294e-05 -0.00069480549698496062 -0.00022508474659891696 0.0014490466867878643 -0.00083165319016504432 0.0022153436746714696 5.3040719542800587e-05
leaf_weight=4859 5122 10425 2798 1519 1275 10394
leaf_count=4859 5122 10425 2798 1519 1275 10394
internal_value=-3.37977e-05 0.000380802 0.00131763 0.00254246 0.000783542 -0.000591609
internal_weight=36392 20876 10451 5592 2794 15516
internal_count=36392 20876 10451 5592 2794 15516
cat_boundaries=0 1 2 3
cat_threshold=455364280 2 157768880
is_linear=0
shrinkage=0.03


Tree=266
num_leaves=7
num_cat=3
split_feature=9 1 2 13 1 0
split_gain=9.81047 18.3827 14.618 13.348 9.1209 14.0854
threshold=-0.46721160632216246 0 10.500000000000002 0.070338006420797253 1 2
decision_type=8 9 2 8 9 1
left_child=1 -1 3 -3 5 -2
right_child=4 2 -4 -5 -6 -7
leaf_value=0.002515980931606529 0.0001188193429863989 -0.0016760138251661646 0.0028966213903549734 0.0030608758858203023 5.4647936207512238e-05 -0.0012428669391281505
leaf_weight=447 2666 531 218 125 29664 2451
leaf_count=447 2666 531 218 125 29664 2451
internal_value=3.90549e-05 0.00257564 0 -0.00223744 -5.73573e-05 -0.00122562
internal_weight=36102 1321 874 656 34781 5117
internal_count=36102 1321 874 656 34781 5117
cat_boundaries=0 1 2 3
cat_threshold=206504198 205721606 2
is_linear=0
shrinkage=0.03


Tree=267
num_leaves=7
num_cat=0
split_feature=4 14 14 14 11 2
split_gain=10.0213 33.1373 14.4794 15.1825 11.3206 32.9662
threshold=1.5000000000000002 -0.054345570193398834 -0.09127004734063783 -0.1724174446753455 -0.32596505613497312 8.5000000000000018
decision_type=2 10 8 10 8 2
left_child=1 2 3 -1 5 -2
right_child=4 -3 -4 -5 -6 -7
leaf_value=-0.0021517006207504778 -0.00020316874636160288 0.0021717425512265114 -0.0016651188600292652 0.0010351800218162139 -0.0001332702748878206 0.0031873276531055746
leaf_weight=256 1672 1389 671 691 30659 822
leaf_count=256 1672 1389 671 691 30659 822
internal_value=-3.7333e-05 0.00162068 -0.0012971 0.00109177 -0.00018776 0.00175551
internal_weight=36160 3007 1618 947 33153 2494
internal_count=36160 3007 1618 947 33153 2494
is_linear=0
shrinkage=0.03


Tree=268
num_leaves=7
num_cat=3
split_feature=12 1 1 10 1 12
split_gain=9.90793 20.3227 13.5611 18.9269 16.2694 13.3915
threshold=-0.066346904866767073 0 1 0.039220713153281135 2 0.25134467548093703
decision_type=8 9 9 10 9 10
left_child=1 -1 5 -4 -5 -2
right_child=2 -3 3 4 -6 -7
leaf_value=-8.0992227560132684e-05 -0.00047830152235534354 0.0010644871434761921 0.0002498536028527526 8.8070404855189469e-05 -0.0012236303384054498 -0.003772273471289461
leaf_weight=7943 5154 4490 13123 2419 2598 257
leaf_count=7943 5154 4490 13123 2419 2598 257
internal_value=3.75156e-05 0.000722615 -0.000324176 6.94177e-05 -0.00149761 -0.00164054
internal_weight=35984 12433 23551 18140 5017 5411
internal_count=35984 12433 23551 18140 5017 5411
cat_boundaries=0 1 2 3
cat_threshold=211415366 29759026 304177220
is_linear=0
shrinkage=0.03


Tree=269
num_leaves=7
num_cat=1
split_feature=4 14 4 14 2 0
split_gain=10.5752 19.832 13.1603 27.7866 34.6077 27.201
threshold=2.5000000000000004 -0.1724174446753455 7.5000000000000009 0.022737478497215222 5.5000000000000009 0
decision_type=2 10 2 8 2 1
left_child=1 -1 -2 5 -5 -4
right_child=2 -3 3 4 -6 -7
leaf_value=-0.0012928627719002972 -0.00032711281285215555 0.00072244992108237791 0.00032308791767101774 -0.0001756295229793671 0.0023941118374106473 -0.00096550533062811459
leaf_weight=918 15053 4840 5897 1980 2704 4736
leaf_count=918 15053 4840 5897 1980 2704 4736
internal_value=8.71876e-05 0.00126584 -0.000136314 0.000482765 0.00240768 -0.000365338
internal_weight=36128 5758 30370 15317 4684 10633
internal_count=36128 5758 30370 15317 4684 10633
cat_boundaries=0 1
cat_threshold=2
is_linear=0
shrinkage=0.03


Tree=270
num_leaves=7
num_cat=2
split_feature=11 1 3 1 3 14
split_gain=10.3863 10.7579 8.82242 24.427 14.3986 22.8476
threshold=-0.59288477880676804 0 9.5000000000000018 1 3.5000000000000004 0.015541878261281601
decision_type=8 9 2 9 2 8
left_child=1 -1 4 -4 -2 -6
right_child=2 -3 3 -5 5 -7
leaf_value=-0.0005733956843764626 -0.00024160468523614932 0.0058154930908871022 0.00021574860327980001 -0.00095602471684164071 -0.0001293804709088421 0.00081518422781286454
leaf_weight=122 8407 154 4719 4683 8729 9210
leaf_count=122 8407 154 4719 4683 8729 9210
internal_value=6.16239e-05 0.00584838 1.67837e-05 -0.000772094 0.000298326 0.000778428
internal_weight=36024 276 35748 9402 26346 17939
internal_count=36024 276 35748 9402 26346 17939
cat_boundaries=0 1 2
cat_threshold=16404 356264250
is_linear=0
shrinkage=0.03


Tree=271
num_leaves=7
num_cat=2
split_feature=9 1 2 13 8 1
split_gain=10.8095 17.2348 11.3705 10.02 8.92702 25.6174
threshold=-0.46721160632216246 0 9.5000000000000018 0.023360663584678299 0.57412587128679127 1
decision_type=8 9 2 8 10 9
left_child=1 2 3 -1 -2 -6
right_child=4 -3 -4 -5 5 -7
leaf_value=-0.0020814940785036855 -4.6942634544541083e-05 0.0020658723711444432 0.0018236201410384196 0.0015285837226543262 0.0024557287474842138 -0.00092706064340527779
leaf_weight=318 33230 589 258 150 770 820
leaf_count=318 33230 589 258 150 770 820
internal_value=5.52081e-05 0.00272416 -0.000407056 -0.00319829 -4.56621e-05 0.00214959
internal_weight=36135 1315 726 468 34820 1590
internal_count=36135 1315 726 468 34820 1590
cat_boundaries=0 1 2
cat_threshold=59831920 34406668
is_linear=0
shrinkage=0.03


Tree=272
num_leaves=7
num_cat=3
split_feature=3 3 1 12 1 1
split_gain=9.34043 23.7787 20.3207 19.0777 17.7207 16.2381
threshold=3.5000000000000004 6.5000000000000009 0 -0.06032084284436267 1 2
decision_type=2 2 9 8 9 9
left_child=4 2 3 -2 -1 -3
right_child=1 5 -4 -5 -6 -7
leaf_value=-0.0010577132755694469 0.0029213007678828202 -0.00071285464043112595 -2.4233755337205729e-05 0.00058917386592128543 -1.1258681105689206e-05 6.8818425762516948e-05
leaf_weight=2476 1487 5840 4195 3164 5984 12900
leaf_count=2476 1487 5840 4195 3164 5984 12900
internal_value=-6.4083e-05 0.000203357 0.00148525 0.00284749 -0.00093606 -0.000401793
internal_weight=36046 27586 8846 4651 8460 18740
internal_count=36046 27586 8846 4651 8460 18740
cat_boundaries=0 1 2 3
cat_threshold=114346200 17414290 79843488
is_linear=0
shrinkage=0.03


Tree=273
num_leaves=7
num_cat=2
split_feature=11 2 1 14 14 1
split_gain=9.63159 37.585 16.493 19.0902 15.295 17.0683
threshold=-0.21701590015594882 8.5000000000000018 0 -0.13849821623747985 0.012073680183295977 1
decision_type=8 2 9 10 8 9
left_child=1 4 3 -3 5 -1
right_child=-2 2 -4 -5 -6 -7
leaf_value=-0.001395684524374215 -5.8175038210203086e-05 -0.0022885669611116088 0.0035126460345584428 0.0018071630010500876 0.0015132325760071246 0.00026360005834347676
leaf_weight=1215 31221 217 1024 379 727 1399
leaf_count=1215 31221 217 1024 379 727 1399
internal_value=2.0728e-05 0.00124849 0.00499692 0.000939044 -0.000570018 -0.00164054
internal_weight=36182 4961 1620 596 3341 2614
internal_count=36182 4961 1620 596 3341 2614
cat_boundaries=0 1 2
cat_threshold=97564166 153150622
is_linear=0
shrinkage=0.03


Tree=274
num_leaves=7
num_cat=2
split_feature=11 3 10 1 1 8
split_gain=9.29488 14.6215 11.7202 22.9902 18.0031 12.2398
threshold=-0.037965440043315361 1.5000000000000002 0.016160130256754449 0 1 0.58569562818502041
decision_type=8 2 10 9 9 10
left_child=-1 -2 4 -4 -3 -6
right_child=1 2 3 -5 5 -7
leaf_value=0.00024165795290686742 -0.00099775182836997576 0.00044091502278845 0.0017717676932431077 -0.00078147261315822793 -0.0004518371432253886 0.0021174073715851723
leaf_weight=12298 2058 9835 279 4477 6796 385
leaf_count=12298 2058 9835 279 4477 6796 385
internal_value=8.30358e-06 -0.000337376 -0.00010885 -0.00142527 0.000259153 -0.00088223
internal_weight=36128 23830 21772 4756 17016 7181
internal_count=36128 23830 21772 4756 17016 7181
cat_boundaries=0 1 2
cat_threshold=14681092 136114072
is_linear=0
shrinkage=0.03


Tree=275
num_leaves=7
num_cat=3
split_feature=11 1 10 1 1 7
split_gain=11.1007 14.7735 12.7117 24.4706 20.8957 13.8852
threshold=-0.06621950140804643 0 0.039220713153281135 1 2 1.0000000180025095e-35
decision_type=8 9 10 9 9 10
left_child=1 -1 4 -4 -2 -6
right_child=2 -3 3 -5 5 -7
leaf_value=-0.00027640138579983626 0.00037210915375721705 0.00063196315328843114 0.001384669304904875 -0.00082799348902132686 0.00010629531333069976 -0.0008191686994073131
leaf_weight=3350 10816 7222 351 4952 4088 5306
leaf_count=3350 10816 7222 351 4952 4088 5306
internal_value=2.53561e-05 0.000842713 -0.000313357 -0.00162048 2.96868e-05 -0.00100478
internal_weight=36085 10572 25513 5303 20210 9394
internal_count=36085 10572 25513 5303 20210 9394
cat_boundaries=0 1 2 3
cat_threshold=30704918 31458308 136105880
is_linear=0
shrinkage=0.03


Tree=276
num_leaves=7
num_cat=0
split_feature=9 2 4 14 13 2
split_gain=10.1898 12.9424 10.6903 27.8876 25.1275 24.6846
threshold=-0.51073470640961671 10.500000000000002 7.5000000000000009 0.022737478497215222 0.10136324727194838 4.5000000000000009
decision_type=8 2 2 8 10 2
left_child=1 -1 -2 -4 5 -5
right_child=2 -3 3 4 -6 -7
leaf_value=0.00038353582838615644 -0.00019207132456432017 0.003498535610770342 -0.00010050954120656601 -5.0522551628683075e-05 -0.0037289122800328559 0.0020997313336631163
leaf_weight=743 19933 281 10480 1494 170 2896
leaf_count=743 19933 281 10480 1494 170 2896
internal_value=3.70854e-05 0.00298537 -4.93224e-05 0.000554484 0.00251261 0.00295149
internal_weight=35997 1024 34973 15040 4560 4390
internal_count=35997 1024 34973 15040 4560 4390
is_linear=0
shrinkage=0.03


Tree=277
num_leaves=7
num_cat=2
split_feature=3 0 14 3 1 4
split_gain=10.0206 17.8708 40.3416 33.5317 26.2972 23.8102
threshold=10.500000000000002 0 0.022737478497215222 3.5000000000000004 1 7.5000000000000009
decision_type=2 1 8 2 9 2
left_child=1 -1 4 -4 -3 -5
right_child=-2 2 3 5 -6 -7
leaf_value=0.00030330893781015637 -0.0004212203835083338 -6.5561205375689387e-05 -0.0010419069744746418 0.00053150848740827908 -0.0015833489577241685 0.0033037143216861262
leaf_weight=15065 6345 3683 1961 3413 4026 1654
leaf_count=15065 6345 3683 1961 3413 4026 1654
internal_value=-2.61425e-05 0.000204342 -0.000538404 0.00110542 -0.00203696 0.00239444
internal_weight=36147 29802 14737 7028 7709 5067
internal_count=36147 29802 14737 7028 7709 5067
cat_boundaries=0 1 2
cat_threshold=2 42472296
is_linear=0
shrinkage=0.03


Tree=278
num_leaves=7
num_cat=0
split_feature=13 13 13 13 9 2
split_gain=9.16133 12.3951 18.8311 11.0705 8.95876 14.2685
threshold=0.42020497906229864 0.20685705339738433 0.19908071551484952 0.19257596380797434 -0.34614912824819427 5.5000000000000009
decision_type=10 10 10 10 10 2
left_child=1 2 3 4 -1 -6
right_child=-2 -3 -4 -5 5 -7
leaf_value=0.00029380787917951108 0.0036830021459546133 -0.0037428824994544261 0.0042448753723277922 -0.0077706432967251972 0.00012519761903650428 -0.00045704669795029295
leaf_weight=12214 101 265 224 122 10741 12317
leaf_count=12214 101 265 224 122 10741 12317
internal_value=-7.50313e-06 -3.30231e-05 1.51604e-05 -3.98361e-05 -8.50509e-06 -0.000356477
internal_weight=35984 35883 35618 35394 35272 23058
internal_count=35984 35883 35618 35394 35272 23058
is_linear=0
shrinkage=0.03


Tree=279
num_leaves=7
num_cat=0
split_feature=4 4 14 14 8 14
split_gain=10.6727 20.3939 29.6101 35.0052 28.9897 20.0014
threshold=3.5000000000000004 6.5000000000000009 -0.13542756738202963 0.21091601974081706 0.15349239706244869 0.06718098489430524
decision_type=2 2 8 10 8 10
left_child=5 2 -2 4 -4 -1
right_child=1 -3 3 -5 -6 -7
leaf_value=-5.2686211857686793e-05 0.0062158104663939924 9.9978146890093036e-05 -0.00063769205773755967 0.00030428409931977657 -0.0024588986197608396 0.0012335595114211988
leaf_weight=5374 162 18378 3510 3394 2046 3194
leaf_count=5374 162 18378 3510 3394 2046 3194
internal_value=3.32788e-06 -0.00028482 -0.00144519 -0.00167579 -0.00314198 0.000927763
internal_weight=36058 27490 9112 8950 5556 8568
internal_count=36058 27490 9112 8950 5556 8568
is_linear=0
shrinkage=0.03


Tree=280
num_leaves=7
num_cat=0
split_feature=11 2 14 8 14 2
split_gain=8.25132 25.941 17.3212 17.2753 14.2281 14.0294
threshold=-0.052801332949107486 7.5000000000000009 -0.036615603849319271 -0.2611892947520133 -0.078181144969142288 6.5000000000000009
decision_type=8 2 8 8 8 2
left_child=1 3 -3 4 -1 -2
right_child=5 2 -4 -5 -6 -7
leaf_value=-0.0014564756521487756 0.00012536568653654843 0.00038479488440244921 0.0020958989249134025 0.00023325805419267744 -0.00011499263715572588 -0.00050051381705941542
leaf_weight=1369 12970 2566 1962 3947 1584 11723
leaf_count=1369 12970 2566 1962 3947 1584 11723
internal_value=-1.2873e-05 0.0006536 0.00241775 -0.000504275 -0.00223934 -0.000321333
internal_weight=36121 11428 4528 6900 2953 24693
internal_count=36121 11428 4528 6900 2953 24693
is_linear=0
shrinkage=0.03


Tree=281
num_leaves=7
num_cat=1
split_feature=11 2 14 1 3 10
split_gain=9.88533 31.1906 23.0618 20.7659 15.4194 12.1444
threshold=-0.22399416544200698 7.5000000000000009 -0.13849821623747985 0 3.5000000000000004 0.13337511820537265
decision_type=8 2 8 9 2 10
left_child=1 -1 3 -3 -4 -2
right_child=5 2 4 -5 -6 -7
leaf_value=-0.00026288047501306686 1.5720870902909565e-05 0.0033632890788003115 0.00010374517249071624 -0.0021720961579188044 0.0041513364402637892 -0.00061629841268359502
leaf_weight=2802 26205 205 314 420 1017 5119
leaf_count=2802 26205 205 314 420 1017 5119
internal_value=-2.57739e-05 0.00124816 0.00415432 -0.000599042 0.00638514 -0.000219314
internal_weight=36082 4758 1956 625 1331 31324
internal_count=36082 4758 1956 625 1331 31324
cat_boundaries=0 1
cat_threshold=34144616
is_linear=0
shrinkage=0.03


Tree=282
num_leaves=7
num_cat=1
split_feature=11 1 14 2 11 12
split_gain=9.75994 16.3112 11.9089 15.799 10.2119 9.33036
threshold=-0.36464654208861885 0 -0.083389202907485124 3.5000000000000004 -0.53871887673615004 0.16344403140761712
decision_type=8 9 8 2 10 8
left_child=1 4 -3 -4 -1 -2
right_child=5 2 3 -5 -6 -7
leaf_value=0.005354363314279886 5.3869182261758741e-05 -0.00094261094304185769 -0.0020302838315922602 0.003003868753408293 0.00086192725396985477 -0.00045054485520170659
leaf_weight=204 27337 661 142 430 626 6685
leaf_count=204 27337 661 142 430 626 6685
internal_value=2.45247e-05 0.00202762 -0.000180868 0.00298429 0.00524376 -9.69932e-05
internal_weight=36085 2063 1233 572 830 34022
internal_count=36085 2063 1233 572 830 34022
cat_boundaries=0 1
cat_threshold=506396936
is_linear=0
shrinkage=0.03


Tree=283
num_leaves=7
num_cat=3
split_feature=3 3 1 1 12 1
split_gain=8.26694 21.227 20.0338 18.1399 16.6104 14.5437
threshold=3.5000000000000004 6.5000000000000009 0 1 -0.042009019968745058 2
decision_type=2 2 9 9 8 9
left_child=3 2 4 -1 -2 -3
right_child=1 5 -4 -5 -6 -7
leaf_value=-0.0007013028240454868 0.0026184084281132059 0.00029131824402915934 7.5510447406638973e-05 0.00016500411843909182 0.00059386102699522712 -0.00035367684579494366
leaf_weight=3959 1565 7201 4619 4508 2753 11422
leaf_count=3959 1565 7201 4619 4508 2753 11422
internal_value=9.53425e-05 0.00034723 0.001549 -0.000724492 0.00301455 -0.000229543
internal_weight=36027 27560 8937 8467 4318 18623
internal_count=36027 27560 8937 8467 4318 18623
cat_boundaries=0 1 2 3
cat_threshold=113295576 151633182 423201820
is_linear=0
shrinkage=0.03


Tree=284
num_leaves=7
num_cat=1
split_feature=11 1 2 4 14 14
split_gain=10.0549 19.3757 13.3549 10.7218 28.8598 15.5075
threshold=-0.36464654208861885 0 8.5000000000000018 1.5000000000000002 -0.054345570193398834 -0.09127004734063783
decision_type=8 9 2 2 10 8
left_child=1 -1 -3 4 5 -2
right_child=3 2 -4 -5 -6 -7
leaf_value=-0.001234583786952694 0.0006174222284299817 0.00043077818920999 0.003188989420424373 -0.00011754394442123633 0.0019713136656045265 -0.0015824114487244731
leaf_weight=341 753 1166 567 31172 1360 683
leaf_count=341 753 1166 567 31172 1360 683
internal_value=-4.6611e-05 0.00198072 0.00325975 -0.00017045 0.00160887 -0.00135699
internal_weight=36042 2074 1733 33968 2796 1436
internal_count=36042 2074 1733 33968 2796 1436
cat_boundaries=0 1
cat_threshold=1082512
is_linear=0
shrinkage=0.03


Tree=285
num_leaves=7
num_cat=1
split_feature=11 3 8 12 0 7
split_gain=10.2908 13.1013 11.8411 12.9711 14.5119 15.4665
threshold=0.016276374640950667 1.5000000000000002 0.47909024335344658 0.05950118180801179 0 -0.31067681845898582
decision_type=8 2 10 8 1 10
left_child=-1 -2 3 4 -3 -6
right_child=1 2 -4 -5 5 -7
leaf_value=0.00020540378371715462 -0.0011046720432060235 0.00049435993786283599 0.00087459359726618194 -0.00053866009834053021 0.0013984935499091839 -0.0011032366620085741
leaf_weight=15721 1759 4974 2353 7342 873 3211
leaf_count=15721 1759 4974 2353 7342 873 3211
internal_value=1.11773e-05 -0.000431434 -0.000199158 -0.000484727 0.000274865 -0.00105018
internal_weight=36233 20512 18753 16400 9058 4084
internal_count=36233 20512 18753 16400 9058 4084
cat_boundaries=0 1
cat_threshold=2
is_linear=0
shrinkage=0.03


Tree=286
num_leaves=7
num_cat=2
split_feature=11 0 10 2 1 11
split_gain=8.73531 8.12177 40.1199 28.0218 31.8399 27.725
threshold=-0.59288477880676804 0 0.22314355131421018 3.5000000000000004 1 -0.30967381029961411
decision_type=8 1 8 2 9 10
left_child=-1 -2 -3 -4 5 -5
right_child=1 2 3 4 -6 -7
leaf_value=0.0030400847800474838 0.0001371061951247142 0.00056352901923044276 0.00039872867671669824 -0.0005652471648100796 -0.00061354494108146649 -0.004863877111186919
leaf_weight=279 18262 7298 2475 1004 5429 1604
leaf_count=279 18262 7298 2475 1004 5429 1604
internal_value=2.51706e-05 -1.58013e-05 -0.000471619 -0.00165795 -0.00251742 -0.00523482
internal_weight=36351 36072 17810 10512 8037 2608
internal_count=36351 36072 17810 10512 8037 2608
cat_boundaries=0 1 2
cat_threshold=2 359993382
is_linear=0
shrinkage=0.03


Tree=287
num_leaves=7
num_cat=1
split_feature=12 3 0 13 13 13
split_gain=9.26196 9.29317 16.424 38.3477 28.0274 33.7754
threshold=-0.47023045332255936 10.500000000000002 0 -0.0054397113987459562 0.0026070321750824 -0.053913613882444138
decision_type=8 2 1 8 8 10
left_child=-1 2 4 -4 5 -2
right_child=1 -3 3 -5 -6 -7
leaf_value=0.0033042731226672908 -3.2322577040463406e-05 -0.00039288575160675008 -0.0010768134583097133 0.00029895452987603561 -6.1753215794147081e-05 0.0013522571386246746
leaf_weight=302 2700 6277 5508 9068 8779 3533
leaf_count=302 2700 6277 5508 9068 8779 3533
internal_value=2.44691e-05 -1.96565e-05 0.000202778 -0.000514509 0.000899221 0.00243744
internal_weight=36167 35865 29588 14576 15012 6233
internal_count=36167 35865 29588 14576 15012 6233
cat_boundaries=0 1
cat_threshold=2
is_linear=0
shrinkage=0.03


Tree=288
num_leaves=7
num_cat=2
split_feature=3 1 3 1 10 8
split_gain=8.68617 18.1486 16.4548 20.2365 18.9104 17.3937
threshold=9.5000000000000018 0 4.5000000000000009 1 -0.076960041137128496 -0.30247743462146331
decision_type=2 9 2 9 10 8
left_child=2 -2 -1 4 -4 -5
right_child=1 -3 3 5 -6 -7
leaf_value=-0.00014651138226666591 -0.0010550377651433345 7.0144675704587875e-05 0.0013141407990182549 -0.0018482918421431332 0.00018329478087539763 9.9631315415799201e-05
leaf_weight=11645 2953 6531 4938 776 4464 4888
leaf_count=11645 2953 6531 4938 776 4464 4888
internal_value=9.98729e-05 -0.000680021 0.000376797 0.00103139 0.00188357 -0.000385903
internal_weight=36195 9484 26711 15066 9402 5664
internal_count=36195 9484 26711 15066 9402 5664
cat_boundaries=0 1 2
cat_threshold=146986624 185192344
is_linear=0
shrinkage=0.03


Tree=289
num_leaves=7
num_cat=2
split_feature=9 1 6 4 4 1
split_gain=7.99115 19.5017 9.26001 13.9214 16.3864 16.7727
threshold=-0.46721160632216246 0 -0.079903838071199371 3.5000000000000004 7.5000000000000009 1
decision_type=8 9 10 2 2 9
left_child=1 -1 3 -2 -5 -6
right_child=2 -3 -4 4 5 -7
leaf_value=-0.00036325526441572807 0.00097155907305902334 0.0019714925108673402 -0.00014925487436635658 -0.00066252115390697018 -0.00044069385584855135 0.00079254181135437183
leaf_weight=727 2502 597 22819 3576 2135 3868
leaf_count=727 2502 597 22819 3576 2135 3868
internal_value=0 0.00228679 -8.6817e-05 0.000584754 6.41962e-05 0.00102182
internal_weight=36224 1324 34900 12081 9579 6003
internal_count=36224 1324 34900 12081 9579 6003
cat_boundaries=0 1 2
cat_threshold=59827824 493454486
is_linear=0
shrinkage=0.03


Tree=290
num_leaves=7
num_cat=2
split_feature=6 1 7 14 14 1
split_gain=8.59006 12.6625 11.4741 10.9153 18.2077 14.9839
threshold=0.33129954448260929 0 0.30529268685597005 0.2306731728416074 0.21297366850885294 1
decision_type=10 9 10 10 10 9
left_child=3 -2 -3 4 -1 -5
right_child=1 2 -4 5 -6 -7
leaf_value=2.0991509379733735e-05 -0.0023171762947500111 0.0023302186041186416 -0.00085968327736560268 -0.00026588685552248441 -0.0029553748990067481 0.0013427416479903052
leaf_weight=31249 811 279 566 1283 240 1797
leaf_count=31249 811 279 566 1283 240 1797
internal_value=6.41804e-05 -0.00204587 0.000543224 0.000165317 -1.42903e-06 0.00186952
internal_weight=36225 1656 845 34569 31489 3080
internal_count=36225 1656 845 34569 31489 3080
cat_boundaries=0 1 2
cat_threshold=194089824 365442726
is_linear=0
shrinkage=0.03


Tree=291
num_leaves=7
num_cat=0
split_feature=4 4 5 13 13 13
split_gain=9.12616 18.7093 18.6891 19.2716 16.9994 24.9912
threshold=7.5000000000000009 3.5000000000000004 -0.44895720983105919 -0.079827293022394066 -0.12125964492891932 -0.12013673608311015
decision_type=2 2 10 10 8 8
left_child=1 2 3 -1 -3 -6
right_child=-2 4 -4 -5 5 -7
leaf_value=-0.0011992948326140706 0.00018765561900806248 0.0011136988377399833 6.4893161559604037e-05 0.0038044620304304071 -0.0085347670890187598 -0.00050301918280633295
leaf_weight=229 15347 767 7784 561 252 11217
leaf_count=229 15347 767 7784 561 252 11217
internal_value=-1.45196e-05 -0.000423814 0.000650729 0.00504425 -0.00117676 -0.001466
internal_weight=36157 20810 8574 790 12236 11469
internal_count=36157 20810 8574 790 12236 11469
is_linear=0
shrinkage=0.03


Tree=292
num_leaves=7
num_cat=1
split_feature=13 13 13 13 3 0
split_gain=9.09972 11.3545 15.4097 10.8834 9.33383 13.4045
threshold=0.42020497906229864 0.20685705339738433 0.19908071551484952 0.19257596380797434 10.500000000000002 0
decision_type=10 10 10 10 2 1
left_child=1 2 3 4 5 -1
right_child=-2 -3 -4 -5 -6 -7
leaf_value=0.00028237540360897482 0.0034486916317831746 -0.0035522608264862074 0.0033487243435154157 -0.0075749117792033938 -0.00036204376454076191 -0.00015821412711244804
leaf_weight=14954 107 275 222 126 6160 14178
leaf_count=14954 107 275 222 126 6160 14178
internal_value=5.49649e-05 2.88172e-05 7.57555e-05 2.62571e-05 5.78018e-05 0.000282154
internal_weight=36022 35915 35640 35418 35292 29132
internal_count=36022 35915 35640 35418 35292 29132
cat_boundaries=0 1
cat_threshold=2
is_linear=0
shrinkage=0.03


Tree=293
num_leaves=7
num_cat=1
split_feature=14 6 8 1 11 13
split_gain=9.36269 8.54537 17.8325 18.2111 21.0541 13.3366
threshold=-0.43978542759699907 0.0038464341039139431 -0.028975874929672237 0 -0.32596505613497312 -0.1068798998878198
decision_type=8 10 8 9 10 8
left_child=-1 2 3 4 -2 -5
right_child=1 -3 -4 5 -6 -7
leaf_value=0.0035105138224852173 0.00046680993912952826 -0.00022328997671628462 0.00040032983908645125 -0.0019941096281103246 -0.0014835536290244979 0.00031896015493952992
leaf_weight=246 917 16040 11749 565 2252 4413
leaf_count=246 917 16040 11749 565 2252 4413
internal_value=9.12031e-06 -3.08874e-05 0.00038448 -0.000694035 -0.00246698 0.000438966
internal_weight=36182 35936 19896 8147 3169 4978
internal_count=36182 35936 19896 8147 3169 4978
cat_boundaries=0 1
cat_threshold=143099674
is_linear=0
shrinkage=0.03


Tree=294
num_leaves=7
num_cat=2
split_feature=11 1 0 10 2 9
split_gain=9.57083 7.65195 13.1106 32.2444 11.3969 12.3626
threshold=-0.59288477880676804 0 1 -0.30070667920109923 5.5000000000000009 -0.31841206618788215
decision_type=8 9 1 10 2 8
left_child=-1 2 -2 4 -4 -6
right_child=1 -3 3 -5 5 -7
leaf_value=0.0027175481027879532 0.00014337037617039082 5.2275882419418606e-05 -0.00061526904770841068 0.0010524455881097488 1.0549290601958028e-05 -0.00455024342202906
leaf_weight=289 2535 30909 782 589 189 906
leaf_count=289 2535 30909 782 589 189 906
internal_value=2.90055e-06 -4.09345e-05 -0.00112829 -0.00268747 -0.00460863 -0.00658303
internal_weight=36199 35910 5001 2466 1877 1095
internal_count=36199 35910 5001 2466 1877 1095
cat_boundaries=0 1 2
cat_threshold=88412162 2
is_linear=0
shrinkage=0.03


Tree=295
num_leaves=7
num_cat=1
split_feature=8 1 14 14 13 13
split_gain=8.63326 19.9988 9.05845 8.62327 9.35138 25.1801
threshold=0.58569562818502041 0 0.32250252654052608 -0.43978542759699907 -0.1068798998878198 -0.12125964492891932
decision_type=10 9 10 8 8 10
left_child=3 2 -2 -1 5 -5
right_child=1 -3 -4 4 -6 -7
leaf_value=0.0029111401154783114 0.0018409655595959501 -0.00057528801580759641 0.0066286325646086599 9.300931389714797e-05 -4.5992624081733768e-06 -0.0029498559551668418
leaf_weight=239 526 804 155 1594 32077 729
leaf_count=239 526 804 155 1594 32077 729
internal_value=-8.3045e-06 0.00223082 0.00596098 -0.000104359 -0.000143891 -0.0019815
internal_weight=36124 1485 681 34639 34400 2323
internal_count=36124 1485 681 34639 34400 2323
cat_boundaries=0 1
cat_threshold=34406668
is_linear=0
shrinkage=0.03


Tree=296
num_leaves=7
num_cat=3
split_feature=3 3 1 1 1 9
split_gain=7.85445 20.2322 20.9314 18.615 16.362 14.1801
threshold=3.5000000000000004 6.5000000000000009 0 1 2 -0.26817946288557731
decision_type=2 2 9 9 9 8
left_child=3 2 5 -1 -3 -2
right_child=1 4 -4 -5 -6 -7
leaf_value=-0.00071614131504014252 0.0049374930227574004 0.00040299930912528941 -7.2015138272664973e-05 0.00014666094251440505 -0.00029155866757331458 0.00093815989894482574
leaf_weight=3812 348 4783 3876 4720 14102 4593
leaf_count=3812 348 4783 3876 4720 14102 4593
internal_value=3.64289e-05 0.000281558 0.00146802 -0.000759405 -0.000272424 0.00275949
internal_weight=36234 27702 8817 8532 18885 4941
internal_count=36234 27702 8817 8532 18885 4941
cat_boundaries=0 1 2 3
cat_threshold=130204892 18463902 423169040
is_linear=0
shrinkage=0.03


Tree=297
num_leaves=7
num_cat=1
split_feature=4 14 2 14 0 2
split_gain=9.31449 24.7886 25.2013 19.5543 19.4081 27.5839
threshold=7.5000000000000009 0.022737478497215222 4.5000000000000009 0.38889227436015961 0 3.5000000000000004
decision_type=2 8 2 8 1 2
left_child=3 4 -3 -1 -2 -6
right_child=1 2 -4 -5 5 -7
leaf_value=-3.3889690806527121e-05 0.0002871266620507029 -0.00018116023176012588 0.0018471717868127411 -0.001577958352002945 0.00065095300401410503 -0.0015461550879240405
leaf_weight=18858 5987 1619 3093 1888 1354 3394
leaf_count=18858 5987 1619 3093 1888 1354 3394
internal_value=2.1965e-05 0.000579687 0.00239338 -0.00039331 -0.000216561 -0.00164877
internal_weight=36193 15447 4712 20746 10735 4748
internal_count=36193 15447 4712 20746 10735 4748
cat_boundaries=0 1
cat_threshold=2
is_linear=0
shrinkage=0.03


Tree=298
num_leaves=7
num_cat=0
split_feature=4 14 4 14 13 14
split_gain=9.82178 31.4431 12.42 20.6382 20.9261 18.0507
threshold=1.5000000000000002 -0.1724174446753455 7.5000000000000009 0.015541878261281601 0.10136324727194838 -0.3019931236561153
decision_type=2 10 2 8 10 8
left_child=1 -1 5 -4 -5 -2
right_child=2 -3 3 4 -6 -7
leaf_value=-0.0025433866518369572 0.0038295387181202759 0.0010275082093020762 -9.0872315036263535e-05 0.00097923657267390556 -0.0034358873630399912 -0.0002664974308877835
leaf_weight=415 132 2563 9999 5133 163 17680
leaf_count=415 132 2563 9999 5133 163 17680
internal_value=5.19592e-05 0.00170191 -9.65024e-05 0.000530531 0.00204455 -0.00063493
internal_weight=36085 2978 33107 15295 5296 17812
internal_count=36085 2978 33107 15295 5296 17812
is_linear=0
shrinkage=0.03


Tree=299
num_leaves=7
num_cat=2
split_feature=12 3 1 3 1 11
split_gain=8.80209 8.86613 16.7278 12.7532 20.0895 25.2858
threshold=-0.47023045332255936 10.500000000000002 0 4.5000000000000009 1 0.36559298071418805
decision_type=8 2 9 2 9 8
left_child=-1 3 -3 4 -2 -6
right_child=1 2 -4 -5 5 -7
leaf_value=0.0031072674620506945 -0.00063995630143739513 0.00029279947369365852 -0.00097793775419095243 0.0002656869042250206 0.0003517186041467206 -0.0015910232126965299
leaf_weight=291 4697 2445 3769 18068 5864 988
leaf_count=291 4697 2445 3769 18068 5864 988
internal_value=8.30496e-07 -4.14434e-05 -0.0010716 0.000174725 -0.000603896 0.000432755
internal_weight=36122 35831 6214 29617 11549 6852
internal_count=36122 35831 6214 29617 11549 6852
cat_boundaries=0 1 2
cat_threshold=360458254 18461850
is_linear=0
shrinkage=0.03


end of trees

feature_importances:
market=354
dev24=248
nat_r3=237
m_T=201
nat_r1=153
prem=123
m_L=119
g=114
seas12=62
r12=49
crop=48
r2=37
r3=29
seas24=24
r1=2

parameters:
[boosting: gbdt]
[objective: quantile]
[metric: quantile]
[tree_learner: serial]
[device_type: cpu]
[data_sample_strategy: bagging]
[data: ]
[valid: ]
[num_iterations: 300]
[learning_rate: 0.03]
[num_leaves: 7]
[num_threads: 10]
[seed: 0]
[deterministic: 0]
[force_col_wise: 0]
[force_row_wise: 0]
[histogram_pool_size: -1]
[max_depth: -1]
[min_data_in_leaf: 100]
[min_sum_hessian_in_leaf: 0.001]
[bagging_fraction: 0.8]
[pos_bagging_fraction: 1]
[neg_bagging_fraction: 1]
[bagging_freq: 1]
[bagging_seed: 7719]
[bagging_by_query: 0]
[feature_fraction: 0.8]
[feature_fraction_bynode: 1]
[feature_fraction_seed: 2437]
[extra_trees: 0]
[extra_seed: 11797]
[early_stopping_round: 0]
[early_stopping_min_delta: 0]
[first_metric_only: 0]
[max_delta_step: 0]
[lambda_l1: 0]
[lambda_l2: 1]
[linear_lambda: 0]
[min_gain_to_split: 0]
[drop_rate: 0.1]
[max_drop: 50]
[skip_drop: 0.5]
[xgboost_dart_mode: 0]
[uniform_drop: 0]
[drop_seed: 21238]
[top_rate: 0.2]
[other_rate: 0.1]
[min_data_per_group: 100]
[max_cat_threshold: 32]
[cat_l2: 10]
[cat_smooth: 10]
[max_cat_to_onehot: 4]
[top_k: 20]
[monotone_constraints: ]
[monotone_constraints_method: basic]
[monotone_penalty: 0]
[feature_contri: ]
[forcedsplits_filename: ]
[refit_decay_rate: 0.9]
[cegb_tradeoff: 1]
[cegb_penalty_split: 0]
[cegb_penalty_feature_lazy: ]
[cegb_penalty_feature_coupled: ]
[path_smooth: 0]
[interaction_constraints: ]
[verbosity: -1]
[saved_feature_importance_type: 0]
[use_quantized_grad: 0]
[num_grad_quant_bins: 4]
[quant_train_renew_leaf: 0]
[stochastic_rounding: 1]
[linear_tree: 0]
[max_bin: 255]
[max_bin_by_feature: ]
[min_data_in_bin: 3]
[bin_construct_sample_cnt: 200000]
[data_random_seed: 38]
[is_enable_sparse: 1]
[enable_bundle: 1]
[use_missing: 1]
[zero_as_missing: 0]
[feature_pre_filter: 1]
[pre_partition: 0]
[two_round: 0]
[header: 0]
[label_column: ]
[weight_column: ]
[group_column: ]
[ignore_column: ]
[categorical_feature: 0,1]
[forcedbins_filename: ]
[precise_float_parser: 0]
[parser_config_file: ]
[objective_seed: 8855]
[num_class: 1]
[is_unbalance: 0]
[scale_pos_weight: 1]
[sigmoid: 1]
[boost_from_average: 1]
[reg_sqrt: 0]
[alpha: 0.5]
[fair_c: 1]
[poisson_max_delta_step: 0.7]
[tweedie_variance_power: 1.5]
[lambdarank_truncation_level: 30]
[lambdarank_norm: 1]
[label_gain: ]
[lambdarank_position_bias_regularization: 0]
[eval_at: ]
[multi_error_top_k: 1]
[auc_mu_weights: ]
[num_machines: 1]
[local_listen_port: 12400]
[time_out: 120]
[machine_list_filename: ]
[machines: ]
[gpu_platform_id: -1]
[gpu_device_id: -1]
[gpu_device_id_list: ]
[gpu_use_dp: 0]
[num_gpu: 1]

end of parameters

pandas_categorical:[["maize", "beans"], ["Arua", "Busia", "Fort Portal", "Gulu", "Hoima", "Iganga", "Jinja", "Kaabong", "Kapchorwa", "Karenga", "Karita", "Kasese", "Kiboga", "Kotido", "Lira", "Makaratin", "Masaka", "Masindi", "Mbale", "Mbarara", "Moroto", "Mukono", "Nabilatuk", "Namalu", "Napak", "Owino", "Soroti", "Tororo", "Wakiso"]]
