tree
version=v4
num_class=1
num_tree_per_iteration=1
label_index=0
max_feature_idx=14
objective=quantile
feature_names=crop market g m_T m_L r1 r2 r3 r12 seas12 seas24 dev24 prem nat_r1 nat_r3
feature_infos=-1:1:0 -1:25:14:3:19:5:8:6:7:13:15:23:18:10:4:11:16:2:1:20:27:17:26:22:9:24:21:28:12 [1:12] [1:12] [1:12] [-6.4150969591715956:6.2971093199339352] [-6.2146080984221914:6.3969296552161463] [-6.363028103540465:6.3969296552161463] [-6.3969296552161463:6.620073206530356] [-6.620073206530356:6.6970342476664841] [-6.620073206530356:6.6970342476664841] [-6.2418236259844848:0.92116425468978314] [-5.6810875365539726:0.77253746233871912] [-0.43769026763160562:0.56701991109726224] [-1.4039351944644534:0.76376528169911651]
tree_sizes=790 789 800 793 806 788 818 815 824 792 822 796 790 796 796 820 799 828 817 828 822 822 819 822 805 822 801 814 821 835 832 815 822 800 808 819 817 799 798 828 830 831 823 802 827 802 831 839 811 805 830 824 804 829 826 827 810 833 821 823 804 824 831 822 830 806 819 830 835 826 805 807 824 826 826 821 821 827 833 838 824 801 821 826 813 828 830 822 830 842 783 825 832 814 803 822 809 819 830 829 827 835 834 816 824 824 821 816 824 828 820 824 829 824 832 821 818 816 815 822 828 828 820 823 829 830 835 830 838 822 822 818 828 831 822 816 829 825 827 823 820 823 826 827 805 830 819 836 829 835 819 800 818 814 818 822 826 832 832 813 827 812 814 826 824 832 830 826 833 843 825 826 823 833 838 813 814 815 828 826 818 818 832 844 834 836 829 836 838 821 822 818 812 822 799 830 825 812 822 816 802 830 827 800 825 821 804 836 830 812 826 835 828 808 834 821 833 818 835 829 841 825 818 834 824 825 831 787 827 841 820 834 818 824 840 831 831 818 833 833 833 815 834 812 831 804 836 827 822 835 832 818 837 805 830 816 816 827 838 843 838 811 824 805 843 839 831 824 842 814 809 817 824 820 828 809 822 829 802 810 825 820 822 834 811 802 843 829 837 798 825 836 799 828 840 816 832 820 840 825

Tree=0
num_leaves=7
num_cat=1
split_feature=12 1 2 8 10 8
split_gain=143.91 44.8479 42.3283 42.2038 26.7756 22.6469
threshold=-0.12706952755095544 0 4.5000000000000009 -0.18267167935115133 0.38717216471390842 -0.12154518063870511
decision_type=10 9 2 10 8 10
left_child=1 -1 -3 4 -4 -2
right_child=5 2 3 -5 -6 -7
leaf_value=0.35809328157274606 0.35639057695865634 0.35889817863702772 0.37067077308893204 0.36053992569446563 0.36676910668611529 0.35279646074282017
leaf_weight=4123 11494 1807 708 1392 1341 15435
leaf_count=4123 11494 1807 708 1392 1341 15435
internal_value=0.356613 0.359815 0.36165 0.363612 0.36635 0.355499
internal_weight=36300 9371 5248 3441 2049 26929
internal_count=36300 9371 5248 3441 2049 26929
cat_boundaries=0 1
cat_threshold=206680898
is_linear=0
shrinkage=1


Tree=1
num_leaves=7
num_cat=0
split_feature=11 2 10 3 14 11
split_gain=207.226 81.7186 59.0625 39.9394 29.9092 26.5093
threshold=-0.14009592668807877 5.5000000000000009 0.38717216471390842 3.5000000000000004 -0.052498338827637749 -0.21701590015594882
decision_type=10 2 8 2 8 10
left_child=1 -1 3 -3 -4 -5
right_child=-2 2 4 5 -6 -7
leaf_value=0.0010272023823169635 -0.0028297384166342931 0.0033879587236957487 0.001331988667476367 0.012835107520222664 0.008103270411868483 0.005448092189210026
leaf_weight=4286 26334 455 1735 1019 1923 510
leaf_count=4286 26334 455 1735 1019 1923 510
internal_value=-2.16757e-05 0.00367167 0.00604359 0.0102106 0.00378136 0.0125314
internal_weight=36262 9928 5642 1984 3658 1529
internal_count=36262 9928 5642 1984 3658 1529
is_linear=0
shrinkage=0.03


Tree=2
num_leaves=7
num_cat=0
split_feature=11 2 10 12 11 13
split_gain=206.094 86.9843 61.1533 27.056 25.3005 24.4581
threshold=-0.14608532934848914 5.5000000000000009 0.42380251643348205 -0.077546845970053443 -0.3423574553856143 0.0054353557305519924
decision_type=10 2 8 10 10 8
left_child=1 -1 4 -2 -3 -4
right_child=3 2 5 -5 -6 -7
leaf_value=0.0009363421911382071 0.00037816049870260471 0.013569717775890229 0.0017335720335909929 -0.0039125187230598241 0.0062643597567694402 0.008716132842813128
leaf_weight=4172 7024 714 1869 19431 1284 1643
leaf_count=4172 7024 714 1869 19431 1284 1643
internal_value=2.51529e-05 0.00376991 0.00624388 -0.00134544 0.0104332 0.00385824
internal_weight=36137 9682 5510 26455 1998 3512
internal_count=36137 9682 5510 26455 1998 3512
is_linear=0
shrinkage=0.03


Tree=3
num_leaves=7
num_cat=0
split_feature=11 2 10 3 14 11
split_gain=188.964 78.814 55.6033 39.5324 30.9221 36.6506
threshold=-0.14312379761655866 4.5000000000000009 0.38717216471390842 3.5000000000000004 -0.078181144969142288 -0.35776541761888575
decision_type=10 2 8 2 8 8
left_child=1 -1 3 -3 -4 -6
right_child=-2 2 4 -5 5 -7
leaf_value=-0.00017207482699510706 -0.002700423495014574 0.0027061596639725077 0.00052174114762426312 0.010014653367464784 0.017301683903427501 0.0052808184270950013
leaf_weight=3410 26243 557 1784 1740 220 2177
leaf_count=3410 26243 557 1784 1740 220 2177
internal_value=-4.49193e-05 0.00348933 0.00543232 0.00918146 0.00337087 0.00559591
internal_weight=36131 9888 6478 2297 4181 2397
internal_count=36131 9888 6478 2297 4181 2397
is_linear=0
shrinkage=0.03


Tree=4
num_leaves=7
num_cat=0
split_feature=12 8 14 4 8 12
split_gain=133.056 36.6513 24.2459 23.4997 20.3952 18.0552
threshold=-0.13067182940312347 -0.30247743462146331 -0.078181144969142288 8.5000000000000018 -0.12154518063870511 -0.38920971102888074
decision_type=10 10 8 2 10 10
left_child=1 2 5 -4 -2 -1
right_child=4 -3 3 -5 -6 -7
leaf_value=0.0099737260224333543 -0.00028533055285785713 0.0015515675703358155 0.006613352110437805 0.011518893606148817 -0.0036040178642301329 0.0011837250345163174
leaf_weight=237 11584 4436 2055 1027 15517 1294
leaf_count=237 11584 4436 2055 1027 15517 1294
internal_value=-3.65142e-05 0.00311304 0.00498504 0.00651768 -0.00108822 0.00189752
internal_weight=36150 9049 4613 3082 27101 1531
internal_count=36150 9049 4613 3082 27101 1531
is_linear=0
shrinkage=0.03


Tree=5
num_leaves=7
num_cat=0
split_feature=11 2 11 14 3 14
split_gain=173.455 73.834 51.3085 56.0309 31.5826 30.7305
threshold=-0.12574695785839338 5.5000000000000009 -0.3423574553856143 -0.13778715735331173 3.5000000000000004 0.022737478497215222
decision_type=10 2 8 8 2 8
left_child=1 -1 3 -3 -5 -4
right_child=-2 2 5 4 -6 -7
leaf_value=0.00051646754587798274 -0.0026530599244491602 0.0030765497164697867 0.0021681055502075172 0.0053578127379456273 0.015937894901398002 0.0062791132649241254
leaf_weight=4564 25592 581 2662 229 638 1913
leaf_count=4564 25592 581 2662 229 638 1913
internal_value=-7.78614e-05 0.00315159 0.00533217 0.0102526 0.0150795 0.00377295
internal_weight=36179 10587 6023 1448 867 4575
internal_count=36179 10587 6023 1448 867 4575
is_linear=0
shrinkage=0.03


Tree=6
num_leaves=7
num_cat=2
split_feature=12 12 1 1 8 2
split_gain=126.423 34.3886 50.8754 29.1617 32.3732 25.4003
threshold=-0.21670889059819085 -0.035600231155342048 0 1 -0.66782937257565533 2.5000000000000004
decision_type=10 10 9 9 8 2
left_child=3 2 -2 4 -1 -5
right_child=1 -3 -4 5 -6 -7
leaf_value=0.013589026163580336 0.0061675915623234144 -0.0028801038555840231 -0.00043287636317721081 0.0006219039416211048 0.0024336874250948607 0.00905514755652744
leaf_weight=142 1827 20284 8984 467 2415 2094
leaf_count=142 1827 20284 8984 467 2415 2094
internal_value=-4.8297e-05 -0.000767463 0.000599056 0.00432037 0.00202453 0.00657737
internal_weight=36213 31095 10811 5118 2557 2561
internal_count=36213 31095 10811 5118 2557 2561
cat_boundaries=0 1 2
cat_threshold=301992092 504476422
is_linear=0
shrinkage=0.03


Tree=7
num_leaves=7
num_cat=1
split_feature=11 2 14 11 1 14
split_gain=153.686 65.6072 49.2538 68.1889 32.085 22.4531
threshold=-0.12574695785839338 5.5000000000000009 -0.13778715735331173 -0.21172335161138409 0 0.012073680183295977
decision_type=10 2 8 8 9 8
left_child=1 -1 -3 4 5 -4
right_child=-2 2 3 -5 -6 -7
leaf_value=0.00047253290489962638 -0.0025408353857873066 0.00079436432710523113 0.0089887490766425993 0.004029195450365855 0.0041114848601751311 0.01537113627247436
leaf_weight=4586 25591 1625 757 2564 689 441
leaf_count=4586 25591 1625 757 2564 689 441
internal_value=-9.21009e-05 0.00293388 0.00497811 0.00660984 0.010937 0.0139007
internal_weight=36253 10662 6076 4451 1887 1198
internal_count=36253 10662 6076 4451 1887 1198
cat_boundaries=0 1
cat_threshold=302694844
is_linear=0
shrinkage=0.03


Tree=8
num_leaves=7
num_cat=1
split_feature=12 1 2 8 10 2
split_gain=111.219 39.6346 36.1043 26.3767 22.1351 18.6713
threshold=-0.13067182940312347 0 3.5000000000000004 -0.18267167935115133 0.38717216471390842 4.5000000000000009
decision_type=10 9 2 10 8 2
left_child=1 -1 -3 4 -4 -2
right_child=5 2 3 -5 -6 -7
leaf_value=0.00080008681170859323 -0.0041920123819395166 0.00036626233805634302 0.011248321053232768 0.0037101197021418785 0.0082374574659855905 -0.00091847300781604528
leaf_weight=3965 9752 1339 781 1536 1457 17531
leaf_count=3965 9752 1339 781 1536 1457 17531
internal_value=-0.000123014 0.00275317 0.00449473 0.00600477 0.00808218 -0.00108008
internal_weight=36361 9078 5113 3774 2238 27283
internal_count=36361 9078 5113 3774 2238 27283
cat_boundaries=0 1
cat_threshold=206680898
is_linear=0
shrinkage=0.03


Tree=9
num_leaves=7
num_cat=0
split_feature=11 11 14 14 12 11
split_gain=137.997 55.0407 34.3705 33.9237 30.8683 31.2219
threshold=-0.12574695785839338 -0.4662331769681422 0.078547279112105614 -0.13778715735331173 -0.080426337986021487 -0.15504664768272122
decision_type=10 8 8 8 8 8
left_child=1 3 -3 -1 -4 -6
right_child=-2 2 4 -5 5 -7
leaf_value=0.0031136046325697885 -0.002383459068984661 0.0014602569562171669 0.0085734594684303382 0.014812555425810878 0.0061672648775035884 0.00082487400494329259
leaf_weight=313 25507 6954 941 505 425 1435
leaf_count=313 25507 6954 941 505 425 1435
internal_value=-0.00012472 0.00275686 0.00212946 0.0102271 0.00493469 0.0026921
internal_weight=36080 10573 9755 818 2801 1860
internal_count=36080 10573 9755 818 2801 1860
is_linear=0
shrinkage=0.03


Tree=10
num_leaves=7
num_cat=1
split_feature=11 2 10 1 12 12
split_gain=130.82 61.3178 57.939 26.207 23.724 21.8347
threshold=-0.14608532934848914 6.5000000000000009 0.39566675415567781 0 -0.035600231155342048 -0.43264300565665786
decision_type=10 2 8 9 10 8
left_child=1 5 3 -3 -2 -1
right_child=4 2 -4 -5 -6 -7
leaf_value=0.0086753940113868996 -4.1662116716446771e-05 0.008782200499383469 0.0037822889514432479 0.0048754794649310939 -0.0037109917155790234 0.0001451779414191926
leaf_weight=228 9563 1198 3027 447 16912 4771
leaf_count=228 9563 1198 3027 447 16912 4771
internal_value=-0.00013578 0.00285019 0.00532078 0.00985115 -0.00122658 0.000540599
internal_weight=36146 9671 4672 1645 26475 4999
internal_count=36146 9671 4672 1645 26475 4999
cat_boundaries=0 1
cat_threshold=312197548
is_linear=0
shrinkage=0.03


Tree=11
num_leaves=7
num_cat=0
split_feature=11 11 2 14 11 3
split_gain=131.416 58.1006 42.7787 35.7645 43.4775 38.9641
threshold=-0.13065478172693187 -0.4662331769681422 5.5000000000000009 -0.078181144969142288 -0.21172335161138409 3.5000000000000004
decision_type=10 8 2 8 8 2
left_child=1 -1 -3 -4 5 -5
right_child=-2 2 3 4 -6 -7
leaf_value=0.012868049443737064 -0.0022692680593920265 -0.00035321369123817467 0.00055630623043344989 0.00012748431887359439 0.0039955248157323275 0.0077448761312359235
leaf_weight=830 25822 4121 1921 285 2190 989
leaf_count=830 25822 4121 1921 285 2190 989
internal_value=-0.000140879 0.00271762 0.00205238 0.00381266 0.0056329 0.0100376
internal_weight=36158 10336 9506 5385 3464 1274
internal_count=36158 10336 9506 5385 3464 1274
is_linear=0
shrinkage=0.03


Tree=12
num_leaves=7
num_cat=0
split_feature=11 2 14 11 3 3
split_gain=122.42 58.3136 46.4895 65.2374 29.8095 24.7548
threshold=-0.091573485528714013 4.5000000000000009 -0.078181144969142288 -0.3423574553856143 3.5000000000000004 3.5000000000000004
decision_type=10 2 8 8 2 2
left_child=1 -1 -3 4 -4 -5
right_child=-2 2 3 5 -6 -7
leaf_value=-0.00069367126517734838 -0.0025066380299657411 0.0011875514878513149 0.0024812962277204957 -0.0003568287107382166 0.013280154470076352 0.0053059751937076819
leaf_weight=4208 24040 2998 192 922 603 3099
leaf_count=4208 24040 2998 192 922 603 3099
internal_value=-0.000129108 0.00234251 0.00387562 0.00570106 0.013549 0.00414644
internal_weight=36062 12022 7814 4816 795 4021
internal_count=36062 12022 7814 4816 795 4021
is_linear=0
shrinkage=0.03


Tree=13
num_leaves=7
num_cat=0
split_feature=8 14 2 10 7 13
split_gain=51.2847 59.1639 35.9378 30.5114 26.6865 16.9784
threshold=-0.33637098105181046 0.086602373224679396 8.5000000000000018 0.30104908964768745 -0.31067681845898582 0.02824336288449503
decision_type=8 8 2 8 10 8
left_child=1 2 -1 -4 5 -2
right_child=4 -3 3 -5 -6 -7
leaf_value=-0.00065231157884306369 -0.00031141878016383554 0.012503993074997487 0.0086307827882315825 0.0022228176345269624 -0.001654597050278006 0.0043704323519336901
leaf_weight=2373 2936 437 486 696 26666 2513
leaf_count=2373 2936 437 486 696 26666 2513
internal_value=-0.000165089 0.00304132 0.001759 0.00603043 -0.000563738 0.00134917
internal_weight=36107 3992 3555 1182 32115 5449
internal_count=36107 3992 3555 1182 32115 5449
is_linear=0
shrinkage=0.03


Tree=14
num_leaves=7
num_cat=0
split_feature=11 11 2 3 3 10
split_gain=110.978 59.1029 41.4869 29.6768 42.8624 31.5771
threshold=-0.06621950140804643 -0.4662331769681422 3.5000000000000004 3.5000000000000004 7.5000000000000009 0.16512226818797296
decision_type=10 8 2 2 2 8
left_child=1 -1 -3 -4 5 -5
right_child=-2 2 3 4 -6 -7
leaf_value=0.012465487666152561 -0.0026198210192065014 -0.0021935640547895143 -0.00086012685372164569 0.0083359222079400427 0.0016188714786973995 0.0044847771839615826
leaf_weight=818 22882 3339 2017 789 3799 2491
leaf_count=818 22882 3339 2017 789 3799 2491
internal_value=-0.000129927 0.00205455 0.00154029 0.00259008 0.00350466 0.00601646
internal_weight=36135 13253 12435 9096 7079 3280
internal_count=36135 13253 12435 9096 7079 3280
is_linear=0
shrinkage=0.03


Tree=15
num_leaves=7
num_cat=1
split_feature=8 6 1 2 14 8
split_gain=43.7871 34.3913 21.8332 19.5412 19.2621 22.9659
threshold=-0.30830135965451694 -0.20000847582573608 0 2.5000000000000004 -0.13849821623747985 -0.44952241667983234
decision_type=10 10 9 2 8 8
left_child=1 3 -3 -1 -5 -6
right_child=-2 2 -4 4 5 -7
leaf_value=-0.0019801437594614744 -0.0016695246393624097 0.0029306808765157551 -0.0015024456445089571 0.00028031716670617223 0.01099917686591524 0.0057544739756663545
leaf_weight=646 23010 3364 6032 755 414 1953
leaf_count=646 23010 3364 6032 755 414 1953
internal_value=-0.00019356 0.00118633 0.000215174 0.00360732 0.00458982 0.00592019
internal_weight=36174 13164 9396 3768 3122 2367
internal_count=36174 13164 9396 3768 3122 2367
cat_boundaries=0 1
cat_threshold=168314972
is_linear=0
shrinkage=0.03


Tree=16
num_leaves=7
num_cat=0
split_feature=11 11 2 13 14 11
split_gain=97.8332 50.8283 36.0468 35.663 31.9247 34.8568
threshold=-0.091573485528714013 -0.44962178108781353 4.5000000000000009 0.010019297986408595 -0.078181144969142288 -0.21172335161138409
decision_type=10 8 2 8 8 8
left_child=1 3 -3 -1 -4 -6
right_child=-2 2 4 -5 5 -7
leaf_value=0.005878134299425292 -0.0023394361728579487 -0.0011524195517829859 9.1341220462802953e-05 0.01396260743910085 0.0058759887788706932 0.0031911207354917109
leaf_weight=701 24128 3955 2651 270 1386 3131
leaf_count=701 24128 3955 2651 270 1386 3131
internal_value=-0.000203904 0.00199818 0.00142314 0.00857716 0.00269159 0.0042251
internal_weight=36222 12094 11123 971 7168 4517
internal_count=36222 12094 11123 971 7168 4517
is_linear=0
shrinkage=0.03


Tree=17
num_leaves=7
num_cat=1
split_feature=12 1 2 8 12 2
split_gain=86.2005 42.7066 29.1762 23.4735 13.264 12.9373
threshold=-0.077546845970053443 0 2.5000000000000004 -0.13353139262452227 -0.20784492027806853 4.5000000000000009
decision_type=10 9 2 10 8 2
left_child=1 -1 -3 4 -4 -2
right_child=5 2 3 -5 -6 -7
leaf_value=-0.00051515307314666425 -0.0040144830638533585 -0.001156444544189788 0.0074622604741168448 0.002481374133567442 0.0053963574137967842 -0.0011999019687992181
leaf_weight=4997 8399 1355 1354 2532 2334 15143
leaf_count=4997 8399 1355 1354 2532 2334 15143
internal_value=-0.000202188 0.00180339 0.00322106 0.0040942 0.00562103 -0.00127325
internal_weight=36114 12572 7575 6220 3688 23542
internal_count=36114 12572 7575 6220 3688 23542
cat_boundaries=0 1
cat_threshold=208777986
is_linear=0
shrinkage=0.03


Tree=18
num_leaves=7
num_cat=1
split_feature=11 11 14 12 14 1
split_gain=92.6664 50.5832 37.0456 33.1942 32.3892 25.0381
threshold=-0.071940544983147156 -0.4662331769681422 0.06718098489430524 -0.080426337986021487 -0.13778715735331173 0
decision_type=10 8 8 8 8 9
left_child=1 4 -3 5 -1 -4
right_child=-2 2 3 -5 -6 -7
leaf_value=0.0014969791879649247 -0.0023764818986082904 0.00053089720380576188 0.0045470445434380178 0.0021533347579516483 0.012195125665225773 0.0097131667040363714
leaf_weight=315 23026 8703 581 2225 509 653
leaf_count=315 23026 8703 581 2225 509 653
internal_value=-0.000175104 0.00185124 0.00136348 0.00398931 0.00904 0.0079336
internal_weight=36012 12986 12162 3459 824 1234
internal_count=36012 12986 12162 3459 824 1234
cat_boundaries=0 1
cat_threshold=68760544
is_linear=0
shrinkage=0.03


Tree=19
num_leaves=7
num_cat=1
split_feature=11 2 14 11 1 12
split_gain=84.8958 44.6099 42.7553 46.0223 23.2541 21.6481
threshold=-0.071940544983147156 3.5000000000000004 0.068674581258819159 -0.33217278236961473 0 -0.10610098675506262
decision_type=10 2 8 8 9 10
left_child=1 -1 4 -4 5 -3
right_child=-2 2 3 -5 -6 -7
leaf_value=-0.0018800210428060267 -0.0023090052787792426 0.0050540832606979728 0.013138051010577946 0.0052350071957438281 -0.00085526449748228085 0.0012680651440698161
leaf_weight=3469 23285 1928 248 2394 2782 2170
leaf_count=3469 23285 1928 248 2394 2782 2170
internal_value=-0.000188219 0.00175469 0.00281571 0.00605902 0.00156954 0.00300219
internal_weight=36276 12991 9522 2642 6880 4098
internal_count=36276 12991 9522 2642 6880 4098
cat_boundaries=0 1
cat_threshold=42716348
is_linear=0
shrinkage=0.03


Tree=20
num_leaves=7
num_cat=2
split_feature=12 1 2 8 12 1
split_gain=84.223 30.0354 23.1539 19.6756 18.4854 23.2697
threshold=-0.14815603347080006 0 4.5000000000000009 -0.19177349900101734 0.025554602948446806 1
decision_type=10 9 2 10 10 9
left_child=1 -1 -3 -4 5 -2
right_child=4 2 3 -5 -6 -7
leaf_value=0.00069730154271442646 0.0028543073217479633 0.0016289799237216556 0.0085144412983849324 0.0032542016947881558 -0.0030733359982021763 -0.0011310860499281141
leaf_weight=3523 2848 1600 1797 1226 15427 9663
leaf_count=3523 2848 1600 1797 1226 15427 9663
internal_value=-0.000141666 0.00254228 0.0041284 0.00568155 -0.0009243 -6.7376e-05
internal_weight=36084 8146 4623 3023 27938 12511
internal_count=36084 8146 4623 3023 27938 12511
cat_boundaries=0 1 2
cat_threshold=206680898 33622220
is_linear=0
shrinkage=0.03


Tree=21
num_leaves=7
num_cat=1
split_feature=12 1 2 3 3 2
split_gain=75.3043 35.367 24.0024 19.0736 47.2369 16.5164
threshold=-0.08318246158357788 0 2.5000000000000004 3.5000000000000004 6.5000000000000009 6.5000000000000009
decision_type=10 9 2 2 2 2
left_child=1 -1 -3 -4 -5 -6
right_child=-2 2 3 4 5 -7
leaf_value=-0.00053085346665741992 -0.0019045461847347982 -0.0007249322680892991 0.00093667855778849923 0.0076193280280099345 -9.958373652817341e-05 0.0054512106170118485
leaf_weight=4439 24035 1424 1446 1604 1294 1940
leaf_count=4439 24035 1424 1446 1604 1294 1940
internal_value=-0.000173452 0.00175165 0.00297785 0.00377852 0.00468196 0.00259289
internal_weight=36182 12147 7708 6284 4838 3234
internal_count=36182 12147 7708 6284 4838 3234
cat_boundaries=0 1
cat_threshold=475050754
is_linear=0
shrinkage=0.03


Tree=22
num_leaves=7
num_cat=1
split_feature=11 2 10 3 1 13
split_gain=86.4587 43.6697 32.6189 27.3703 23.2158 17.0498
threshold=-0.13065478172693187 6.5000000000000009 0.30104908964768745 3.5000000000000004 0 0.0054353557305519924
decision_type=10 2 8 2 9 8
left_child=1 -1 3 -3 -5 -4
right_child=-2 2 5 4 -6 -7
leaf_value=0.00031506127993233192 -0.0018767534045875346 0.00036177076487455191 0.00049122906340020602 0.0081214138377404266 0.0031461617116104114 0.0057427270565506353
leaf_weight=5340 25807 385 1812 927 363 1538
leaf_count=5340 25807 385 1812 927 363 1538
internal_value=-0.00021165 0.00210255 0.00410963 0.00752685 0.00962045 0.00239928
internal_weight=36172 10365 5025 1675 1290 3350
internal_count=36172 10365 5025 1675 1290 3350
cat_boundaries=0 1
cat_threshold=35373486
is_linear=0
shrinkage=0.03


Tree=23
num_leaves=7
num_cat=1
split_feature=11 14 11 11 12 1
split_gain=75.2059 50.615 44.7798 22.523 20.8052 24.414
threshold=-0.047984122943401701 0.068674581258819159 -0.33217278236961473 -0.6942713297994948 -0.077546845970053443 0
decision_type=10 8 8 8 8 9
left_child=1 3 -3 -1 5 -4
right_child=-2 2 4 -5 -6 -7
leaf_value=0.021273064710891059 -0.0022940023434812173 0.011279861901054076 0.0022418718398039945 0.00023599272464047114 0.0016919523680751756 0.0087222645113284314
leaf_weight=116 21974 324 500 10362 2267 826
leaf_count=116 21974 324 500 10362 2267 826
internal_value=-0.000250674 0.00143477 0.0043438 0.000346979 0.00337813 0.00636172
internal_weight=36369 14395 3917 10478 3593 1326
internal_count=36369 14395 3917 10478 3593 1326
cat_boundaries=0 1
cat_threshold=68891456
is_linear=0
shrinkage=0.03


Tree=24
num_leaves=7
num_cat=0
split_feature=11 14 11 2 11 14
split_gain=70.2091 48.2208 45.7153 23.6165 24.115 29.5045
threshold=-0.047984122943401701 0.068674581258819159 -0.30967381029961411 6.5000000000000009 -0.22399416544200698 -0.078181144969142288
decision_type=10 8 8 2 8 10
left_child=1 3 -3 -1 5 -5
right_child=-2 2 -4 4 -6 -7
leaf_value=-0.001576396929590447 -0.0022610468823701653 0.011023733517673778 0.0037805624343670253 0.0015748196120451371 0.00013496475099310378 0.0063458981713054932
leaf_weight=5417 21854 354 3578 1166 2985 854
leaf_count=5417 21854 354 3578 1166 2985 854
internal_value=-0.000228507 0.00140146 0.00423188 0.000333301 0.00181882 0.00434933
internal_weight=36208 14354 3932 10422 5005 2020
internal_count=36208 14354 3932 10422 5005 2020
is_linear=0
shrinkage=0.03


Tree=25
num_leaves=7
num_cat=1
split_feature=11 11 14 14 12 1
split_gain=67.4015 35.0258 29.0635 25.722 29.5783 20.0626
threshold=-0.10211480987248399 -0.52389194261985883 -0.13778715735331173 0.078547279112105614 -0.090127665746920979 0
decision_type=10 8 8 8 8 9
left_child=1 2 -1 -3 5 -5
right_child=-2 3 -4 4 -6 -7
leaf_value=0.00030032356502936782 -0.0018807838177890784 0.00051042441052840878 0.012709199083905739 0.0024790705941325963 0.0017630053148066688 0.0087618475532775641
leaf_weight=242 24630 7950 320 390 2063 648
leaf_count=242 24630 7950 320 390 2063 648
internal_value=-0.000241944 0.00164207 0.00894138 0.00127009 0.00358704 0.00771511
internal_weight=36243 11613 562 11051 3101 1038
internal_count=36243 11613 562 11051 3101 1038
cat_boundaries=0 1
cat_threshold=77148480
is_linear=0
shrinkage=0.03


Tree=26
num_leaves=7
num_cat=0
split_feature=11 2 10 12 3 3
split_gain=63.6385 36.5585 30.7452 24.0309 20.9582 17.2714
threshold=-0.16615019595391708 7.5000000000000009 0.2388919082823491 0.05950118180801179 3.5000000000000004 7.5000000000000009
decision_type=10 2 8 10 2 2
left_child=1 -1 4 5 -3 -2
right_child=3 2 -4 -5 -6 -7
leaf_value=0.00050535921591997931 0.00083664883117677926 0.00017285613653877184 0.0026924996609022115 -0.0038972628936556151 0.0073798858345421482 -0.002272837561453639
leaf_weight=5356 9205 208 2580 10815 852 7295
leaf_count=5356 9205 208 2580 10815 852 7295
internal_value=-0.000239674 0.00194865 0.00426806 -0.000960427 0.00856739 -0.000239986
internal_weight=36311 8996 3640 27315 1060 16500
internal_count=36311 8996 3640 27315 1060 16500
is_linear=0
shrinkage=0.03


Tree=27
num_leaves=7
num_cat=2
split_feature=12 11 11 2 1 1
split_gain=61.5378 28.8367 25.7223 24.5282 19.6173 17.9462
threshold=-0.22222449718430634 -0.53871887673615004 -0.047984122943401701 6.5000000000000009 0 1
decision_type=10 8 10 2 9 9
left_child=1 4 3 -2 -1 -3
right_child=2 5 -4 -5 -6 -7
leaf_value=0.0086524529065946307 -0.0013424836316060259 0.00045003817975451378 -0.002306996847400098 0.0020815455970927665 0.014340713442085078 0.0048825996906900768
leaf_weight=165 5538 2113 20688 5137 194 2317
leaf_count=165 5538 2113 20688 5137 194 2317
internal_value=-0.00024164 0.00292547 -0.000725323 0.000470681 0.0110917 0.00226134
internal_weight=36152 4789 31363 10675 359 4430
internal_count=36152 4789 31363 10675 359 4430
cat_boundaries=0 1 2
cat_threshold=16434 513224960
is_linear=0
shrinkage=0.03


Tree=28
num_leaves=7
num_cat=1
split_feature=11 2 1 11 3 3
split_gain=60.2818 34.7715 27.5434 30.4013 19.4477 28.77
threshold=-0.047984122943401701 3.5000000000000004 0 -0.36464654208861885 3.5000000000000004 7.5000000000000009
decision_type=10 2 9 8 2 2
left_child=1 -1 -3 -4 -5 -6
right_child=-2 2 3 4 5 -7
leaf_value=-0.0018318017830713977 -0.0020452394220578452 0.00040270573846402561 0.0082986023127388404 -0.0010789429338362395 0.0059252553327259466 0.0012369862430335833
leaf_weight=3830 21682 4069 911 1214 2016 2310
leaf_count=3830 21682 4069 911 1214 2016 2310
internal_value=-0.000180835 0.00132743 0.00221842 0.003435 0.00260422 0.00354564
internal_weight=36032 14350 10520 6451 5540 4326
internal_count=36032 14350 10520 6451 5540 4326
cat_boundaries=0 1
cat_threshold=360100162
is_linear=0
shrinkage=0.03


Tree=29
num_leaves=7
num_cat=1
split_feature=12 1 11 2 2 11
split_gain=57.2987 30.3755 22.5523 22.5571 12.436 14.6801
threshold=-0.077546845970053443 0 -0.013162711285183091 3.5000000000000004 3.5000000000000004 -0.17357294243897933
decision_type=10 9 10 2 2 8
left_child=1 -1 3 -3 -2 -6
right_child=4 2 -4 -5 5 -7
leaf_value=-0.00047683412757371584 -0.0038750151082248274 0.00034862973637329831 0.00083386481672570554 0.0060287213985361146 0.001592591103916243 -0.0014503808913830566
leaf_weight=5245 6323 1223 2615 3495 1512 15710
leaf_count=5245 6323 1223 2615 3495 1512 15710
internal_value=-0.00022946 0.0014052 0.00264992 0.00389193 -0.00110274 -0.000684899
internal_weight=36123 12578 7333 4718 23545 17222
internal_count=36123 12578 7333 4718 23545 17222
cat_boundaries=0 1
cat_threshold=475378434
is_linear=0
shrinkage=0.03


Tree=30
num_leaves=7
num_cat=1
split_feature=12 1 3 3 2 14
split_gain=52.3705 25.4636 17.5212 37.2671 18.4331 15.2155
threshold=-0.035600231155342048 0 2.5000000000000004 7.5000000000000009 6.5000000000000009 0.078547279112105614
decision_type=10 9 2 2 2 8
left_child=1 -1 -3 -4 -5 -2
right_child=5 2 3 4 -6 -7
leaf_value=-0.00030951369771375171 -0.0031158366080202408 -0.0014396809333083321 0.0054077517774796056 -0.0021102081059933371 0.0040040428997623403 -0.00021237140253389726
leaf_weight=7670 12699 1312 3434 1823 1726 7631
leaf_count=7670 12699 1312 3434 1823 1726 7631
internal_value=-0.000245896 0.00104002 0.00219058 0.00279081 0.000634647 -0.00125572
internal_weight=36295 15965 8295 6983 3549 20330
internal_count=36295 15965 8295 6983 3549 20330
cat_boundaries=0 1
cat_threshold=217690882
is_linear=0
shrinkage=0.03


Tree=31
num_leaves=7
num_cat=0
split_feature=12 11 14 11 14 11
split_gain=49.2255 28.0516 21.1456 19.0992 17.4353 19.8383
threshold=-0.085204678725012237 -0.3423574553856143 -0.063963397672928496 -0.53871887673615004 0.06718098489430524 0.094348082667984126
decision_type=10 10 8 8 8 10
left_child=1 2 -1 -4 -2 -6
right_child=4 -3 3 -5 5 -7
leaf_value=0.00090716849933017971 -0.0027110999353883941 0.00074080554696819424 0.01140888990911244 0.0056579461438037619 0.0017052357285208127 -0.0020459605418200453
leaf_weight=1167 14181 9224 152 1500 3959 6073
leaf_count=1167 14181 9224 152 1500 3959 6073
internal_value=-0.000237969 0.00132937 0.00394787 0.00613067 -0.00101755 -6.04014e-05
internal_weight=36256 12043 2819 1652 24213 10032
internal_count=36256 12043 2819 1652 24213 10032
is_linear=0
shrinkage=0.03


Tree=32
num_leaves=7
num_cat=1
split_feature=12 11 14 3 3 1
split_gain=46.1021 25.9575 23.2981 23.0205 53.0234 24.7645
threshold=-0.028107415444061697 -0.53871887673615004 -0.13778715735331173 8.5000000000000018 3.5000000000000004 0
decision_type=10 8 8 2 2 9
left_child=1 2 -1 4 -3 -6
right_child=-2 3 -4 -5 5 -7
leaf_value=-2.286201782947128e-05 -0.0019953762527227946 -0.0016936239758738474 0.01146297192503434 -0.0012407910394401946 0.0054732906583781007 0.0020302427335496475
leaf_weight=169 19598 3726 230 5666 2494 4134
leaf_count=169 19598 3726 230 5666 2494 4134
internal_value=-0.000238798 0.0009338 0.0084825 0.000745271 0.00158648 0.00319596
internal_weight=36017 16419 399 16020 10354 6628
internal_count=36017 16419 399 16020 10354 6628
cat_boundaries=0 1
cat_threshold=35997852
is_linear=0
shrinkage=0.03


Tree=33
num_leaves=7
num_cat=0
split_feature=11 2 14 11 3 12
split_gain=48.3452 30.2125 25.04 43.8246 21.5343 18.258
threshold=-0.16615019595391708 7.5000000000000009 -0.078181144969142288 -0.33217278236961473 3.5000000000000004 0.025554602948446806
decision_type=10 2 8 8 2 10
left_child=1 -1 -3 4 -4 -2
right_child=5 2 3 -5 -6 -7
leaf_value=0.00025007974593238883 -0.00018840706894580246 0.00058911060564312669 0.0012298537959496362 0.0035973861173724166 0.0090820401157664602 -0.0031378681904087038
leaf_weight=5337 13975 1397 100 1797 410 13189
leaf_count=5337 13975 1397 100 1797 410 13189
internal_value=-0.00026805 0.00163205 0.00371336 0.00563215 0.0133855 -0.000900498
internal_weight=36205 9041 3704 2307 510 27164
internal_count=36205 9041 3704 2307 510 27164
is_linear=0
shrinkage=0.03


Tree=34
num_leaves=7
num_cat=0
split_feature=11 14 11 2 11 14
split_gain=47.6172 44.2239 37.0802 18.9368 20.2861 24.8742
threshold=-0.047984122943401701 0.068674581258819159 -0.3423574553856143 7.5000000000000009 -0.21172335161138409 -0.062877821585932733
decision_type=10 8 8 2 8 10
left_child=1 3 -3 -1 5 -5
right_child=-2 2 -4 4 -6 -7
leaf_value=-0.0013251838413297333 -0.0018090372536542735 0.0094226634337144614 0.0035835220758699445 0.0013227370726870752 -0.00017221722137708819 0.0057503428637988904
leaf_weight=6328 21913 313 3570 1124 2415 657
leaf_count=6328 21913 313 3570 1124 2415 657
internal_value=-0.000231272 0.00110834 0.00384423 9.86216e-05 0.00166119 0.00408922
internal_weight=36320 14407 3883 10524 4196 1781
internal_count=36320 14407 3883 10524 4196 1781
is_linear=0
shrinkage=0.03


Tree=35
num_leaves=7
num_cat=1
split_feature=11 14 11 0 14 2
split_gain=44.9357 39.6708 31.7703 19.6175 20.2097 18.2191
threshold=-0.047984122943401701 0.068674581258819159 -0.3423574553856143 0 0.084872677434921232 7.5000000000000009
decision_type=10 8 8 1 8 2
left_child=1 5 -3 -4 -5 -1
right_child=-2 2 3 4 -6 -7
leaf_value=-0.0012348678987641594 -0.0018242803777143073 0.0091131795580640818 0.00024438609683839719 0.011881201234120013 0.0045453088312988679 0.0015997876314034732
leaf_weight=6301 21817 315 1525 204 1849 4145
leaf_count=6301 21817 315 1525 204 1849 4145
internal_value=-0.000239456 0.00106506 0.00364946 0.00284325 0.00475706 0.000101655
internal_weight=36156 14339 3893 3578 2053 10446
internal_count=36156 14339 3893 3578 2053 10446
cat_boundaries=0 1
cat_threshold=2
is_linear=0
shrinkage=0.03


Tree=36
num_leaves=7
num_cat=2
split_feature=12 1 14 14 0 3
split_gain=40.4965 19.5546 17.5266 20.2644 19.2352 16.1631
threshold=-0.13067182940312347 0 0.078547279112105614 0.12630830356570708 1 3.5000000000000004
decision_type=10 9 8 8 1 2
left_child=1 -1 -2 4 -4 -6
right_child=2 -3 3 -5 5 -7
leaf_value=-9.4162846955715289e-05 -0.0022137817267476587 0.0034735810902630261 -0.0016055635077215321 -0.00076912161489814813 -0.0013665042405454444 0.0064370949253334817
leaf_weight=3954 17152 5125 713 7708 392 1242
leaf_count=3954 17152 5125 713 7708 392 1242
internal_value=-0.000270842 0.00146399 -0.000849788 0.000144689 0.00258475 0.00437798
internal_weight=36286 9079 27207 10055 2347 1634
internal_count=36286 9079 27207 10055 2347 1634
cat_boundaries=0 1 2
cat_threshold=206680898 2
is_linear=0
shrinkage=0.03


Tree=37
num_leaves=7
num_cat=0
split_feature=11 2 14 11 3 3
split_gain=37.6982 26.666 24.7285 35.5558 21.3216 32.7914
threshold=-0.10211480987248399 3.5000000000000004 -0.062877821585932733 -0.52389194261985883 3.5000000000000004 7.5000000000000009
decision_type=10 2 8 8 2 2
left_child=1 -1 -3 -4 -5 -6
right_child=-2 2 3 4 5 -7
leaf_value=-0.0019113764757353528 -0.0014197563141940704 0.00019117317121797702 0.010202134161046697 -0.00097069313760746742 0.0055144369018996454 0.0014441115208587538
leaf_weight=3125 24611 3488 163 1157 1620 2007
leaf_count=3125 24611 3488 163 1157 1620 2007
internal_value=-0.000250554 0.00116253 0.00203947 0.00340319 0.00293166 0.00406257
internal_weight=36171 11560 8435 4947 4784 3627
internal_count=36171 11560 8435 4947 4784 3627
is_linear=0
shrinkage=0.03


Tree=38
num_leaves=7
num_cat=0
split_feature=12 3 3 9 2 14
split_gain=38.787 24.5586 60.2141 26.068 19.0347 21.5701
threshold=-0.028107415444061697 7.5000000000000009 3.5000000000000004 -0.58172804576846981 2.5000000000000004 0.0053391873014220831
decision_type=10 2 2 8 2 8
left_child=1 2 -1 -4 -5 -6
right_child=-2 -3 3 4 5 -7
leaf_value=-0.0014004342430382821 -0.0018315686948103748 -0.00074367569752238985 0.010028429476228295 -0.00024524323164467856 0.0022122061665655808 0.0062672096061064135
leaf_weight=3852 19603 7224 140 952 2264 2105
leaf_count=3852 19603 7224 140 952 2264 2105
internal_value=-0.000253176 0.000816845 0.00183498 0.00386067 0.00352255 0.00435995
internal_weight=36140 16537 9313 5461 5321 4369
internal_count=36140 16537 9313 5461 5321 4369
is_linear=0
shrinkage=0.03


Tree=39
num_leaves=7
num_cat=1
split_feature=11 14 11 0 13 13
split_gain=36.4119 36.7153 28.3614 16.9025 18.3949 15.9146
threshold=-0.047984122943401701 0.068674581258819159 -0.3423574553856143 0 0.04644316681696755 0.029944229039719009
decision_type=10 8 8 1 8 8
left_child=1 -1 -3 -4 -5 -2
right_child=5 2 3 4 -6 -7
leaf_value=-1.5571448781266981e-05 -0.0030429232386212464 0.0091568251171957639 0.00029168989264513888 0.0079520039990278665 0.0031620898039122357 -8.6270836837218606e-05
leaf_weight=10523 12543 309 1529 624 1433 9175
leaf_count=10523 12543 309 1529 624 1433 9175
internal_value=-0.000257023 0.000911713 0.00339964 0.00264622 0.00442128 -0.00103292
internal_weight=36136 14418 3895 3586 2057 21718
internal_count=36136 14418 3895 3586 2057 21718
cat_boundaries=0 1
cat_threshold=2
is_linear=0
shrinkage=0.03


Tree=40
num_leaves=7
num_cat=1
split_feature=12 1 12 3 3 2
split_gain=38.7796 27.4283 25.8937 17.8546 37.5224 12.8946
threshold=0.025554602948446806 0 -0.34844829550940343 3.5000000000000004 7.5000000000000009 7.5000000000000009
decision_type=10 9 10 2 2 2
left_child=1 3 -3 -1 -5 -6
right_child=-2 2 -4 4 5 -7
leaf_value=-0.0012310033267052935 -0.0023027360896525346 0.0047753738119565396 -0.00047305512615237387 0.0057922735066299686 -0.0017356780670785624 0.0038275344432062018
leaf_weight=1012 15370 1398 14981 1477 1092 777
leaf_count=1012 15370 1398 14981 1477 1092 777
internal_value=-0.000278914 0.000567508 3.84309e-06 0.00267933 0.00374126 0.000916042
internal_weight=36107 20737 16379 4358 3346 1869
internal_count=36107 20737 16379 4358 3346 1869
cat_boundaries=0 1
cat_threshold=33556700
is_linear=0
shrinkage=0.03


Tree=41
num_leaves=7
num_cat=1
split_feature=12 1 12 3 3 2
split_gain=34.7002 24.6015 23.1659 15.7731 32.9558 12.2145
threshold=0.025554602948446806 0 -0.33788507745078838 2.5000000000000004 7.5000000000000009 3.5000000000000004
decision_type=10 9 10 2 2 2
left_child=1 3 -3 -1 -5 -4
right_child=-2 2 5 4 -6 -7
leaf_value=-0.0022536956200659014 -0.0021876473689403661 0.0041951706095318293 -0.0024318158385823367 0.0055781534264584542 0.00066972380391055976 0.00028927957345907475
leaf_weight=551 15381 1588 4229 1379 1429 11447
leaf_count=551 15381 1588 4229 1379 1429 11447
internal_value=-0.000263631 0.00054068 8.26621e-05 0.00288516 0.0038042 -0.000267144
internal_weight=36004 20623 17264 3359 2808 15676
internal_count=36004 20623 17264 3359 2808 15676
cat_boundaries=0 1
cat_threshold=33554588
is_linear=0
shrinkage=0.03


Tree=42
num_leaves=7
num_cat=1
split_feature=12 1 11 3 3 13
split_gain=33.203 22.9692 21.1755 15.9244 41.7936 14.7147
threshold=-0.035600231155342048 0 -0.44962178108781353 3.5000000000000004 6.5000000000000009 0.010019297986408595
decision_type=10 9 8 2 2 8
left_child=1 -1 5 -4 -5 -3
right_child=-2 2 3 4 -6 -7
leaf_value=-0.0013617534084401372 -0.0016176713254247353 0.0035523820079816767 -0.0011053232037267259 0.0047719312191343019 0.00037237068991666841 0.0084175030119998662
leaf_weight=4951 20302 486 2383 2564 5232 238
leaf_count=4951 20302 486 2383 2564 5232 238
internal_value=-0.000272645 0.000756101 0.00152474 0.00117318 0.00182916 0.00648
internal_weight=36156 15854 10903 10179 7796 724
internal_count=36156 15854 10903 10179 7796 724
cat_boundaries=0 1
cat_threshold=217100802
is_linear=0
shrinkage=0.03


Tree=43
num_leaves=7
num_cat=0
split_feature=12 2 14 14 4 4
split_gain=33.2438 21.2902 18.1249 27.9289 20.9243 21.0234
threshold=-0.22222449718430634 2.5000000000000004 0.078547279112105614 0.081320780914097585 10.500000000000002 3.5000000000000004
decision_type=10 2 8 8 2 2
left_child=-1 -2 -3 -4 5 -5
right_child=1 2 3 4 -6 -7
leaf_value=0.0027481163964722089 -0.0035781772789899614 -0.0012544034510007663 0.012477240380392326 0.0031111226415000402 0.005864414497768965 -0.0011115636975123164
leaf_weight=4774 5742 16176 170 2019 957 6281
leaf_count=4774 5742 16176 170 2019 957 6281
internal_value=-0.00026736 -0.000622568 -0.000252266 0.000793275 0.000571289 8.67358e-05
internal_weight=36119 31345 25603 9427 9257 8300
internal_count=36119 31345 25603 9427 9257 8300
is_linear=0
shrinkage=0.03


Tree=44
num_leaves=7
num_cat=1
split_feature=12 3 3 3 1 11
split_gain=32.7046 26.2068 42.6578 29.3659 28.7355 12.2792
threshold=0.025554602948446806 9.5000000000000018 3.5000000000000004 6.5000000000000009 0 -0.16615019595391708
decision_type=10 2 2 2 9 10
left_child=1 2 -1 4 -4 -5
right_child=-2 -3 3 5 -6 -7
leaf_value=-0.0016023914110851582 -0.002120814938951688 -0.001769289211732744 0.0060945741991145445 0.0036207341609576513 0.0026580923176241678 -0.00040643100137658706
leaf_weight=4812 15403 5528 877 1713 4247 3666
leaf_count=4812 15403 5528 877 1713 4247 3666
internal_value=-0.000272796 0.00050187 0.00114096 0.00221258 0.00383766 0.000664126
internal_weight=36246 20843 15315 10503 5124 5379
internal_count=36246 20843 15315 10503 5124 5379
cat_boundaries=0 1
cat_threshold=167772300
is_linear=0
shrinkage=0.03


Tree=45
num_leaves=7
num_cat=0
split_feature=11 14 11 2 10 11
split_gain=32.9097 30.6613 24.699 17.652 17.5017 19.5116
threshold=-0.047984122943401701 0.078547279112105614 -0.3423574553856143 7.5000000000000009 0.30104908964768745 -0.21701590015594882
decision_type=10 8 8 2 8 10
left_child=1 3 -3 -1 5 -5
right_child=-2 2 -4 4 -6 -7
leaf_value=-0.0012367760559189535 -0.0015240297086158675 0.0078635246932252587 0.0027908994909619676 0.0049384735776139546 -1.984916755789168e-05 0.00090750339711169665
leaf_weight=6403 21786 306 3400 748 2558 941
leaf_count=6403 21786 306 3400 748 2558 941
internal_value=-0.000240877 0.000874277 0.00322417 5.6332e-05 0.00155579 0.00392485
internal_weight=36142 14356 3706 10650 4247 1689
internal_count=36142 14356 3706 10650 4247 1689
is_linear=0
shrinkage=0.03


Tree=46
num_leaves=7
num_cat=1
split_feature=12 2 1 3 3 9
split_gain=30.0563 25.5341 24.9046 22.9732 54.4141 15.0464
threshold=0.049951007237447616 2.5000000000000004 0 3.5000000000000004 6.5000000000000009 0.043107112469764626
decision_type=10 2 9 2 2 10
left_child=1 -1 -3 -4 5 -5
right_child=-2 2 3 4 -6 -7
leaf_value=-0.0026749189599725581 -0.0022894670229225223 -0.00085455041902040164 -0.00071546641028171517 0.0056388128305824388 0.00094992150663702731 0.0031864536938761958
leaf_weight=4131 13362 7391 2670 1598 5730 1264
leaf_count=4131 13362 7391 2670 1598 5730 1264
internal_value=-0.000300939 0.000361553 0.00083419 0.00172128 0.00247806 0.0058554
internal_weight=36146 22784 18653 11262 8592 2862
internal_count=36146 22784 18653 11262 8592 2862
cat_boundaries=0 1
cat_threshold=368227074
is_linear=0
shrinkage=0.03


Tree=47
num_leaves=7
num_cat=1
split_feature=11 14 11 1 14 14
split_gain=30.9464 32.1131 23.7218 16.1039 15.6315 20.3174
threshold=-0.047984122943401701 0.06718098489430524 -0.3423574553856143 0 0.06718098489430524 0.13871654440516887
decision_type=10 8 8 9 8 8
left_child=1 3 -3 -1 -2 -6
right_child=4 2 -4 -5 5 -7
leaf_value=0.0010688526926686264 -0.0025424423427430724 0.0072964681056004472 0.0026214803650539175 -0.0018291981020379649 0.0021383557315676391 -0.0016693603978365529
leaf_weight=5816 11101 322 3655 4599 3800 6971
leaf_count=5816 11101 322 3655 4599 3800 6971
internal_value=-0.000226169 0.000854165 0.00314706 -2.16021e-05 -0.000937046 -0.000122819
internal_weight=36264 14392 3977 10415 21872 10771
internal_count=36264 14392 3977 10415 21872 10771
cat_boundaries=0 1
cat_threshold=34330812
is_linear=0
shrinkage=0.03


Tree=48
num_leaves=7
num_cat=0
split_feature=11 14 2 14 14 13
split_gain=28.4861 31.6417 37.9011 24.7374 31.5567 37.8694
threshold=-0.21701590015594882 -0.082380846585488679 7.5000000000000009 0.078547279112105614 0.11446903550375694 0.058367103392011815
decision_type=8 8 2 8 8 10
left_child=1 -1 -3 -2 5 -5
right_child=3 2 -4 4 -6 -7
leaf_value=-0.00061899082485178327 -0.001819777350807064 0.0010904146839768307 0.005425797222859876 0.0072816995451267302 -0.00023684627067959373 -0.004059684406942537
leaf_weight=2387 18527 1497 1015 1242 10953 639
leaf_count=2387 18527 1497 1015 1242 10953 639
internal_value=-0.000253165 0.00187408 0.00422364 -0.000585518 0.000426801 0.00401541
internal_weight=36260 4899 2512 31361 12834 1881
internal_count=36260 4899 2512 31361 12834 1881
is_linear=0
shrinkage=0.03


Tree=49
num_leaves=7
num_cat=2
split_feature=11 14 0 1 3 3
split_gain=28.8331 41.6274 30.4877 25.8606 20.2854 38.1964
threshold=0.085750961577403043 0.06718098489430524 0 1 3.5000000000000004 8.5000000000000018
decision_type=10 8 1 9 2 2
left_child=1 -1 -3 -4 -5 -6
right_child=-2 2 3 4 5 -7
leaf_value=-0.0006020713860476173 -0.002218273058092335 0.00025442839002228325 0.00076509933700963189 0.00097328234860665061 0.008083719659631089 0.0035894108371869763
leaf_weight=15673 13577 3333 1325 527 982 748
leaf_count=15673 13577 3333 1325 527 982 748
internal_value=-0.000289914 0.000366815 0.00230552 0.00422663 0.00616799 0.0077643
internal_weight=36165 22588 6915 3582 2257 1730
internal_count=36165 22588 6915 3582 2257 1730
cat_boundaries=0 1 2
cat_threshold=2 359381058
is_linear=0
shrinkage=0.03


Tree=50
num_leaves=7
num_cat=2
split_feature=12 1 2 1 12 4
split_gain=29.6176 19.5646 13.678 13.154 15.1532 14.4766
threshold=-0.074500577677650601 0 3.5000000000000004 1 0.14955938532619231 10.500000000000002
decision_type=10 9 2 9 10 2
left_child=1 -1 -2 -4 5 -5
right_child=2 -3 3 4 -6 -7
leaf_value=-0.00054112420080931582 -0.0030662669356601832 0.0025243567615963651 -0.0024252733970504532 0.00038610776176042379 -0.0023171138356683665 0.0029270710172925197
leaf_weight=5815 6244 7004 5023 6702 4016 1250
leaf_count=5815 6244 7004 5023 6702 4016 1250
internal_value=-0.000228319 0.00092925 -0.000866974 -0.000425672 0.000115702 0.000874386
internal_weight=36054 12819 23235 16991 11968 7952
internal_count=36054 12819 23235 16991 11968 7952
cat_boundaries=0 1 2
cat_threshold=483504898 367171122
is_linear=0
shrinkage=0.03


Tree=51
num_leaves=7
num_cat=1
split_feature=12 3 3 1 9 12
split_gain=25.0472 23.0409 54.2628 29.0195 13.2905 11.4871
threshold=0.025554602948446806 7.5000000000000009 3.5000000000000004 0 -0.58172804576846981 -0.26924935128296607
decision_type=10 2 2 9 8 10
left_child=1 2 -1 -4 -5 -6
right_child=-2 -3 3 4 5 -7
leaf_value=-0.0015213476857949095 -0.0017668696094754284 -0.00092873797846585826 0.0052131710596959122 0.0058199178373332435 0.0052874677547236938 0.0011458075608149396
leaf_weight=4747 15388 9043 1499 100 835 4383
leaf_count=4747 15388 9043 1499 100 835 4383
internal_value=-0.000243778 0.000440071 0.00132711 0.0030418 0.00198836 0.0017831
internal_weight=35995 20607 11564 6817 5318 5218
internal_count=35995 20607 11564 6817 5318 5218
cat_boundaries=0 1
cat_threshold=169869532
is_linear=0
shrinkage=0.03


Tree=52
num_leaves=7
num_cat=0
split_feature=11 14 2 11 12 4
split_gain=28.7418 37.1629 21.1631 22.3608 13.3871 12.2049
threshold=0.083802427254049419 0.078547279112105614 2.5000000000000004 -0.36922448972439831 -0.43264300565665786 6.5000000000000009
decision_type=10 8 2 8 10 2
left_child=1 4 -3 -4 -1 -5
right_child=-2 2 3 5 -6 -7
leaf_value=0.0062684925596350185 -0.0021419201228669474 -0.0019514694178766295 0.0072950033027077464 0.0015742296867681989 -0.00061022969941450331 0.0049171306761338091
leaf_weight=371 13689 1118 226 3113 15787 1834
leaf_count=371 13689 1118 226 3113 15787 1834
internal_value=-0.00029038 0.000370289 0.00232629 0.0031351 -0.000391362 0.002712
internal_weight=36138 22449 6291 5173 16158 4947
internal_count=36138 22449 6291 5173 16158 4947
is_linear=0
shrinkage=0.03


Tree=53
num_leaves=7
num_cat=1
split_feature=11 1 13 2 14 6
split_gain=25.4543 35.7469 22.1569 18.1566 21.9031 13.8503
threshold=-0.21701590015594882 0 0.02824336288449503 6.5000000000000009 -0.061252671178860567 -0.089612158689687402
decision_type=8 9 8 2 8 10
left_child=1 3 -2 -1 -5 -4
right_child=2 -3 5 4 -6 -7
leaf_value=0.0020611621248564499 -0.0018554465805586181 -0.00025776766545253059 0.0028486746588786724 0.0029268199111223995 0.0064073589218864779 -0.00017566046523204482
leaf_weight=982 18236 2908 2766 547 477 10288
leaf_count=982 18236 2908 2766 547 477 10288
internal_value=-0.000263832 0.00174323 -0.000579081 0.00481011 0.00762732 0.000364457
internal_weight=36204 4914 31290 2006 1024 13054
internal_count=36204 4914 31290 2006 1024 13054
cat_boundaries=0 1
cat_threshold=545580
is_linear=0
shrinkage=0.03


Tree=54
num_leaves=7
num_cat=2
split_feature=2 12 1 14 1 4
split_gain=25.7064 24.8106 17.0713 13.9914 15.948 13.6763
threshold=2.5000000000000004 -0.074500577677650601 0 0.078547279112105614 1 3.5000000000000004
decision_type=2 10 9 10 9 2
left_child=-1 2 -2 -3 -5 -6
right_child=1 3 -4 4 5 -7
leaf_value=-0.0028731547103911254 4.6025437382989868e-07 -0.0013979733500520785 0.0028973931445260221 -0.0020726467453935425 0.0038618904004575892 0.00083744309820035865
leaf_weight=6604 4964 12660 5528 2110 1060 3422
leaf_count=6604 4964 12660 5528 2110 1060 3422
internal_value=-0.000266418 0.00010953 0.00128314 -0.0005301 0.000590626 0.00160116
internal_weight=36348 29744 10492 19252 6592 4482
internal_count=36348 29744 10492 19252 6592 4482
cat_boundaries=0 1 2
cat_threshold=215331586 365098530
is_linear=0
shrinkage=0.03


Tree=55
num_leaves=7
num_cat=1
split_feature=2 12 1 3 3 3
split_gain=23.8944 22.6608 23.4798 21.9907 35.3729 17.8141
threshold=2.5000000000000004 0.05950118180801179 0 2.5000000000000004 6.5000000000000009 3.5000000000000004
decision_type=2 10 9 2 2 2
left_child=-1 2 -2 -4 5 -5
right_child=1 -3 3 4 -6 -7
leaf_value=-0.0028285270791464099 -0.00093328080873485652 -0.0015779771276722226 -0.0017684173494657285 0.00032228828212323076 0.00090388454912562451 0.0045976540607779596
leaf_weight=6549 7453 10327 1846 891 5976 3017
leaf_count=6549 7453 10327 1846 891 5976 3017
internal_value=-0.000261149 0.000102673 0.000712624 0.00154842 0.00211108 0.00433001
internal_weight=36059 29510 19183 11730 9884 3908
internal_count=36059 29510 19183 11730 9884 3908
cat_boundaries=0 1
cat_threshold=368227074
is_linear=0
shrinkage=0.03


Tree=56
num_leaves=7
num_cat=2
split_feature=11 14 0 1 3 3
split_gain=25.5097 35.1828 27.7872 21.8516 19.9532 38.8042
threshold=0.085750961577403043 0.06718098489430524 0 1 3.5000000000000004 8.5000000000000018
decision_type=10 8 1 9 2 2
left_child=1 -1 -3 -4 -5 -6
right_child=-2 2 3 4 5 -7
leaf_value=-0.0004883400414201391 -0.0019144890954953604 0.00020644212907906966 0.00059855831804407622 0.00061934643098399188 0.0078073756365595369 0.0030810759506759581
leaf_weight=15579 13649 3272 1237 533 1024 786
leaf_count=15579 13649 3272 1237 533 1024 786
internal_value=-0.000251934 0.000370318 0.00216168 0.00398771 0.00568012 0.00720596
internal_weight=36080 22431 6852 3580 2343 1810
internal_count=36080 22431 6852 3580 2343 1810
cat_boundaries=0 1 2
cat_threshold=2 359348290
is_linear=0
shrinkage=0.03


Tree=57
num_leaves=7
num_cat=1
split_feature=11 2 11 3 3 1
split_gain=23.5473 21.3921 21.1959 18.1566 42.3212 16.6824
threshold=-0.52389194261985883 2.5000000000000004 0.085750961577403043 3.5000000000000004 6.5000000000000009 0
decision_type=8 2 10 2 2 9
left_child=-1 -2 3 -3 5 -5
right_child=1 2 -4 4 -6 -7
leaf_value=0.0057214115373492381 -0.0027400996663926739 -0.001527243592668464 -0.0016431193125139841 0.0041833786678848392 -4.4019575548580515e-05 0.0010141410488510698
leaf_weight=550 6534 4167 11186 2742 9215 1883
leaf_count=550 6534 4167 11186 2742 9215 1883
internal_value=-0.000274299 -0.000369207 -2.18888e-05 0.000615226 0.00113792 0.00347925
internal_weight=36277 35727 29193 18007 13840 4625
internal_count=36277 35727 29193 18007 13840 4625
cat_boundaries=0 1
cat_threshold=172343740
is_linear=0
shrinkage=0.03


Tree=58
num_leaves=7
num_cat=1
split_feature=2 14 14 0 4 4
split_gain=22.3153 20.2475 30.7182 22.8203 31.7158 28.0575
threshold=2.5000000000000004 0.078547279112105614 0.081320780914097585 0 8.5000000000000018 3.5000000000000004
decision_type=2 8 8 1 2 2
left_child=-1 -2 -3 -4 5 -5
right_child=1 2 3 4 -6 -7
leaf_value=-0.0026596769700892994 -0.00060146626659353093 0.012261051782854726 -0.00072829054009985723 0.0044431912602006301 0.0062259456030235054 -0.00067493057082339335
leaf_weight=6566 18420 184 5252 1193 1243 3245
leaf_count=6566 18420 184 5252 1193 1243 3245
internal_value=-0.000252854 9.88211e-05 0.00110982 0.000904609 0.00222228 0.00103537
internal_weight=36103 29537 11117 10933 5681 4438
internal_count=36103 29537 11117 10933 5681 4438
cat_boundaries=0 1
cat_threshold=2
is_linear=0
shrinkage=0.03


Tree=59
num_leaves=7
num_cat=1
split_feature=2 11 14 0 4 12
split_gain=21.6829 24.8129 31.8439 21.1449 18.6599 22.6532
threshold=2.5000000000000004 0.094348082667984126 0.078547279112105614 0 7.5000000000000009 0.13896517239562559
decision_type=2 10 8 1 2 10
left_child=-1 2 -2 -4 -5 -6
right_child=1 -3 3 4 5 -7
leaf_value=-0.0026187791441840374 -5.3653648698101037e-05 -0.0016489402173483435 0.00047185674765642423 0.0027483564283562944 0.0073725134719195215 -0.0005248434559755004
leaf_weight=6518 13598 10701 2393 1835 889 223
leaf_count=6518 13598 10701 2393 1835 889 223
internal_value=-0.000291803 5.27321e-05 0.000705211 0.00266804 0.00436872 0.00743396
internal_weight=36157 29639 18938 5340 2947 1112
internal_count=36157 29639 18938 5340 2947 1112
cat_boundaries=0 1
cat_threshold=2
is_linear=0
shrinkage=0.03


Tree=60
num_leaves=7
num_cat=0
split_feature=3 3 12 2 11 14
split_gain=21.7716 58.1323 24.9074 18.3857 15.9801 21.396
threshold=7.5000000000000009 3.5000000000000004 0.049951007237447616 6.5000000000000009 0.099556557356379485 0.06718098489430524
decision_type=2 2 10 2 10 8
left_child=1 -1 4 -2 5 -3
right_child=3 2 -4 -5 -6 -7
leaf_value=-0.0021407779979452147 -0.0031160472660698066 0.002181738982680456 -6.2372478585842457e-05 7.7590723076359849e-06 0.00095586955375982947 0.0048251798781998494
leaf_weight=8503 8354 3548 4407 7384 2166 1848
leaf_count=8503 8354 3548 4407 7384 2166 1848
internal_value=-0.00024523 0.000399745 0.00174712 -0.00108419 0.00279175 0.00366537
internal_weight=36210 20472 11969 15738 7562 5396
internal_count=36210 20472 11969 15738 7562 5396
is_linear=0
shrinkage=0.03


Tree=61
num_leaves=7
num_cat=1
split_feature=2 3 3 12 1 4
split_gain=20.0302 19.1317 43.0482 19.8421 23.6908 14.3737
threshold=3.5000000000000004 3.5000000000000004 6.5000000000000009 0.05950118180801179 0 3.5000000000000004
decision_type=2 2 2 10 9 2
left_child=5 -2 3 4 -3 -1
right_child=1 2 -4 -5 -6 -7
leaf_value=0.0009856349640757359 -0.0018351352337257236 0.0052033552851408708 -0.00039663183734005042 0.00059458820240407522 0.0022884055851893625 -0.0029744152309132193
leaf_weight=2211 6187 1086 13542 2356 3135 7574
leaf_count=2211 6187 1086 13542 2356 3135 7574
internal_value=-0.00026524 0.000165811 0.000614463 0.0026055 0.00383633 -0.00142397
internal_weight=36091 26306 20119 6577 4221 9785
internal_count=36091 26306 20119 6577 4221 9785
cat_boundaries=0 1
cat_threshold=170131612
is_linear=0
shrinkage=0.03


Tree=62
num_leaves=7
num_cat=2
split_feature=12 1 1 12 9 9
split_gain=21.006 16.0823 13.6335 15.2289 12.3248 11.2933
threshold=-0.077546845970053443 0 1 0.14955938532619231 -0.53074108430537448 0.39015595073361103
decision_type=10 9 9 10 10 8
left_child=1 -1 -2 5 -3 -4
right_child=2 4 3 -5 -6 -7
leaf_value=-0.0010997675400032157 -0.0024851361589247768 0.0031541199540915197 -0.0003692086411124228 -0.0026211276556109709 0.000874486233661197 0.0016269892861431811
leaf_weight=4561 7233 2690 7420 5647 5257 3330
leaf_count=4561 7233 2690 7420 5647 5257 3330
internal_value=-0.000283739 0.000710368 -0.000809954 -0.000330388 0.00152413 0.000332061
internal_weight=36138 12508 23630 16397 7947 10750
internal_count=36138 12508 23630 16397 7947 10750
cat_boundaries=0 1 2
cat_threshold=477147906 96648754
is_linear=0
shrinkage=0.03


Tree=63
num_leaves=7
num_cat=2
split_feature=12 1 9 4 14 1
split_gain=21.419 16.3969 20.91 13.8189 17.2609 11.7414
threshold=-0.22222449718430634 0 -0.28030196515415845 3.5000000000000004 0.09358347709118893 1
decision_type=8 9 10 2 10 9
left_child=5 -2 3 4 -3 -1
right_child=1 2 -4 -5 -6 -7
leaf_value=0.00054860577938290595 -0.0020183463876285624 0.0012232689697309689 -0.00090816110734288967 0.00060170463620367947 0.0058549970592195848 0.0037916230188718412
leaf_weight=2433 10588 993 14533 5514 612 1512
leaf_count=2433 10588 993 14533 5514 612 1512
internal_value=-0.000235036 -0.00049037 -1.68959e-05 0.00131503 0.00376401 0.00185124
internal_weight=36185 32240 21652 7119 1605 3945
internal_count=36185 32240 21652 7119 1605 3945
cat_boundaries=0 1 2
cat_threshold=367179298 479588866
is_linear=0
shrinkage=0.03


Tree=64
num_leaves=7
num_cat=1
split_feature=2 3 3 12 1 9
split_gain=21.5589 19.8708 53.1719 24.426 23.7566 13.7865
threshold=2.5000000000000004 3.5000000000000004 6.5000000000000009 0.049951007237447616 0 -0.28768207245178029
decision_type=2 2 2 10 9 10
left_child=-1 -2 3 4 -3 -4
right_child=1 2 5 -5 -6 -7
leaf_value=-0.0024272079425376636 -0.0018975313958345754 0.0046013287313551188 0.00062573068759583369 0.00046839857835179438 0.0018773615295684333 -0.0016156037719958789
leaf_weight=6600 6968 1940 6048 2726 2625 9221
leaf_count=6600 6968 1940 6048 2726 2625 9221
internal_value=-0.000249772 9.67178e-05 0.000529231 0.00263672 0.00397832 -0.000477211
internal_weight=36128 29528 22560 7291 4565 15269
internal_count=36128 29528 22560 7291 4565 15269
cat_boundaries=0 1
cat_threshold=168116444
is_linear=0
shrinkage=0.03


Tree=65
num_leaves=7
num_cat=0
split_feature=12 3 3 9 2 14
split_gain=20.1006 15.3602 19.5885 15.6616 12.6221 12.7548
threshold=-0.07322178539033429 9.5000000000000018 3.5000000000000004 -0.60604488621394148 4.5000000000000009 0.078547279112105614
decision_type=10 2 2 8 2 8
left_child=1 2 -1 -4 -2 -6
right_child=4 -3 3 -5 5 -7
leaf_value=-0.00080588377449804574 -0.0022153603401564837 -0.0012913158979540708 0.0077407444499044686 0.0023769032043449065 -0.0012041495958693812 0.00090256522088396067
leaf_weight=3011 8257 3464 170 6339 9214 5744
leaf_count=3011 8257 3464 170 6339 9214 5744
internal_value=-0.000225332 0.000719907 0.0013423 0.00226774 -0.000754007 -0.000234241
internal_weight=36199 12984 9520 6509 23215 14958
internal_count=36199 12984 9520 6509 23215 14958
is_linear=0
shrinkage=0.03


Tree=66
num_leaves=7
num_cat=1
split_feature=11 13 0 13 13 13
split_gain=21.1454 16.3758 18.3632 18.7723 21.8588 15.4102
threshold=-0.44962178108781353 0.02824336288449503 0 0.058367103392011815 0.05345444673130214 0.010019297986408595
decision_type=8 8 1 10 10 8
left_child=5 -2 -3 4 -4 -1
right_child=1 2 3 -5 -6 -7
leaf_value=0.0020243564927404146 -0.0012373917579963864 -0.00077891349937929475 0.0030806302920573401 0.00027883104173413508 0.0085664742725728923 0.0060790638373301731
leaf_weight=664 21558 7152 2314 3899 198 280
leaf_count=664 21558 7152 2314 3899 198 280
internal_value=-0.0002824 -0.000401544 0.000415142 0.00158094 0.00360286 0.00414603
internal_weight=36065 35121 13563 6411 2512 944
internal_count=36065 35121 13563 6411 2512 944
cat_boundaries=0 1
cat_threshold=2
is_linear=0
shrinkage=0.03


Tree=67
num_leaves=7
num_cat=1
split_feature=12 2 3 3 9 1
split_gain=19.5919 17.8375 18.7379 45.1183 17.9199 18.9298
threshold=-0.34844829550940343 2.5000000000000004 3.5000000000000004 6.5000000000000009 -0.53074108430537448 0
decision_type=8 2 2 2 8 9
left_child=-1 -2 -3 4 -4 -6
right_child=1 2 3 -5 5 -7
leaf_value=0.0032681906255798013 -0.0024090359364936464 -0.0020695963209238903 0.0047761031779956793 -0.00077957800073861106 0.0033445582949984671 0.00049678099455226156
leaf_weight=1176 6370 6737 167 14811 3298 3602
leaf_count=1176 6370 6737 167 14811 3298 3602
internal_value=-0.000253941 -0.000382011 -6.23784e-05 0.000363636 0.00233574 0.00209969
internal_weight=36161 34985 28615 21878 7067 6900
internal_count=36161 34985 28615 21878 7067 6900
cat_boundaries=0 1
cat_threshold=168116620
is_linear=0
shrinkage=0.03


Tree=68
num_leaves=7
num_cat=1
split_feature=12 1 3 3 14 4
split_gain=17.9703 16.9304 11.0429 17.7258 10.6177 10.7042
threshold=-0.016748525657575893 0 9.5000000000000018 2.5000000000000004 0.078547279112105614 3.5000000000000004
decision_type=10 9 2 2 10 2
left_child=1 -1 3 -3 -2 -6
right_child=4 2 -4 -5 5 -7
leaf_value=-0.00065146815520736529 -0.001878540662825426 -0.0012600009326216423 -0.00065947972760774286 0.0027649365987884957 0.0022927165848327146 -0.00092935221108694668
leaf_weight=8575 12657 1384 2263 5213 1384 4683
leaf_count=8575 12657 1384 2263 5213 1384 4683
internal_value=-0.000286146 0.000406916 0.00132567 0.00194741 -0.000931483 0.000100362
internal_weight=36159 17435 8860 6597 18724 6067
internal_count=36159 17435 8860 6597 18724 6067
cat_boundaries=0 1
cat_threshold=215724802
is_linear=0
shrinkage=0.03


Tree=69
num_leaves=7
num_cat=1
split_feature=11 1 14 4 4 2
split_gain=20.9576 25.7758 16.2837 18.4984 22.8401 22.783
threshold=-0.21701590015594882 0 0.06718098489430524 3.5000000000000004 7.5000000000000009 5.5000000000000009
decision_type=8 9 8 2 2 2
left_child=1 -1 -2 -4 -5 -6
right_child=2 -3 3 4 5 -7
leaf_value=0.0032551970998249764 -0.0015119089246435973 -0.00024281683565106587 0.0022516568602781429 -0.002174543307069459 -0.0016503587161478791 0.0047317183803035406
leaf_weight=2032 17271 2924 3580 7400 1284 1708
leaf_count=2032 17271 2924 3580 7400 1284 1708
internal_value=-0.00027257 0.00153964 -0.000560076 0.000201388 -0.000439335 0.00177213
internal_weight=36199 4956 31243 13972 10392 2992
internal_count=36199 4956 31243 13972 10392 2992
cat_boundaries=0 1
cat_threshold=545580
is_linear=0
shrinkage=0.03


Tree=70
num_leaves=7
num_cat=0
split_feature=11 2 14 11 3 13
split_gain=20.0535 20.8198 18.578 27.5572 16.0632 12.1179
threshold=-0.047984122943401701 7.5000000000000009 -0.062877821585932733 -0.32596505613497312 4.5000000000000009 0.029944229039719009
decision_type=10 2 8 8 2 8
left_child=1 -1 -3 4 -4 -2
right_child=5 2 3 -5 -6 -7
leaf_value=-0.00039426072207951457 -0.0021636933157873441 -5.0666227238268095e-06 0.0013345492031263007 0.0021187105980482982 0.0072535398947911785 -7.2023015042400813e-06
leaf_weight=8614 12607 2439 168 2851 349 9213
leaf_count=8614 12607 2439 168 2851 349 9213
internal_value=-0.000260831 0.000607197 0.00199535 0.003439 0.00980502 -0.000834518
internal_weight=36241 14421 5807 3368 517 21820
internal_count=36241 14421 5807 3368 517 21820
is_linear=0
shrinkage=0.03


Tree=71
num_leaves=7
num_cat=0
split_feature=11 14 11 2 11 14
split_gain=17.2098 21.9394 14.893 9.68937 15.9912 17.4404
threshold=0.085750961577403043 0.078547279112105614 -0.3423574553856143 7.5000000000000009 -0.27877858438069353 -0.13778715735331173
decision_type=10 8 8 2 8 10
left_child=1 3 -3 -1 5 -5
right_child=-2 2 -4 4 -6 -7
leaf_value=-0.0010766985196581707 -0.0015607442047013711 0.0051504219833416395 0.0015195019154043404 -0.00040868031171810486 -0.00015368567103789255 0.0041584017127816141
leaf_weight=9861 13584 303 5957 538 5112 776
leaf_count=9861 13584 303 5957 538 5112 776
internal_value=-0.000235056 0.00027315 0.00178246 -0.000307037 0.000599346 0.00354981
internal_weight=36131 22547 6260 16287 6426 1314
internal_count=36131 22547 6260 16287 6426 1314
is_linear=0
shrinkage=0.03


Tree=72
num_leaves=7
num_cat=2
split_feature=12 1 12 0 14 14
split_gain=17.1189 17.9916 16.6978 14.7054 20.212 21.4726
threshold=-0.22222449718430634 0 0.14955938532619231 1 0.022737478497215222 0.12239736477634665
decision_type=8 9 10 1 8 10
left_child=-1 -2 3 -3 -5 -6
right_child=1 2 -4 4 5 -7
leaf_value=0.0017432860878027403 -0.0020853660856998079 -0.00038840688707355496 -0.0022787774778355325 -0.00049527606740600396 0.0050125598352120928 0.00068565995436839088
leaf_weight=3882 8989 9873 5522 3392 2174 2223
leaf_count=3882 8989 9873 5522 3392 2174 2223
internal_value=-0.000237548 -0.000464631 -2.25056e-05 0.000427673 0.00140218 0.0027442
internal_weight=36055 32173 23184 17662 7789 4397
internal_count=36055 32173 23184 17662 7789 4397
cat_boundaries=0 1 2
cat_threshold=368227842 2
is_linear=0
shrinkage=0.03


Tree=73
num_leaves=7
num_cat=2
split_feature=11 14 11 1 12 1
split_gain=17.6863 24.677 14.1842 13.6261 12.0948 12.3792
threshold=0.083802427254049419 0.06718098489430524 -0.42641460105018053 0 0.17434446353625835 1
decision_type=10 8 8 9 8 9
left_child=1 3 -3 -1 5 -4
right_child=-2 2 4 -5 -6 -7
leaf_value=-0.0019106757907900501 -0.0015829731506085683 0.0047918512059022551 0.00042973312452772511 0.00038374191219737422 -0.0012519977933953077 0.0029033267355558562
leaf_weight=6168 13784 220 2022 9318 1337 3346
leaf_count=6168 13784 220 2022 9318 1337 3346
internal_value=-0.000256521 0.000263563 0.00175209 -0.000402144 0.00150537 0.00214118
internal_weight=36195 22411 6925 15486 6705 5368
internal_count=36195 22411 6925 15486 6705 5368
cat_boundaries=0 1 2
cat_threshold=368452482 354663010
is_linear=0
shrinkage=0.03


Tree=74
num_leaves=7
num_cat=1
split_feature=11 2 3 3 1 11
split_gain=18.3072 16.6485 16.5565 42.3135 18.5434 13.7095
threshold=-0.52389194261985883 2.5000000000000004 3.5000000000000004 6.5000000000000009 0 0.30601579919893768
decision_type=8 2 2 2 9 8
left_child=-1 -2 -3 4 5 -4
right_child=1 2 3 -5 -6 -7
leaf_value=0.0055917481483810181 -0.0021325910962107721 -0.001791714211134604 0.0038853052790252048 -0.00074913285547919661 0.001001358472240197 -0.0012205561525488113
leaf_weight=567 6410 6926 2154 15053 4629 421
leaf_count=567 6410 6926 2154 15053 4629 421
internal_value=-0.000257184 -0.000342446 -3.83436e-05 0.000360274 0.00225094 0.00428654
internal_weight=36160 35593 29183 22257 7204 2575
internal_count=36160 35593 29183 22257 7204 2575
cat_boundaries=0 1
cat_threshold=167788684
is_linear=0
shrinkage=0.03


Tree=75
num_leaves=7
num_cat=1
split_feature=12 0 14 14 4 13
split_gain=16.6311 19.0254 28.3127 27.1248 26.2113 17.4412
threshold=0.14955938532619231 0 0.022737478497215222 0.12239736477634665 11.500000000000002 -0.014324006891220461
decision_type=10 1 8 10 2 8
left_child=1 -1 -3 4 5 -4
right_child=-2 2 3 -5 -6 -7
leaf_value=-0.00074531353839118433 -0.0024649380159392207 -0.00073185738678173439 -0.003642546106745451 0.0003733783500699889 0.012383577769710542 0.0042147006003747612
leaf_weight=15557 6814 6885 387 3415 134 2999
leaf_count=15557 6814 6885 387 3415 134 2999
internal_value=-0.000264507 4.52372e-05 0.00085522 0.00220804 0.00405567 0.00353764
internal_weight=36191 29377 13820 6935 3520 3386
internal_count=36191 29377 13820 6935 3520 3386
cat_boundaries=0 1
cat_threshold=2
is_linear=0
shrinkage=0.03


Tree=76
num_leaves=7
num_cat=1
split_feature=2 0 14 14 4 13
split_gain=16.9478 17.3396 29.9382 21.8547 23.1897 17.8833
threshold=1.5000000000000002 0 0.022737478497215222 0.12239736477634665 11.500000000000002 -0.014324006891220461
decision_type=2 1 8 10 2 8
left_child=-1 -2 -3 4 5 -4
right_child=1 2 3 -5 -6 -7
leaf_value=-0.0029115699961031727 -0.00084510938379424197 -0.00091785160449082981 -0.0042633405509006437 0.00037277885521581878 0.010833073635744825 0.0038378545078555423
leaf_weight=3359 16559 8588 470 3671 158 3419
leaf_count=3359 16559 8588 470 3671 158 3419
internal_value=-0.000255404 -4.79226e-05 0.00064647 0.00200233 0.00352248 0.00306247
internal_weight=36224 32865 16306 7718 4047 3889
internal_count=36224 32865 16306 7718 4047 3889
cat_boundaries=0 1
cat_threshold=2
is_linear=0
shrinkage=0.03


Tree=77
num_leaves=7
num_cat=1
split_feature=2 3 3 1 11 14
split_gain=16.6312 16.8639 40.4919 18.3848 13.7949 20.9955
threshold=2.5000000000000004 3.5000000000000004 6.5000000000000009 0 0.33541475255881853 0.00069942676570647463
decision_type=2 2 2 9 8 8
left_child=-1 -2 3 4 5 -3
right_child=1 2 -4 -5 -6 -7
leaf_value=-0.001929967201194415 -0.0015291747184771503 0.0025438290148646738 -0.00056125444706145889 0.00046603401872682206 -0.0012959496150522702 0.0044196635858889284
leaf_weight=6595 7022 1995 15324 3263 583 1493
leaf_count=6595 7022 1995 15324 3263 583 1493
internal_value=-0.000245204 5.76119e-05 0.000455712 0.00228875 0.00362984 0.00435254
internal_weight=36275 29680 22658 7334 4071 3488
internal_count=36275 29680 22658 7334 4071 3488
cat_boundaries=0 1
cat_threshold=184893868
is_linear=0
shrinkage=0.03


Tree=78
num_leaves=7
num_cat=1
split_feature=2 11 1 10 3 3
split_gain=18.535 22.1945 17.3385 14.324 13.8989 19.7352
threshold=6.5000000000000009 -0.29263181982033787 0 0.039220713153281135 7.5000000000000009 3.5000000000000004
decision_type=2 8 9 8 2 2
left_child=4 2 -2 -3 5 -1
right_child=1 3 -4 -5 -6 -7
leaf_value=-0.0019691102963838164 0.0037553374545897084 0.0017051311455765488 -0.00016148053665337542 -0.00063855849000719694 -0.0024789326571047657 0.00094194816470619363
leaf_weight=4481 1038 3953 660 11588 8308 6094
leaf_count=4481 1038 3953 660 11588 8308 6094
internal_value=-0.000255129 0.00045609 0.00371159 0.000100179 -0.000904417 -0.000182962
internal_weight=36122 17239 1698 15541 18883 10575
internal_count=36122 17239 1698 15541 18883 10575
cat_boundaries=0 1
cat_threshold=302736364
is_linear=0
shrinkage=0.03


Tree=79
num_leaves=7
num_cat=1
split_feature=2 12 1 12 3 3
split_gain=16.7413 16.9641 18.0444 18.7223 14.5684 26.1326
threshold=1.5000000000000002 -0.34844829550940343 0 0.14955938532619231 9.5000000000000018 3.5000000000000004
decision_type=2 8 9 10 2 2
left_child=-1 -2 -3 4 5 -4
right_child=1 2 3 -5 -6 -7
leaf_value=-0.0027447886547872168 0.0034280260030026496 -0.0016472294348352922 -0.00073957618433279071 -0.0019582572441061903 -0.00090327470762741936 0.0020732463105662528
leaf_weight=3336 1046 9305 4107 4965 4548 8820
leaf_count=3336 1046 9305 4107 4965 4548 8820
internal_value=-0.000255509 -4.94945e-05 -0.000173408 0.000287292 0.000749313 0.00126307
internal_weight=36127 32791 31745 22440 17475 12927
internal_count=36127 32791 31745 22440 17475 12927
cat_boundaries=0 1
cat_threshold=368227842
is_linear=0
shrinkage=0.03


Tree=80
num_leaves=7
num_cat=2
split_feature=12 1 12 0 13 3
split_gain=16.2695 15.269 17.6419 13.0235 16.4834 12.2879
threshold=-0.22222449718430634 0 0.14955938532619231 1 -0.0054397113987459562 3.5000000000000004
decision_type=8 9 10 1 8 2
left_child=-1 -2 3 -3 -5 -6
right_child=1 2 -4 4 5 -7
leaf_value=0.0017530823516865952 -0.0018377601999722154 -0.0003265174593112349 -0.002297496360187056 -0.0011254321763526269 -0.00027111938384596749 0.0032426207004314007
leaf_weight=3924 10079 9306 5558 2351 1158 3720
leaf_count=3924 10079 9306 5558 2351 1158 3720
internal_value=-0.000267281 -0.000489728 -4.79106e-05 0.000443577 0.00139875 0.00239311
internal_weight=36096 32172 22093 16535 7229 4878
internal_count=36096 32172 22093 16535 7229 4878
cat_boundaries=0 1 2
cat_threshold=367179522 2
is_linear=0
shrinkage=0.03


Tree=81
num_leaves=7
num_cat=4
split_feature=11 14 1 0 1 1
split_gain=17.1289 16.0228 13.542 11.9051 13.8299 11.857
threshold=0.048195167868818174 0.06718098489430524 0 1 2 3
decision_type=10 8 9 1 9 9
left_child=1 2 -1 5 -5 -3
right_child=-2 3 -4 4 -6 -7
leaf_value=-0.0017943171619236962 -0.0013485717304979323 0.0025244742842454393 0.00050773811830132868 0.00049912305290079212 0.0045203434886743592 -0.0006494937434471797
leaf_weight=5249 16054 519 8956 1365 1751 2265
leaf_count=5249 16054 519 8956 1365 1751 2265
internal_value=-0.000260427 0.000323037 -0.000222794 0.00163701 0.00291049 0.00021113
internal_weight=36159 20105 14205 5900 3116 2784
internal_count=36159 20105 14205 5900 3116 2784
cat_boundaries=0 1 2 3 4
cat_threshold=368321410 2 89758026 147915074
is_linear=0
shrinkage=0.03


Tree=82
num_leaves=7
num_cat=1
split_feature=2 3 3 3 1 11
split_gain=16.0052 15.7369 29.2688 20.9939 16.3824 12.38
threshold=1.5000000000000002 9.5000000000000018 3.5000000000000004 6.5000000000000009 0 0.36559298071418805
decision_type=2 2 2 2 9 10
left_child=-1 2 -2 4 5 -4
right_child=1 -3 3 -5 -6 -7
leaf_value=-0.0026501672737170826 -0.0014270961509734136 -0.0014826705180064081 0.0034009885015291313 1.997984091960544e-05 0.00052557213350256044 -0.003415129770109878
leaf_weight=3303 7716 8498 4137 8501 3603 366
leaf_count=3303 7716 8498 4137 8501 3603 366
internal_value=-0.000246146 -4.57932e-05 0.000342501 0.00105184 0.00214407 0.00334758
internal_weight=36124 32821 24323 16607 8106 4503
internal_count=36124 32821 24323 16607 8106 4503
cat_boundaries=0 1
cat_threshold=176243132
is_linear=0
shrinkage=0.03


Tree=83
num_leaves=7
num_cat=2
split_feature=2 11 1 12 11 1
split_gain=15.1496 17.1784 12.4092 14.0014 8.45352 8.50572
threshold=2.5000000000000004 0.085750961577403043 0 0.057307643624035627 -0.59288477880676804 1
decision_type=2 10 9 10 8 9
left_child=-1 2 -2 4 -4 -6
right_child=1 -3 3 -5 5 -7
leaf_value=-0.0017833502081950761 -0.0012228503191265019 -0.0013305842554410705 0.0064827594188049779 -0.00049942401984802984 0.0025915111577951748 0.0010988953386098293
leaf_weight=6551 3439 11148 231 4436 1802 8549
leaf_count=6551 3439 11148 231 4436 1802 8549
internal_value=-0.000251902 3.6985e-05 0.000598602 0.000970523 0.00156421 0.00143711
internal_weight=36156 29605 18457 15018 10582 10351
internal_count=36156 29605 18457 15018 10582 10351
cat_boundaries=0 1 2
cat_threshold=91234818 3164
is_linear=0
shrinkage=0.03


Tree=84
num_leaves=7
num_cat=2
split_feature=12 1 14 0 9 14
split_gain=14.9694 19.5212 13.6136 21.1269 10.686 12.1587
threshold=0.14955938532619231 0 0.65680156598635808 1 -0.27308611486446516 0.32814068026912641
decision_type=10 9 8 1 10 8
left_child=1 4 -3 -4 5 -1
right_child=-2 2 3 -5 -6 -7
leaf_value=0.0032591497240551121 -0.0020599786586331693 -0.00069442251406984983 -0.0016543309645687797 0.0051870040242583647 0.00045818996813468588 -0.0010695731799815267
leaf_weight=2178 6919 19658 583 634 5632 623
leaf_count=2178 6919 19658 583 634 5632 623
internal_value=-0.000214227 8.20901e-05 -0.000410084 0.00266749 0.00129927 0.00281477
internal_weight=36227 29308 20875 1217 8433 2801
internal_count=36227 29308 20875 1217 8433 2801
cat_boundaries=0 1 2
cat_threshold=34080860 2
is_linear=0
shrinkage=0.03


Tree=85
num_leaves=7
num_cat=1
split_feature=2 11 3 3 1 2
split_gain=14.8039 16.0127 14.1618 17.8892 12.4672 10.6291
threshold=6.5000000000000009 -0.32596505613497312 7.5000000000000009 3.5000000000000004 0 1.5000000000000002
decision_type=2 8 2 2 9 2
left_child=2 4 3 -1 -2 -5
right_child=1 -3 -4 5 -6 -7
leaf_value=-0.0017028538427420893 0.0039946838806300886 0.00012263455479874719 -0.0024063169597119821 -0.0021261010960452313 -0.00028271086829604046 0.0014008034768125954
leaf_weight=4563 878 15912 8295 1082 502 5064
leaf_count=4563 878 15912 8295 1082 502 5064
internal_value=-0.000279859 0.000355288 -0.000857775 -0.000136976 0.00345402 0.000919472
internal_weight=36296 17292 19004 10709 1380 6146
internal_count=36296 17292 19004 10709 1380 6146
cat_boundaries=0 1
cat_threshold=302768940
is_linear=0
shrinkage=0.03


Tree=86
num_leaves=7
num_cat=1
split_feature=0 13 6 12 12 7
split_gain=14.3576 19.3006 16.8695 11.5624 9.58895 8.48086
threshold=0 0.0054353557305519924 -0.016681145255518889 -0.013518543831965156 -0.47023045332255936 0.06410851140362174
decision_type=1 8 10 8 10 8
left_child=3 4 5 -1 -2 -3
right_child=1 2 -4 -5 -6 -7
leaf_value=0.00012002947060950354 0.012606720331681229 0.0017791044944277048 0.00045597879882431312 -0.0015791838229886675 -0.0013364254190992048 0.0043116890733654999
leaf_weight=7613 139 1850 6600 10589 7981 1331
leaf_count=7613 139 1850 6600 10589 7981 1331
internal_value=-0.000212969 0.000390291 0.00128777 -0.000806241 -0.000690802 0.00308202
internal_weight=36103 17901 9781 18202 8120 3181
internal_count=36103 17901 9781 18202 8120 3181
cat_boundaries=0 1
cat_threshold=2
is_linear=0
shrinkage=0.03


Tree=87
num_leaves=7
num_cat=1
split_feature=0 14 7 13 5 13
split_gain=13.7538 25.9568 18.4434 13.5018 12.3712 12.1508
threshold=0 0.022737478497215222 0.080234978393075376 -0.012998346435416155 -0.083148247823444862 0.054333548605615484
decision_type=1 8 10 8 10 8
left_child=-1 -2 3 -3 5 -5
right_child=1 2 -4 4 -6 -7
leaf_value=-0.00093425496643959082 -0.0011600152358621529 -0.0032132349660248262 0.00026430463082982445 0.0075715708857272733 0.0020193270547772392 0.0036053060660327318
leaf_weight=18323 9437 434 4618 456 2515 550
leaf_count=18323 9437 434 4618 456 2515 550
internal_value=-0.000325564 0.000263172 0.00145801 0.00296132 0.00357666 0.00638729
internal_weight=36333 18010 8573 3955 3521 1006
internal_count=36333 18010 8573 3955 3521 1006
cat_boundaries=0 1
cat_threshold=2
is_linear=0
shrinkage=0.03


Tree=88
num_leaves=7
num_cat=1
split_feature=12 1 3 3 14 11
split_gain=14.3735 17.6564 10.9258 19.6885 11.5104 19.8518
threshold=0.14955938532619231 0 7.5000000000000009 3.5000000000000004 -0.026937717924103603 -0.23845851542831295
decision_type=10 9 2 2 8 8
left_child=1 -1 3 -3 -5 -6
right_child=-2 2 -4 4 5 -7
leaf_value=0.0011974540579976856 -0.0020545225359072678 -0.0015411604881612403 -0.0016053912046878748 -0.00047234070866153101 0.0044963952290463629 0.0014010797403992976
leaf_weight=7785 6853 4887 9486 2567 418 4062
leaf_count=7785 6853 4887 9486 2567 418 4062
internal_value=-0.000279376 1.07847e-05 -0.000433952 0.00016992 0.00118459 0.00210221
internal_weight=36058 29205 21420 11934 7047 4480
internal_count=36058 29205 21420 11934 7047 4480
cat_boundaries=0 1
cat_threshold=34078812
is_linear=0
shrinkage=0.03


Tree=89
num_leaves=7
num_cat=1
split_feature=2 11 14 1 5 11
split_gain=13.7664 14.4325 15.0009 11.4074 11.1525 10.5614
threshold=1.5000000000000002 0.048195167868818174 0.078547279112105614 0 -0.070052941582930281 -0.21701590015594882
decision_type=2 10 10 9 10 8
left_child=-1 2 3 -2 -4 -5
right_child=1 -3 4 5 -6 -7
leaf_value=-0.0024243802262297028 -0.0017596257995541053 -0.00098115448305124801 0.0038880043601900705 0.0017932066035864769 0.0011499856074497965 -1.4252989035122694e-05
leaf_weight=3338 3191 14529 864 3190 2439 8538
leaf_count=3338 3191 14529 864 3190 2439 8538
internal_value=-0.000247632 -6.05466e-05 0.000501783 9.67151e-05 0.00233081 0.000529516
internal_weight=36089 32751 18222 14919 3303 11728
internal_count=36089 32751 18222 14919 3303 11728
cat_boundaries=0 1
cat_threshold=91496962
is_linear=0
shrinkage=0.03


Tree=90
num_leaves=7
num_cat=0
split_feature=3 3 12 5 4 13
split_gain=14.0581 41.1294 12.8096 10.9851 13.0945 9.02623
threshold=3.5000000000000004 6.5000000000000009 0.057307643624035627 inf 3.5000000000000004 0.010419802226796632
decision_type=2 2 10 8 2 10
left_child=-1 2 -2 -3 5 -5
right_child=1 3 -4 4 -6 -7
leaf_value=-0.0015864335448803402 0.0021942285719162729 -0.0011126240714073574 0.00020566334759809655 0.00038944898469181336 -0.00018991286652159881 0.0065180877629084609
leaf_weight=8472 5735 17587 3161 135 825 234
leaf_count=8472 5735 17587 3161 135 825 234
internal_value=-0.000266308 6.10225e-05 0.00174126 -0.000734906 0.00204853 0.00673784
internal_weight=36149 27677 8896 18781 1194 369
internal_count=36149 27677 8896 18781 1194 369
is_linear=0
shrinkage=0.03


Tree=91
num_leaves=7
num_cat=2
split_feature=12 1 12 9 4 1
split_gain=13.0792 14.7154 15.3816 11.0955 12.4329 15.7162
threshold=-0.34844829550940343 0 0.14955938532619231 -0.31841206618788215 3.5000000000000004 1
decision_type=8 9 10 10 2 9
left_child=-1 -2 3 4 5 -3
right_child=1 2 -4 -5 -6 -7
leaf_value=0.002705756212550434 -0.0015653873590831444 0.0057981947292699313 -0.0017787131265781801 -5.4034607931759815e-05 0.00071130709403137318 0.0018191797932690604
leaf_weight=1156 10268 472 5490 12802 4777 1073
leaf_count=1156 10268 472 5490 12802 4777 1073
internal_value=-0.000249564 -0.00035364 4.45881e-05 0.000446431 0.00147462 0.00381307
internal_weight=36038 34882 24614 19124 6322 1545
internal_count=36038 34882 24614 19124 6322 1545
cat_boundaries=0 1 2
cat_threshold=368227842 589916
is_linear=0
shrinkage=0.03


Tree=92
num_leaves=7
num_cat=1
split_feature=2 11 13 5 1 14
split_gain=12.7769 14.0308 11.8614 14.6471 15.4622 11.673
threshold=1.5000000000000002 -0.047984122943401701 0.029944229039719009 -0.083148247823444862 0 -0.13778715735331173
decision_type=2 10 10 10 9 8
left_child=-1 5 -3 4 -4 -2
right_child=1 2 3 -5 -6 -7
leaf_value=-0.0023065227545948138 -0.0010395303780360991 -0.0015051461370634968 0.0078451572890758381 -5.0935964526305775e-05 0.0018834222888234103 0.0011710561266201778
leaf_weight=3309 3345 11993 245 7083 476 9573
leaf_count=3309 3345 11993 245 7083 476 9573
internal_value=-0.00021685 -3.71385e-05 -0.000538995 0.0003713 0.00444183 0.000731944
internal_weight=36024 32715 19797 7804 721 12918
internal_count=36024 32715 19797 7804 721 12918
cat_boundaries=0 1
cat_threshold=9177424
is_linear=0
shrinkage=0.03


Tree=93
num_leaves=7
num_cat=0
split_feature=11 14 14 9 5 13
split_gain=12.802 14.75 10.5471 8.78166 7.53292 8.90679
threshold=0.085750961577403043 0.078547279112105614 -0.48671587827248453 -0.30469547938840685 -0.055115775449574571 -0.012998346435416155
decision_type=10 10 8 10 10 10
left_child=1 2 -1 -4 5 -3
right_child=-2 4 3 -5 -6 -7
leaf_value=0.013703407219085341 -0.0012554774648258608 -0.002337662891661482 0.00066782973428816499 -0.0008212203310366047 0.0008118785729338432 0.0043130093837322799
leaf_weight=125 13566 204 6469 11494 3262 925
leaf_count=125 13566 204 6469 11494 3262 925
internal_value=-0.000257588 0.000181627 -0.000197027 -0.000257683 0.00174112 0.00385221
internal_weight=36045 22479 18088 17963 4391 1129
internal_count=36045 22479 18088 17963 4391 1129
is_linear=0
shrinkage=0.03


Tree=94
num_leaves=7
num_cat=0
split_feature=3 3 3 11 9 14
split_gain=13.1606 22.8459 19.0749 9.14071 12.942 10.3036
threshold=9.5000000000000018 3.5000000000000004 6.5000000000000009 0.25292598860556753 -0.21047972579580107 0.06718098489430524
decision_type=2 2 2 8 10 10
left_child=1 -1 3 4 -3 -6
right_child=-2 2 -4 -5 5 -7
leaf_value=-0.0014371527337104959 -0.0014812158043460584 0.0025358661596386126 -0.00032164709443619491 -0.00010683563743046746 0.00044009261946401719 0.0030472953302069254
leaf_weight=8458 9431 2298 9307 1913 3437 1214
leaf_count=8458 9431 2298 9307 1913 3437 1214
internal_value=-0.000261905 7.92016e-05 0.000678755 0.00167483 0.00218029 0.00126978
internal_weight=36058 26627 18169 8862 6949 4651
internal_count=36058 26627 18169 8862 6949 4651
is_linear=0
shrinkage=0.03


Tree=95
num_leaves=7
num_cat=2
split_feature=12 1 12 11 1 3
split_gain=12.8972 14.6429 13.1569 12.8025 11.3261 10.7649
threshold=-0.22222449718430634 0 0.05950118180801179 -0.53871887673615004 1 10.500000000000002
decision_type=8 9 8 10 9 2
left_child=3 -2 5 4 -1 -3
right_child=1 2 -4 -5 -6 -7
leaf_value=0.0089696979454211255 -0.0017854256800831291 0.00091464031054669067 -0.001009099041230871 0.00075797957463008547 0.0018396758099478725 -0.0016750794891272262
leaf_weight=233 8379 10727 10886 3280 365 2206
leaf_count=233 8379 10727 10886 3280 365 2206
internal_value=-0.000248303 -0.00044517 -6.53385e-05 0.00138592 0.00541903 0.00058149
internal_weight=36076 32198 23819 3878 598 12933
internal_count=36076 32198 23819 3878 598 12933
cat_boundaries=0 1 2
cat_threshold=99792386 38405386
is_linear=0
shrinkage=0.03


Tree=96
num_leaves=7
num_cat=2
split_feature=3 3 1 2 0 11
split_gain=12.1894 27.8878 15.1348 12.1422 11.9021 13.6336
threshold=7.5000000000000009 3.5000000000000004 0 7.5000000000000009 1 0.33541475255881853
decision_type=2 2 9 2 1 10
left_child=1 -1 4 -2 -3 -6
right_child=3 2 -4 -5 5 -7
leaf_value=-0.00125652197269333 -0.0019092316696585007 0.00093017346789228737 -3.6412911495539971e-05 0.00018727544528830906 0.0039615019312145543 -0.0019218287672829663
leaf_weight=8469 9515 3477 5110 6218 2853 494
leaf_count=8469 9515 3477 5110 6218 2853 494
internal_value=-0.000257853 0.000225984 0.00116028 -0.000885281 0.0020831 0.0033629
internal_weight=36136 20403 11934 15733 6824 3347
internal_count=36136 20403 11934 15733 6824 3347
cat_boundaries=0 1 2
cat_threshold=168117180 2
is_linear=0
shrinkage=0.03


Tree=97
num_leaves=7
num_cat=1
split_feature=2 4 14 14 4 0
split_gain=13.3374 20.4632 14.6552 12.5334 20.9494 16.9678
threshold=5.5000000000000009 3.5000000000000004 -0.43978542759699907 0.078547279112105614 7.5000000000000009 0
decision_type=2 2 8 8 2 1
left_child=1 -1 -2 -4 -5 -6
right_child=2 -3 3 4 5 -7
leaf_value=0.000962373610248081 0.0094880503999709397 -0.0017348464431617618 -0.00036439431186196386 0.000283982452072316 0.00060271085492458025 0.0065950510693992114
leaf_weight=3675 149 12277 12550 5537 842 1159
leaf_count=3675 149 12277 12550 5537 842 1159
internal_value=-0.000233684 -0.000882343 0.000277645 0.000207874 0.00117469 0.00380469
internal_weight=36189 15952 20237 20088 7538 2001
internal_count=36189 15952 20237 20088 7538 2001
cat_boundaries=0 1
cat_threshold=2
is_linear=0
shrinkage=0.03


Tree=98
num_leaves=7
num_cat=1
split_feature=2 14 14 0 14 4
split_gain=12.4511 12.1418 11.3793 14.0262 14.5333 22.7234
threshold=3.5000000000000004 -0.43978542759699907 -0.17016452810223601 0 0.022737478497215222 7.5000000000000009
decision_type=2 8 8 1 8 2
left_child=-1 -2 -3 -4 -5 -6
right_child=1 2 3 4 5 -7
leaf_value=-0.0012785800457977791 0.0097280705203901165 -0.0020927604968119899 -0.00049002586312453717 -0.00029625195052830833 0.00075978249009448233 0.0043592495713585169
leaf_weight=9808 167 2961 12239 4905 4084 2134
leaf_count=9808 167 2961 12239 4905 4084 2134
internal_value=-0.000288273 4.98275e-05 -1.48225e-06 0.000220605 0.000991639 0.00195465
internal_weight=36298 26490 26323 23362 11123 6218
internal_count=36298 26490 26323 23362 11123 6218
cat_boundaries=0 1
cat_threshold=2
is_linear=0
shrinkage=0.03


Tree=99
num_leaves=7
num_cat=2
split_feature=2 6 1 11 8 1
split_gain=11.6335 11.8416 12.2119 11.7336 11.9209 10.7253
threshold=1.5000000000000002 -0.60389080280114971 0 -0.029299176935350776 0.040844851140679157 1
decision_type=2 10 9 8 8 9
left_child=-1 5 -3 4 -4 -2
right_child=1 2 3 -5 -6 -7
leaf_value=-0.0021042815429517595 0.0036009959681844051 -0.0013629702934086589 0.00047784901396743314 -0.00047168653471342471 0.002876533152183623 0.00078403144198710883
leaf_weight=3322 691 8914 5470 13899 1494 2472
leaf_count=3322 691 8914 5470 13899 1494 2472
internal_value=-0.000278135 -0.000107466 -0.000292868 0.000104483 0.00110955 0.00163748
internal_weight=36262 32940 29777 20863 6964 3163
internal_count=36262 32940 29777 20863 6964 3163
cat_boundaries=0 1 2
cat_threshold=368195202 278136914
is_linear=0
shrinkage=0.03


Tree=100
num_leaves=7
num_cat=1
split_feature=3 3 1 11 2 14
split_gain=11.16 23.3182 13.7056 12.5945 11.8083 11.2131
threshold=2.5000000000000004 6.5000000000000009 0 0.35226370503586996 5.5000000000000009 0.078547279112105614
decision_type=2 2 9 8 2 8
left_child=-1 2 3 -2 -3 -6
right_child=1 4 -4 -5 5 -7
leaf_value=-0.0017208459155556707 0.0022971335921589662 -0.001951839920146292 -4.864732475546957e-05 -0.0018363967631625968 -0.00072738486143547197 0.0017745936911113041
leaf_weight=5786 5285 8314 5347 919 6842 3646
leaf_count=5786 5285 8314 5347 919 6842 3646
internal_value=-0.000247289 -1.7099e-05 0.00104371 0.00200129 -0.00066883 5.71313e-07
internal_weight=36139 30353 11551 6204 18802 10488
internal_count=36139 30353 11551 6204 18802 10488
cat_boundaries=0 1
cat_threshold=168051132
is_linear=0
shrinkage=0.03


Tree=101
num_leaves=7
num_cat=1
split_feature=1 2 11 4 14 14
split_gain=10.8652 11.2292 13.0771 12.8821 11.9824 11.7622
threshold=0 6.5000000000000009 -0.29263181982033787 3.5000000000000004 0.078547279112105614 0.081320780914097585
decision_type=9 2 8 2 10 10
left_child=-1 3 -3 -2 -4 -6
right_child=1 2 4 -5 5 -7
leaf_value=-0.0012254338805946286 0.0010799727201907328 0.0028922475341619188 -0.00030872371144416102 -0.001195572004311993 0.011959552330721828 0.0017993968410054413
leaf_weight=11624 2985 1043 6991 9720 100 3639
leaf_count=11624 2985 1043 6991 9720 100 3639
internal_value=-0.000303466 5.53711e-05 0.000722863 -0.000563121 0.000410958 0.00178155
internal_weight=36102 24478 11773 12705 10730 3739
internal_count=36102 24478 11773 12705 10730 3739
cat_boundaries=0 1
cat_threshold=99792514
is_linear=0
shrinkage=0.03


Tree=102
num_leaves=7
num_cat=1
split_feature=12 1 12 9 14 12
split_gain=10.8907 15.6103 9.50853 7.39402 10.1666 7.38115
threshold=0.14955938532619231 0 -0.25856278541841687 0.49002249613622745 0.38889227436015961 -0.19669340799207943
decision_type=10 9 10 8 8 8
left_child=1 3 -3 5 -5 -1
right_child=-2 2 -4 4 -6 -7
leaf_value=0.0061557182367719251 -0.0016595478946366429 0.0013195332567129514 -0.00072394639201009533 0.0029758435918397427 -0.0012494123338640717 0.00035075916609681281
leaf_weight=342 6915 2865 18580 1547 425 5516
leaf_count=342 6915 2865 18580 1547 425 5516
internal_value=-0.000254484 -1.53781e-06 -0.000420163 0.00114399 0.00273391 0.000610342
internal_weight=36190 29275 21445 7830 1972 5858
internal_count=36190 29275 21445 7830 1972 5858
cat_boundaries=0 1
cat_threshold=34078812
is_linear=0
shrinkage=0.03


Tree=103
num_leaves=7
num_cat=2
split_feature=2 3 3 1 2 0
split_gain=11.2197 11.8303 24.0565 12.8748 8.57349 7.76022
threshold=1.5000000000000002 2.5000000000000004 7.5000000000000009 0 7.5000000000000009 1
decision_type=2 2 2 9 2 1
left_child=-1 -2 3 -3 -4 -5
right_child=1 2 4 5 -6 -7
leaf_value=-0.0019947712957267376 -0.0015840202810957101 -0.00011628150091851525 -0.0017070567521895849 0.00083553823219048194 0.00020416749378703565 0.0026786286293511452
leaf_weight=3315 5290 4444 8024 4447 6152 4402
leaf_count=3315 5290 4444 8024 4447 6152 4402
internal_value=-0.000241498 -7.31692e-05 0.000177029 0.0010938 -0.000682656 0.00175429
internal_weight=36074 32759 27469 13293 14176 8849
internal_count=36074 32759 27469 13293 14176 8849
cat_boundaries=0 1 2
cat_threshold=360324674 2
is_linear=0
shrinkage=0.03


Tree=104
num_leaves=7
num_cat=2
split_feature=6 1 11 1 14 11
split_gain=11.0383 12.8471 10.6465 9.78925 12.0533 7.74041
threshold=-0.60389080280114971 0 0.099556557356379485 1 0.079377900182278277 -0.27877858438069353
decision_type=10 9 8 9 10 8
left_child=3 2 -2 4 5 -1
right_child=1 -3 -4 -5 -6 -7
leaf_value=0.0086890572660064148 0.0010752430067829163 -0.00097851829967827834 -0.0009449510394509015 5.9552176858500191e-05 0.0045285505662373817 -0.0007986306045958888
leaf_weight=169 8236 18148 6234 2084 553 651
leaf_count=169 8236 18148 6234 2084 553 651
internal_value=-0.000255711 -0.000426562 0.000240314 0.00135599 0.00330997 0.00102314
internal_weight=36075 32618 14470 3457 1373 820
internal_count=36075 32618 14470 3457 1373 820
cat_boundaries=0 1 2
cat_threshold=167821372 280758490
is_linear=0
shrinkage=0.03


Tree=105
num_leaves=7
num_cat=1
split_feature=3 3 3 1 2 14
split_gain=10.7794 17.9724 15.9211 9.82813 9.48648 12.4762
threshold=9.5000000000000018 3.5000000000000004 6.5000000000000009 0 3.5000000000000004 0.06718098489430524
decision_type=2 2 2 9 2 8
left_child=1 -1 3 -3 -4 -6
right_child=-2 2 4 -5 5 -7
leaf_value=-0.0012760730126830967 -0.0013309631532773447 0.0020694637643577408 -0.002261939542587603 0.0002676512777473705 -0.00073658992572375184 0.0022191226154914131
leaf_weight=8533 9513 4607 2552 4286 4237 2474
leaf_count=8533 9513 4607 2552 4286 4237 2474
internal_value=-0.000310086 -1.01233e-06 0.000532686 0.00143928 -0.00033776 0.00025432
internal_weight=36202 26689 18156 8893 9263 6711
internal_count=36202 26689 18156 8893 9263 6711
cat_boundaries=0 1
cat_threshold=172048812
is_linear=0
shrinkage=0.03


Tree=106
num_leaves=7
num_cat=2
split_feature=3 3 2 1 10 1
split_gain=9.97871 25.5087 11.2839 10.1502 7.68232 9.35852
threshold=7.5000000000000009 3.5000000000000004 7.5000000000000009 0 0.090267579231283271 1
decision_type=2 2 2 9 8 9
left_child=1 -1 -2 -3 5 -4
right_child=2 3 4 -5 -6 -7
leaf_value=-0.0011153589988675101 -0.001811753559403116 0.0018241127488265048 -0.0045930631457496941 -2.0064774105887159e-05 -0.00053271201235250212 0.0033268400025942748
leaf_weight=8443 9578 7386 364 4543 4419 1382
leaf_count=8443 9578 7386 364 4543 4419 1382
internal_value=-0.000222201 0.000216168 -0.000789444 0.00110922 0.000211644 0.00189582
internal_weight=36115 20372 15743 11929 6165 1746
internal_count=36115 20372 15743 11929 6165 1746
cat_boundaries=0 1 2
cat_threshold=174440892 89139794
is_linear=0
shrinkage=0.03


Tree=107
num_leaves=7
num_cat=3
split_feature=12 1 12 1 1 2
split_gain=10.7224 10.7118 12.1368 9.13011 8.89799 5.7774
threshold=-0.34844829550940343 0 0.16593753793058544 1 2 1.5000000000000002
decision_type=8 9 8 9 9 2
left_child=4 -2 3 -3 -1 -5
right_child=1 2 -4 5 -6 -7
leaf_value=0.00052747668506292569 -0.0013390762738990005 -0.00025987624253543719 -0.0015616762228289397 -0.001408807228944571 0.0041205583480113479 0.0012623349968133627
leaf_weight=726 10926 10141 5609 759 448 7571
leaf_count=726 10926 10141 5609 759 448 7571
internal_value=-0.000250408 -0.000345017 8.71623e-06 0.000379872 0.00256851 0.00111497
internal_weight=36180 35006 24080 18471 1174 8330
internal_count=36180 35006 24080 18471 1174 8330
cat_boundaries=0 1 2 3
cat_threshold=99857026 134237536 143778320
is_linear=0
shrinkage=0.03


Tree=108
num_leaves=7
num_cat=1
split_feature=5 4 1 3 3 9
split_gain=10.8594 13.1517 12.1732 9.13291 23.9664 11.2194
threshold=-0.44895720983105919 3.5000000000000004 0 7.5000000000000009 3.5000000000000004 -0.55934086691791796
decision_type=10 2 9 2 2 8
left_child=1 2 -1 4 -2 -6
right_child=3 -3 -4 -5 5 -7
leaf_value=0.0072314500623392583 -0.0013310632770975662 0.00018111112425854748 0.0023157788269078409 -0.0010793001198668455 0.0049234062951169985 0.00085315379205837228
leaf_weight=115 7893 1736 683 14720 211 10785
leaf_count=115 7893 1736 683 14720 211 10785
internal_value=-0.000265024 0.0016284 0.00481352 -0.000407826 2.87447e-05 0.000934072
internal_weight=36143 2534 798 33609 18889 10996
internal_count=36143 2534 798 33609 18889 10996
cat_boundaries=0 1
cat_threshold=268437586
is_linear=0
shrinkage=0.03


Tree=109
num_leaves=7
num_cat=1
split_feature=12 13 6 4 4 1
split_gain=10.8924 10.4865 11.044 13.7294 10.1969 9.41309
threshold=-0.43264300565665786 0.029944229039719009 -0.03276384947164334 3.5000000000000004 9.5000000000000018 0
decision_type=8 8 10 2 2 9
left_child=-1 4 3 5 -2 -3
right_child=1 2 -4 -5 -6 -7
leaf_value=0.0035117753543571334 -0.001273230877938378 0.0012248352500023991 -0.00014003365247443203 0.0006030498361193319 0.00022915842361512982 0.0046593828049202564
leaf_weight=450 15687 494 9650 2324 6894 691
leaf_count=450 15687 494 9650 2324 6894 691
internal_value=-0.000242879 -0.000301335 0.000371808 0.00181282 -0.000693606 0.00443929
internal_weight=36190 35740 13159 3509 22581 1185
internal_count=36190 35740 13159 3509 22581 1185
cat_boundaries=0 1
cat_threshold=153285536
is_linear=0
shrinkage=0.03


Tree=110
num_leaves=7
num_cat=3
split_feature=9 1 1 0 14 11
split_gain=10.5479 13.7639 12.7716 9.9195 8.37884 11.9508
threshold=-0.34614912824819427 0 1 2 0.022737478497215222 0.18932851713548129
decision_type=10 9 9 1 10 10
left_child=1 -1 -2 -4 -5 -6
right_child=2 -3 3 4 5 -7
leaf_value=0.0014621184162338255 -0.0018543685761318264 -0.00049353545591426155 -0.00086567874793278563 -0.00043730278443092905 0.0036666191046103368 -0.0003538913644341549
leaf_weight=5637 6405 7023 8962 4440 2001 1619
leaf_count=5637 6405 7023 8962 4440 2001 1619
internal_value=-0.000247479 0.000450201 -0.00062451 -0.000194095 0.000569408 0.00164043
internal_weight=36087 12660 23427 17022 8060 3620
internal_count=36087 12660 23427 17022 8060 3620
cat_boundaries=0 1 2 3
cat_threshold=145573980 501679186 2
is_linear=0
shrinkage=0.03


Tree=111
num_leaves=7
num_cat=1
split_feature=12 1 9 4 5 4
split_gain=10.5387 17.6014 14.7679 13.0699 10.124 9.96576
threshold=0.14747942981788545 0 0.54729176974339755 3.5000000000000004 -1.0000000180025095e-35 10.500000000000002
decision_type=8 9 8 2 10 2
left_child=1 -1 -3 4 -4 -5
right_child=-2 2 3 5 -6 -7
leaf_value=-0.0008886773268995782 -0.0014044234811587167 0.00017499049559373318 0.0058072798828431079 0.00026045188935082912 0.0027251219972608751 0.0028129980950305205
leaf_weight=12761 7895 11461 481 2370 605 706
leaf_count=12761 7895 11461 481 2370 605 706
internal_value=-0.000214086 5.5592e-05 0.000730523 0.00226135 0.00508924 0.00126162
internal_weight=36279 28384 15623 4162 1086 3076
internal_count=36279 28384 15623 4162 1086 3076
cat_boundaries=0 1
cat_threshold=99791650
is_linear=0
shrinkage=0.03


Tree=112
num_leaves=7
num_cat=2
split_feature=12 1 1 9 12 4
split_gain=10.717 14.3796 7.72435 7.51598 6.9214 6.65131
threshold=0.031826043274249656 0 1 0.50357328066454976 -0.28931594743005901 6.5000000000000009
decision_type=8 9 9 8 10 2
left_child=1 4 -2 5 -1 -3
right_child=2 3 -4 -5 -6 -7
leaf_value=0.0011590665325256712 -0.002204757378088007 -0.00042284840617380219 -0.00037905141131219517 0.0018957262014750557 -0.0011335445028291507 0.0011616796223170383
leaf_weight=1264 5045 4096 10990 3135 7796 3946
leaf_count=1264 5045 4096 10990 3135 7796 3946
internal_value=-0.000239187 0.000219833 -0.000818472 0.000939309 -0.000668064 0.000454307
internal_weight=36272 20237 16035 11177 9060 8042
internal_count=36272 20237 16035 11177 9060 8042
cat_boundaries=0 1 2
cat_threshold=83080962 96870114
is_linear=0
shrinkage=0.03


Tree=113
num_leaves=7
num_cat=2
split_feature=12 1 3 3 12 1
split_gain=10.6487 11.8546 8.71688 14.7096 9.57357 12.721
threshold=-0.34844829550940343 0 9.5000000000000018 2.5000000000000004 0.05950118180801179 1
decision_type=8 9 2 2 10 9
left_child=1 -1 3 -2 5 -5
right_child=2 -3 -4 4 -6 -7
leaf_value=0.0156449895117684 -0.0015213707512132346 0.0016466846930120462 -0.0012860227202111806 -0.00042212068526193813 -0.00065445348181202945 0.0013588645694998052
leaf_weight=125 5520 1054 9131 4417 7363 8500
leaf_count=125 5520 1054 9131 4417 7363 8500
internal_value=-0.000232617 0.00257034 -0.000327294 -4.53478e-05 0.000328385 0.000820482
internal_weight=36110 1179 34931 25800 20280 12917
internal_count=36110 1179 34931 25800 20280 12917
cat_boundaries=0 1 2
cat_threshold=38273288 349320962
is_linear=0
shrinkage=0.03


Tree=114
num_leaves=7
num_cat=2
split_feature=11 14 1 14 7 1
split_gain=9.62514 11.281 9.82918 9.30297 8.31121 8.29873
threshold=0.18932851713548129 0.06718098489430524 0 -0.43978542759699907 -0.19237189264745555 1
decision_type=10 10 9 8 10 9
left_child=1 3 -3 -1 -4 -5
right_child=-2 2 4 5 -6 -7
leaf_value=0.0073897888252796931 -0.0015675003506133687 0.0032194125407960881 0.0021251662439765871 -0.0010788883344093438 -0.00024960600827933163 0.00010100799309960153
leaf_weight=228 8202 1974 1016 8480 4311 11913
leaf_count=228 8202 1974 1016 8480 4311 11913
internal_value=-0.000260264 5.15632e-06 0.00101849 -0.000353652 0.00034451 -0.000421154
internal_weight=36124 27922 7301 20621 5327 20393
internal_count=36124 27922 7301 20621 5327 20393
cat_boundaries=0 1 2
cat_threshold=177209748 100410242
is_linear=0
shrinkage=0.03


Tree=115
num_leaves=7
num_cat=1
split_feature=12 2 3 3 3 0
split_gain=9.78865 9.57467 10.0793 19.1441 12.0354 7.70553
threshold=0.14955938532619231 1.5000000000000002 2.5000000000000004 6.5000000000000009 4.5000000000000009 0
decision_type=10 2 2 2 2 1
left_child=1 -1 -3 4 -4 -6
right_child=-2 2 3 -5 5 -7
leaf_value=-0.0017709100373070152 -0.0015527916664513737 -0.0011868755166130288 0.0003629031919289451 -0.00034832859279686706 0.0012627525220768852 0.0030231718144519228
leaf_weight=2681 6869 4288 4154 13789 2240 1971
leaf_count=2681 6869 4288 4154 13789 2240 1971
internal_value=-0.000256051 -1.57609e-05 0.00015747 0.000415165 0.00154733 0.00267735
internal_weight=35992 29123 26442 22154 8365 4211
internal_count=35992 29123 26442 22154 8365 4211
cat_boundaries=0 1
cat_threshold=2
is_linear=0
shrinkage=0.03


Tree=116
num_leaves=7
num_cat=2
split_feature=11 1 13 5 4 1
split_gain=9.55803 14.234 11.5091 16.069 13.37 9.26724
threshold=-0.047984122943401701 0 0.029944229039719009 -0.061875403718087967 3.5000000000000004 1
decision_type=8 9 10 10 2 9
left_child=1 -1 -2 4 5 -4
right_child=2 -3 3 -5 -6 -7
leaf_value=-0.00076732331665883466 -0.0013033941334098336 0.0012937181955602669 0.0019721047582622322 -0.00022410062507601211 0.00084961677482803223 0.0068446862798828539
leaf_weight=4551 14728 7272 219 8562 668 260
leaf_count=4551 14728 7272 219 8562 668 260
internal_value=-0.000234137 0.000466085 -0.00057292 0.000228939 0.00356185 0.00738125
internal_weight=36260 11823 24437 9709 1147 479
internal_count=36260 11823 24437 9709 1147 479
cat_boundaries=0 1 2
cat_threshold=234236290 2351876
is_linear=0
shrinkage=0.03


Tree=117
num_leaves=7
num_cat=0
split_feature=2 11 4 13 10 4
split_gain=9.21798 11.2956 11.2875 10.1398 10.0543 8.73425
threshold=7.5000000000000009 -0.29263181982033787 3.5000000000000004 0.026354289532136765 0.024587147202342233 10.500000000000002
decision_type=2 8 2 8 8 2
left_child=2 -2 3 -1 -3 -4
right_child=1 4 5 -5 -6 -7
leaf_value=-0.00058989466774759787 0.0021827384522603377 0.0017370688883951084 -0.0015132922187087517 0.0015978911795991415 -0.00043585634996214562 0.00027587270331142741
leaf_weight=2519 1431 3093 13234 2624 9680 3532
leaf_count=2519 1431 3093 13234 2624 9680 3532
internal_value=-0.000232847 0.000362407 -0.000618759 0.000610614 7.91444e-05 -0.000995885
internal_weight=36113 14204 21909 5143 12773 16766
internal_count=36113 14204 21909 5143 12773 16766
is_linear=0
shrinkage=0.03


Tree=118
num_leaves=7
num_cat=0
split_feature=13 12 9 11 2 10
split_gain=8.77875 8.4922 7.64162 11.5802 7.58855 9.42985
threshold=0.42020497906229864 -0.22222449718430634 0.33144554546753696 0.16110326487831153 8.5000000000000018 0.17185239508443664
decision_type=10 8 8 8 2 8
left_child=1 -1 4 -4 -3 -6
right_child=-2 2 3 -5 5 -7
leaf_value=0.0010221858352942898 0.0078981457175920696 -0.0012354709023627737 0.0011370030210495388 -0.00074921319385322176 0.0016530656999267882 -0.00089942268683457693
leaf_weight=3889 105 14425 4985 6663 2430 3526
leaf_count=3889 105 14425 4985 6663 2430 3526
internal_value=-0.000271736 -0.000297169 -0.000457915 0.000155034 -0.000808214 9.26634e-05
internal_weight=36023 35918 32029 11648 20381 5956
internal_count=36023 35918 32029 11648 20381 5956
is_linear=0
shrinkage=0.03


Tree=119
num_leaves=7
num_cat=3
split_feature=1 12 3 3 1 1
split_gain=9.27717 13.6705 7.47459 9.20173 7.04605 6.14905
threshold=0 0.05950118180801179 10.500000000000002 2.5000000000000004 1 2
decision_type=9 8 2 2 9 9
left_child=-1 2 3 -2 -5 -3
right_child=1 5 -4 4 -6 -7
leaf_value=-0.00098664918861630945 -0.00068448676338478463 -0.0025089295819931429 -0.00095572241922980505 0.0022375313730832315 0.00088875511928101819 -0.00034033885135042601
leaf_weight=12195 2087 2367 2238 2919 5843 8389
leaf_count=12195 2087 2367 2238 2919 5843 8389
internal_value=-0.000245402 9.89764e-05 0.000750229 0.00107585 0.00150222 -0.000693317
internal_weight=36038 23843 13087 10849 8762 10756
internal_count=36038 23843 13087 10849 8762 10756
cat_boundaries=0 1 2 3
cat_threshold=99792642 301992092 329904
is_linear=0
shrinkage=0.03


Tree=120
num_leaves=7
num_cat=2
split_feature=14 9 1 4 1 14
split_gain=10.3333 8.62497 11.4616 10.8631 10.5433 8.88632
threshold=-0.48671587827248453 -0.34614912824819427 0 3.5000000000000004 1 -0.054345570193398834
decision_type=8 10 9 2 9 10
left_child=-1 2 3 5 -3 -2
right_child=1 4 -4 -5 -6 -7
leaf_value=0.010786121161767409 0.00026118063465954027 -0.0014997099055147993 -0.0004470304578540109 0.00069394746613569036 -0.00021283421092936381 0.0037262203564156645
leaf_weight=144 442 6642 7013 4359 16686 831
leaf_count=144 442 6642 7013 4359 16686 831
internal_value=-0.000213219 -0.000245428 0.000385497 0.00139181 -0.000587424 0.00383124
internal_weight=36117 35973 12645 5632 23328 1273
internal_count=36117 35973 12645 5632 23328 1273
cat_boundaries=0 1 2
cat_threshold=145573980 234163282
is_linear=0
shrinkage=0.03


Tree=121
num_leaves=7
num_cat=2
split_feature=12 1 12 8 1 14
split_gain=9.38585 9.51642 8.85575 7.61416 11.3047 8.5338
threshold=-0.25856278541841687 0 0.21541615696107999 0.8980206753424077 1 -0.097036652277354279
decision_type=8 9 10 8 9 10
left_child=-1 -2 3 -3 5 -5
right_child=1 2 -4 4 -6 -7
leaf_value=0.0012517439977505376 -0.001230077737536531 -0.00011290638418427716 -0.0016768218080144173 -0.0017031820185483151 0.00032916477076773795 0.0037359400995868727
leaf_weight=2735 10304 15575 3330 254 3019 966
leaf_count=2735 10304 15575 3330 254 3019 966
internal_value=-0.000236542 -0.00037472 -3.67962e-05 0.000203784 0.0013309 0.00375305
internal_weight=36183 33448 23144 19814 4239 1220
internal_count=36183 33448 23144 19814 4239 1220
cat_boundaries=0 1 2
cat_threshold=99792514 134807632
is_linear=0
shrinkage=0.03


Tree=122
num_leaves=7
num_cat=1
split_feature=0 14 14 4 4 2
split_gain=9.17137 19.3734 16.4183 11.3374 10.9644 8.29662
threshold=0 0.022737478497215222 0.12239736477634665 11.500000000000002 10.500000000000002 3.5000000000000004
decision_type=1 8 10 2 2 2
left_child=4 -2 3 5 -1 -3
right_child=1 2 -4 -5 -6 -7
leaf_value=-0.0010589321468984145 -0.00085544850808349929 5.3630212459271144e-05 -6.5196812991306062e-05 0.0090437705618754399 0.00064513517882469845 0.002934812460796609
leaf_weight=15135 9454 1125 4063 174 3031 3169
leaf_count=15135 9454 1125 4063 174 3031 3169
internal_value=-0.00021252 0.000267708 0.00130415 0.00255896 -0.000687951 0.00225332
internal_weight=36151 17985 8531 4468 18166 4294
internal_count=36151 17985 8531 4468 18166 4294
cat_boundaries=0 1
cat_threshold=2
is_linear=0
shrinkage=0.03


Tree=123
num_leaves=7
num_cat=2
split_feature=12 1 12 1 9 4
split_gain=9.90947 9.19348 9.5188 9.65252 6.92566 6.76827
threshold=-0.43264300565665786 0 0.16344403140761712 1 0.39015595073361103 3.5000000000000004
decision_type=8 9 8 9 8 2
left_child=-1 -2 3 -3 -5 -6
right_child=1 2 -4 4 5 -7
leaf_value=0.0031213814386604928 -0.0012137089445165069 -0.00024968126217151911 -0.0012838986680548917 0.00050105723359263629 0.0039831367971672809 0.0010094936153186409
leaf_weight=449 8261 12494 5991 6307 769 1955
leaf_count=449 8261 12494 5991 6307 769 1955
internal_value=-0.000217463 -0.000273102 -9.37333e-06 0.000285003 0.00103152 0.00229651
internal_weight=36226 35777 27516 21525 9031 2724
internal_count=36226 35777 27516 21525 9031 2724
cat_boundaries=0 1 2
cat_threshold=90387074 143967520
is_linear=0
shrinkage=0.03


Tree=124
num_leaves=7
num_cat=1
split_feature=2 6 1 14 11 11
split_gain=9.24893 9.52736 9.72099 11.5519 9.92806 8.98369
threshold=1.5000000000000002 -0.60389080280114971 0 0.06718098489430524 -0.19629357956382429 0.25292598860556753
decision_type=2 10 9 8 8 8
left_child=-1 2 3 -2 -4 -3
right_child=1 5 4 -5 -6 -7
leaf_value=-0.0017033319968788364 -0.00032769062909875763 2.5213585462077521e-05 0.0036024766800282775 0.0043397350406877552 -0.00035729636203827919 -0.001854509849547977
leaf_weight=3297 268 23762 385 445 2105 5881
leaf_count=3297 268 23762 385 445 2105 5881
internal_value=-0.000220203 -6.81348e-05 0.00148595 0.00454558 0.000587764 -0.000236102
internal_weight=36143 32846 3203 713 2490 29643
internal_count=36143 32846 3203 713 2490 29643
cat_boundaries=0 1
cat_threshold=278136914
is_linear=0
shrinkage=0.03


Tree=125
num_leaves=7
num_cat=1
split_feature=2 11 14 11 1 14
split_gain=8.92744 11.0437 12.0532 9.8782 14.6596 9.07307
threshold=8.5000000000000018 -0.29263181982033787 0.078547279112105614 0.255148328315217 0 -0.13778715735331173
decision_type=2 8 10 10 9 8
left_child=-1 5 -3 4 -4 -2
right_child=1 2 3 -5 -6 -7
leaf_value=-0.00054635004033183024 -0.00034405982636590655 -0.00058509923034728525 -0.00092917431038555586 -0.0011731183952937774 0.0047553495814498456 0.0036364494248160876
leaf_weight=24776 405 6874 783 1095 1518 733
leaf_count=24776 405 6874 783 1095 1518 733
internal_value=-0.00022584 0.000468577 0.000157725 0.00161966 0.00273545 0.00327129
internal_weight=36184 11408 10270 3396 2301 1138
internal_count=36184 11408 10270 3396 2301 1138
cat_boundaries=0 1
cat_threshold=356562530
is_linear=0
shrinkage=0.03


Tree=126
num_leaves=7
num_cat=1
split_feature=2 11 10 3 3 1
split_gain=8.91485 13.9074 10.3759 8.28557 15.5049 7.2546
threshold=8.5000000000000018 -0.27877858438069353 -0.030403888774526152 7.5000000000000009 3.5000000000000004 0
decision_type=2 8 8 2 2 9
left_child=3 -2 5 4 -1 -3
right_child=1 2 -4 -5 -6 -7
leaf_value=-0.0011885694001634048 0.0025229720913049797 0.0032775177130626022 -0.00040067315611936455 -0.0013878795806900597 0.00069153681179302047 -0.0022311792546274656
leaf_weight=5903 1221 1590 8144 10801 8111 442
leaf_count=5903 1221 1590 8144 10801 8111 442
internal_value=-0.000259466 0.000435076 7.19262e-05 -0.000578458 -9.71823e-05 0.00198918
internal_weight=36212 11397 10176 24815 14014 2032
internal_count=36212 11397 10176 24815 14014 2032
cat_boundaries=0 1
cat_threshold=34489772
is_linear=0
shrinkage=0.03


Tree=127
num_leaves=7
num_cat=1
split_feature=11 1 2 10 3 11
split_gain=8.52787 8.67058 8.05763 8.67023 7.96039 7.3177
threshold=0.22024184044151876 0 7.5000000000000009 -0.076960041137128496 3.5000000000000004 -0.3423574553856143
decision_type=10 9 2 8 2 8
left_child=1 -1 -3 4 -4 -5
right_child=-2 2 3 5 -6 -7
leaf_value=-0.00066079141929421251 -0.0016421581434054981 -0.00012825586768492014 -0.00079760104550448744 0.002167169913816186 0.0053502958831951565 0.00041835512122156867
leaf_weight=10102 6947 11472 352 593 960 5755
leaf_count=10102 6947 11472 352 593 960 5755
internal_value=-0.000241364 -1.68299e-05 0.000358564 0.00111213 0.0033313 0.000653016
internal_weight=36181 29234 19132 7660 1312 6348
internal_count=36181 29234 19132 7660 1312 6348
cat_boundaries=0 1
cat_threshold=360067778
is_linear=0
shrinkage=0.03


Tree=128
num_leaves=7
num_cat=1
split_feature=14 14 12 1 11 14
split_gain=10.0168 8.85294 8.25946 10.4938 8.11602 7.11088
threshold=0.65680156598635808 -0.48671587827248453 0.16344403140761712 0 0.051013441529631727 0.19249405366829245
decision_type=10 8 10 9 8 10
left_child=1 -1 3 -3 5 -5
right_child=-2 2 -4 4 -6 -7
leaf_value=0.010909660334363558 0.008358727574009522 -0.00078058104202867787 -0.0015127535065366528 0.00085398343226544479 -0.00028579440539748497 0.0028680396896117251
leaf_weight=149 100 11957 5933 8588 8942 427
leaf_count=149 100 11957 5933 8588 8942 427
internal_value=-0.000226557 -0.000253022 -0.000283447 -8.06292e-05 0.000377838 0.0010132
internal_weight=36096 35996 35847 29914 17957 9015
internal_count=36096 35996 35847 29914 17957 9015
cat_boundaries=0 1
cat_threshold=99788674
is_linear=0
shrinkage=0.03


Tree=129
num_leaves=7
num_cat=3
split_feature=12 1 1 9 11 1
split_gain=8.91913 15.7159 10.3483 8.76541 10.9312 8.43191
threshold=-0.14815603347080006 0 1 0.33144554546753696 0.33009839268661706 2
decision_type=8 9 9 8 8 9
left_child=1 -1 -2 -4 5 -5
right_child=2 -3 3 4 -6 -7
leaf_value=-0.0003082306424421817 -0.0016926108946068235 0.0023873405005528786 -0.00056143018399792998 9.5710778721405844e-05 -0.001105254028337074 0.0018621170592692943
leaf_weight=4708 5572 2610 15078 2415 2778 2962
leaf_count=4708 5572 2610 15078 2415 2778 2962
internal_value=-0.000221156 0.000714031 -0.000458759 -0.000179789 0.000612432 0.00140182
internal_weight=36123 7318 28805 23233 8155 5377
internal_count=36123 7318 28805 23233 8155 5377
cat_boundaries=0 1 2 3
cat_threshold=475132738 96605826 271624484
is_linear=0
shrinkage=0.03


Tree=130
num_leaves=7
num_cat=2
split_feature=5 4 1 1 11 14
split_gain=8.50628 10.2395 8.47002 6.89667 7.81801 8.70539
threshold=-0.55466453453238607 3.5000000000000004 0 1 0.079361573444843195 0.2306731728416074
decision_type=10 2 9 9 8 10
left_child=1 2 -1 -2 5 -5
right_child=3 -3 -4 4 -6 -7
leaf_value=0.0065671653079950407 -0.0010231502429334971 0.00023281895485367077 0.0022041455612971383 0.00027588497187105732 -0.00075339154524415035 0.0031593428911641571
leaf_weight=112 9590 1639 640 12420 11374 469
leaf_count=112 9590 1639 640 12420 11374 469
internal_value=-0.000250297 0.00147868 0.0043745 -0.000372453 -0.00010295 0.00040287
internal_weight=36244 2391 752 33853 24263 12889
internal_count=36244 2391 752 33853 24263 12889
cat_boundaries=0 1 2
cat_threshold=268437586 368260610
is_linear=0
shrinkage=0.03


Tree=131
num_leaves=7
num_cat=3
split_feature=12 1 12 1 1 11
split_gain=8.86543 7.88192 8.40835 8.47215 7.84598 6.63033
threshold=-0.34844829550940343 0 0.15894071786414801 1 2 -0.30967381029961411
decision_type=8 9 8 9 9 8
left_child=4 -2 3 -3 -1 -4
right_child=1 2 5 -5 -6 -7
leaf_value=0.014473397670169579 -0.0010231817053110378 -0.00037146593165403275 0.0022636311079709702 0.00091449422831249019 0.0010845736322296084 -0.0014663327318898199
leaf_weight=129 11061 9629 289 8375 1021 5669
leaf_count=129 11061 9629 289 8375 1021 5669
internal_value=-0.0002449 -0.000330032 -2.40277e-05 0.000299249 0.00234579 -0.00100084
internal_weight=36173 35023 23962 18004 1150 5958
internal_count=36173 35023 23962 18004 1150 5958
cat_boundaries=0 1 2 3
cat_threshold=98809474 403980576 34210056
is_linear=0
shrinkage=0.03


Tree=132
num_leaves=7
num_cat=1
split_feature=3 3 3 9 5 1
split_gain=7.89904 16.9123 10.1383 8.41954 7.84971 7.43916
threshold=2.5000000000000004 6.5000000000000009 4.5000000000000009 -0.34614912824819427 -0.44895720983105919 0
decision_type=2 2 2 8 10 9
left_child=-1 2 -2 -4 5 -3
right_child=1 4 3 -5 -6 -7
leaf_value=-0.0012283281728792332 -3.4178702935582331e-05 0.0044585716250710328 0.0027252930138049409 0.0012701520569570939 -0.00086777031515037294 -6.3871653580370176e-05
leaf_weight=5801 5767 456 236 5538 17417 874
leaf_count=5801 5767 456 236 5538 17417 874
internal_value=-0.000258438 -6.41824e-05 0.000839282 0.00172779 -0.000620387 0.0016003
internal_weight=36089 30288 11541 5774 18747 1330
internal_count=36089 30288 11541 5774 18747 1330
cat_boundaries=0 1
cat_threshold=270304346
is_linear=0
shrinkage=0.03


Tree=133
num_leaves=7
num_cat=1
split_feature=11 2 14 11 14 1
split_gain=7.40862 7.63856 9.78019 12.5748 12.6926 10.4652
threshold=0.18932851713548129 8.5000000000000018 0.078547279112105614 -0.21701590015594882 -0.13778715735331173 0
decision_type=10 2 10 8 8 9
left_child=1 -1 3 4 -3 -4
right_child=-2 2 5 -5 -6 -7
leaf_value=-0.00032390756728153681 -0.0012450880810215388 -0.00067855490587472869 0.00067005226955390088 -0.00044754250820367808 0.0031457810808554081 0.0052728262712276423
leaf_weight=19111 8259 583 1018 5383 907 938
leaf_count=19111 8259 583 1018 5383 907 938
internal_value=-0.00025268 -1.93272e-05 0.000710418 0.000177625 0.00261569 0.0025815
internal_weight=36199 27940 8829 6873 1490 1956
internal_count=36199 27940 8829 6873 1490 1956
cat_boundaries=0 1
cat_threshold=357151338
is_linear=0
shrinkage=0.03


Tree=134
num_leaves=7
num_cat=1
split_feature=0 14 14 13 13 4
split_gain=8.01287 17.8727 13.6215 12.8793 26.0207 18.4493
threshold=0 0.022737478497215222 0.11831178190303811 0.058367103392011815 0.042009956922967724 9.5000000000000018
decision_type=1 8 10 10 10 2
left_child=-1 -2 3 4 5 -3
right_child=1 2 -4 -5 -6 -7
leaf_value=-0.00060728373759497633 -0.00082737374100580702 0.00067048829724397781 1.5055998217419191e-05 -0.00052644187866267289 0.006584952194866843 0.0048571912007271565
leaf_weight=18211 9449 1909 4305 1101 456 767
leaf_count=18211 9449 1909 4305 1101 456 767
internal_value=-0.000245146 0.000203969 0.00119873 0.00240694 0.00338781 0.002257
internal_weight=36198 17987 8538 4233 3132 2676
internal_count=36198 17987 8538 4233 3132 2676
cat_boundaries=0 1
cat_threshold=2
is_linear=0
shrinkage=0.03


Tree=135
num_leaves=7
num_cat=2
split_feature=3 3 1 2 10 1
split_gain=8.44947 14.7073 9.36875 7.55376 9.24532 7.88469
threshold=2.5000000000000004 6.5000000000000009 0 6.5000000000000009 0.07232415028842 1
decision_type=2 2 9 2 8 9
left_child=-1 2 -2 -3 5 -5
right_child=1 3 -4 4 -6 -7
leaf_value=-0.0011703071976499463 -0.00016526957902076046 -0.0012242148204443374 0.0013957651306921645 0.0039050765550733809 -0.00053869508562921656 0.00089367522638871802
leaf_weight=5776 4111 9918 7417 455 6425 2036
leaf_count=5776 4111 9918 7417 455 6425 2036
internal_value=-0.000208197 -8.10268e-06 0.000835805 -0.000524662 0.000109005 0.00166011
internal_weight=36138 30362 11528 18834 8916 2491
internal_count=36138 30362 11528 18834 8916 2491
cat_boundaries=0 1 2
cat_threshold=343514690 1292
is_linear=0
shrinkage=0.03


Tree=136
num_leaves=7
num_cat=2
split_feature=12 1 1 9 11 7
split_gain=7.44746 13.0413 9.75894 10.0787 8.97096 8.82271
threshold=-0.066346904866767073 0 1 0.37341485648754397 0.47040711017803766 -0.19520400737432639
decision_type=8 9 9 8 8 10
left_child=1 -1 -2 -4 5 -5
right_child=2 -3 3 4 -6 -7
leaf_value=-0.00045987365022282829 -0.001301383664068634 0.0013903081618029526 -0.00060723879717069042 0.003509645705600228 -0.0010414410461026332 0.0010010796747239961
leaf_weight=7414 7415 5155 10884 707 1580 2995
leaf_count=7414 7415 5155 10884 707 1580 2995
internal_value=-0.000193356 0.000396419 -0.000507718 -9.38376e-05 0.00098126 0.00178882
internal_weight=36150 12569 23581 16166 5282 3702
internal_count=36150 12569 23581 16166 5282 3702
cat_boundaries=0 1 2
cat_threshold=476705538 98737826
is_linear=0
shrinkage=0.03


Tree=137
num_leaves=7
num_cat=2
split_feature=1 12 12 1 3 3
split_gain=7.15058 8.82516 6.1855 5.93186 5.05162 8.1407
threshold=0 0.16344403140761712 -0.47023045332255936 1 8.5000000000000018 4.5000000000000009
decision_type=9 8 10 9 2 2
left_child=4 2 -2 -4 5 -1
right_child=1 -3 3 -5 -6 -7
leaf_value=-0.0011906388861941308 0.0068771536085317142 -0.001157987825742641 -0.00020485921697141346 0.00085975485079515873 -0.0018066404725573231 0.00052629473754459361
leaf_weight=3863 157 5713 8973 8721 4487 4183
leaf_count=3863 157 5713 8973 8721 4487 4183
internal_value=-0.000223309 8.47501e-05 0.00041323 0.00036044 -0.000801898 -0.000352679
internal_weight=36097 23564 17851 17694 12533 8046
internal_count=36097 23564 17851 17694 12533 8046
cat_boundaries=0 1 2
cat_threshold=98674562 404115488
is_linear=0
shrinkage=0.03


Tree=138
num_leaves=7
num_cat=1
split_feature=3 3 12 0 14 14
split_gain=8.30884 14.1306 8.1594 6.93006 12.7062 11.5258
threshold=2.5000000000000004 6.5000000000000009 0.073370377875970241 0 0.022737478497215222 0.12239736477634665
decision_type=2 2 10 1 8 8
left_child=-1 2 -2 -3 -5 -6
right_child=1 3 -4 4 5 -7
leaf_value=-0.0011474183777186932 0.0010395764226591667 -0.0011312793487245284 -0.00029858048111746683 -0.0013134726117888379 0.0039987979757725948 4.1800734162064827e-05
leaf_weight=5766 7889 9431 3752 4813 1697 2828
leaf_count=5766 7889 9431 3752 4813 1697 2828
internal_value=-0.000212788 -1.4798e-05 0.000806304 -0.000524082 5.52515e-05 0.00119642
internal_weight=36176 30410 11641 18769 9338 4525
internal_count=36176 30410 11641 18769 9338 4525
cat_boundaries=0 1
cat_threshold=2
is_linear=0
shrinkage=0.03


Tree=139
num_leaves=7
num_cat=0
split_feature=12 13 5 4 2 13
split_gain=8.1334 6.67649 10.7166 8.95385 5.93144 7.11954
threshold=-0.22222449718430634 0.029944229039719009 -0.070052941582930281 7.5000000000000009 4.5000000000000009 -0.059287487986740141
decision_type=8 10 10 2 2 8
left_child=-1 3 -3 -2 -5 -6
right_child=1 2 -4 4 5 -7
leaf_value=0.0010435838476137117 -0.0013497688004983804 0.0022610032516962061 -6.6181514720164706e-05 -0.00091514432402817138 -0.0014632580783234693 0.00093040408741695282
leaf_weight=3897 10579 1256 9456 3890 1785 5183
leaf_count=3897 10579 1256 9456 3890 1785 5183
internal_value=-0.000183594 -0.000340498 0.000271072 -0.000646096 -4.08885e-05 0.000482995
internal_weight=36046 32149 10712 21437 10858 6968
internal_count=36046 32149 10712 21437 10858 6968
is_linear=0
shrinkage=0.03


Tree=140
num_leaves=7
num_cat=3
split_feature=9 1 11 1 0 11
split_gain=7.01873 11.3238 7.91067 7.87255 6.62266 7.42116
threshold=0.33144554546753696 0 0.33009839268661706 1 2 -0.052801332949107486
decision_type=8 9 8 9 1 10
left_child=3 2 -2 -1 5 -5
right_child=1 -3 -4 4 -6 -7
leaf_value=-0.0011392249372399541 0.0016161600897902325 -0.00050336450212433361 -0.00022672770895962909 0.00060310283012578712 0.00068808631342201108 -0.0012674579022367164
leaf_weight=8687 4126 6638 2242 2136 6939 5385
leaf_count=8687 4126 6638 2242 2136 6939 5385
internal_value=-0.000217653 0.00033997 0.00124251 -0.000530975 -0.000101583 -0.000718294
internal_weight=36153 13006 6368 23147 14460 7521
internal_count=36153 13006 6368 23147 14460 7521
cat_boundaries=0 1 2 3
cat_threshold=179128408 234692690 2
is_linear=0
shrinkage=0.03


Tree=141
num_leaves=7
num_cat=3
split_feature=12 1 1 12 9 1
split_gain=7.77485 12.0243 7.61535 6.0521 6.10068 7.23736
threshold=-0.069641276813872097 0 1 0.19864178582776318 0.37341485648754397 2
decision_type=8 9 9 8 8 9
left_child=1 -1 -2 4 -4 -6
right_child=2 -3 3 -5 5 -7
leaf_value=0.0026656438542522064 -0.0012064357225699226 2.48248485486065e-05 -0.000255251162311593 -0.0012547169041953331 -0.00014182587385283901 0.0018908157235101833
leaf_weight=1535 7499 10875 7965 4697 1830 1820
leaf_count=1535 7499 10875 7965 4697 1830 1820
internal_value=-0.000222048 0.000386753 -0.000539351 -0.000174969 0.000192406 0.00120789
internal_weight=36221 12410 23811 16312 11615 3650
internal_count=36221 12410 23811 16312 11615 3650
cat_boundaries=0 1 2 3
cat_threshold=50334744 98737826 269771012
is_linear=0
shrinkage=0.03


Tree=142
num_leaves=7
num_cat=2
split_feature=3 3 1 11 1 12
split_gain=8.28061 15.2277 9.26884 7.60523 7.5787 9.13927
threshold=2.5000000000000004 6.5000000000000009 0 0.36559298071418805 1 0.13605256361529608
decision_type=2 2 9 10 9 8
left_child=-1 2 -2 -4 5 -3
right_child=1 4 3 -5 -6 -7
leaf_value=-0.0010394694183385198 -0.00016944192926779213 0.00090881850068785471 0.0015105831960096434 -0.0026500017555856673 -0.0011864188333871697 -0.0012700802757430005
leaf_weight=5779 3977 5156 7049 611 10404 3192
leaf_count=5779 3977 5156 7049 611 10404 3192
internal_value=-0.000173188 2.47772e-05 0.000877212 0.00148612 -0.00050424 0.000169398
internal_weight=36168 30389 11637 7660 18752 8348
internal_count=36168 30389 11637 7660 18752 8348
cat_boundaries=0 1 2
cat_threshold=343481938 437787740
is_linear=0
shrinkage=0.03


Tree=143
num_leaves=7
num_cat=2
split_feature=11 14 14 0 1 14
split_gain=7.46139 6.90094 9.44033 10.0173 13.5655 9.36528
threshold=0.18932851713548129 -0.43978542759699907 -0.17016452810223601 0 1 0.022737478497215222
decision_type=10 8 8 1 9 10
left_child=1 -1 -3 -4 -5 -6
right_child=-2 2 3 4 5 -7
leaf_value=0.0072495805951022152 -0.0011802597978920848 -0.001507837168549415 -0.00031454016684511914 -0.00019244918731437202 0.00095512982961009512 0.0028108046418245966
leaf_weight=247 8232 3936 12802 4792 3801 2373
leaf_count=247 8232 3936 12802 4792 3801 2373
internal_value=-0.00021996 1.38444e-05 -3.07533e-05 0.000194623 0.000860034 0.00178787
internal_weight=36183 27951 27704 23768 10966 6174
internal_count=36183 27951 27704 23768 10966 6174
cat_boundaries=0 1 2
cat_threshold=2 80682058
is_linear=0
shrinkage=0.03


Tree=144
num_leaves=7
num_cat=0
split_feature=11 13 5 4 11 14
split_gain=7.29144 8.2848 10.0542 9.3405 10.1704 7.95088
threshold=-0.013162711285183091 0.029944229039719009 -0.061875403718087967 3.5000000000000004 0.18626590482105956 0.19491372490706174
decision_type=8 10 10 2 10 10
left_child=5 -2 3 4 -3 -1
right_child=1 2 -4 -5 -6 -7
leaf_value=0.00019697525916665201 -0.0010928110598305701 0.002497095810830431 -0.0001757264018011112 0.00057350447027003024 0.0065394736036761842 0.0031081185986265862
leaf_weight=13477 13229 312 8069 632 114 409
leaf_count=13477 13229 312 8069 632 114 409
internal_value=-0.000184754 -0.000520106 0.000175175 0.00292351 0.00635129 0.000355152
internal_weight=36242 22356 9127 1058 426 13886
internal_count=36242 22356 9127 1058 426 13886
is_linear=0
shrinkage=0.03


Tree=145
num_leaves=7
num_cat=2
split_feature=12 1 1 11 8 13
split_gain=8.07846 7.29489 7.07363 5.47885 10.6853 5.62749
threshold=-0.22222449718430634 0 1 0.33541475255881853 0.48916886290403522 0.052878729799727221
decision_type=8 9 9 8 8 10
left_child=2 -2 -1 4 -3 -6
right_child=1 3 -4 -5 5 -7
leaf_value=0.00022330420824908561 -0.00099586515756216955 -0.00019114404890816313 0.0023386425534693009 -0.0014133705846138282 0.00067555667670845057 0.002623211157023686
leaf_weight=2559 9752 15047 1365 3851 2705 828
leaf_count=2559 9752 15047 1365 3851 2705 828
internal_value=-0.000194999 -0.000351697 0.00108994 -5.36056e-05 0.00015984 0.00164431
internal_weight=36107 32183 3924 22431 18580 3533
internal_count=36107 32183 3924 22431 18580 3533
cat_boundaries=0 1 2
cat_threshold=97760898 344318790
is_linear=0
shrinkage=0.03


Tree=146
num_leaves=7
num_cat=0
split_feature=12 13 5 4 2 13
split_gain=6.87227 7.08422 8.89353 8.43173 7.90794 9.40062
threshold=-0.47023045332255936 0.029944229039719009 -0.08101654473258478 7.5000000000000009 4.5000000000000009 -0.059287487986740141
decision_type=8 10 10 2 2 8
left_child=-1 3 -3 -2 -5 -6
right_child=1 2 -4 4 5 -7
leaf_value=0.0033073272670152984 -0.0011798326799328884 0.0023483431976378147 4.6564914122808377e-05 -0.0007988078187694199 -0.0013825367327547525 0.0010198370756336148
leaf_weight=298 11950 1426 10197 4402 2014 5829
leaf_count=298 11950 1426 10197 4402 2014 5829
internal_value=-0.000194867 -0.000232671 0.000376032 -0.000525088 2.81717e-05 0.000599311
internal_weight=36116 35818 11623 24195 12245 7843
internal_count=36116 35818 11623 24195 12245 7843
is_linear=0
shrinkage=0.03


Tree=147
num_leaves=7
num_cat=1
split_feature=12 1 14 11 11 8
split_gain=6.92006 11.3135 8.04834 6.73185 6.07778 7.35089
threshold=0.16344403140761712 0 -0.43978542759699907 -0.29940572437701535 0.15545873727501783 0.23962756546139466
decision_type=8 9 8 8 10 8
left_child=1 -1 -2 -4 5 -3
right_child=2 4 3 -5 -6 -7
leaf_value=0.0009948505320810405 0.0064323954295691039 -0.00042915707262915301 0.0016069210013859622 -0.0015513052248214108 -0.0013685832438909465 0.00072283401737789285
leaf_weight=6747 101 11220 313 6512 5699 5551
leaf_count=6747 101 11220 313 6512 5699 5551
internal_value=-0.000189493 1.26285e-05 -0.00104201 -0.00116686 -0.00031093 -2.34326e-05
internal_weight=36143 29217 6926 6825 22470 16771
internal_count=36143 29217 6926 6825 22470 16771
cat_boundaries=0 1
cat_threshold=34078748
is_linear=0
shrinkage=0.03


Tree=148
num_leaves=7
num_cat=2
split_feature=11 2 13 1 8 1
split_gain=6.91046 10.3302 7.51902 7.21857 9.57017 10.9364
threshold=-0.02156334724797215 8.5000000000000018 0.029944229039719009 0 0.67401003641808865 1
decision_type=10 2 10 9 8 9
left_child=1 -1 -2 -4 -5 -6
right_child=2 -3 3 4 5 -7
leaf_value=-0.00028354659899044473 -0.0011228778667331937 0.0011014120406919476 -0.0007257450678587674 2.7979568140312463e-05 7.8263836979923675e-05 0.0035970235805937315
leaf_weight=10823 12022 5033 3020 3784 671 699
leaf_count=10823 12022 5033 3020 3784 671 699
internal_value=-0.000210691 0.000258056 -0.000578701 0.000123302 0.000805033 0.00295405
internal_weight=36052 15856 20196 8174 5154 1370
internal_count=36052 15856 20196 8174 5154 1370
cat_boundaries=0 1 2
cat_threshold=357752354 142614924
is_linear=0
shrinkage=0.03


Tree=149
num_leaves=7
num_cat=1
split_feature=12 1 12 4 13 13
split_gain=6.92184 6.50966 6.32231 7.42207 8.5762 10.0069
threshold=-0.43264300565665786 0 0.16344403140761712 10.500000000000002 -0.053913613882444138 -0.019727894524065401
decision_type=8 9 10 2 10 10
left_child=-1 -2 3 -3 -5 -6
right_child=1 2 -4 4 5 -7
leaf_value=0.0025135420392945087 -0.001097921870910143 -0.00013747258757884092 -0.0011173838028126042 -0.0013994055357186821 0.0020005753809437176 0.00093987023087957055
leaf_weight=450 5600 20567 5523 904 893 2152
leaf_count=450 5600 20567 5523 904 893 2152
internal_value=-0.000234332 -0.000281061 -0.000105725 0.000100827 0.0012919 0.00205351
internal_weight=36089 35639 30039 24516 3949 3045
internal_count=36089 35639 30039 24516 3949 3045
cat_boundaries=0 1
cat_threshold=90378754
is_linear=0
shrinkage=0.03


Tree=150
num_leaves=7
num_cat=2
split_feature=14 1 11 0 4 14
split_gain=8.40616 6.88746 9.38032 6.45683 10.7587 9.36068
threshold=0.65680156598635808 0 -0.02156334724797215 1 3.5000000000000004 0.068674581258819159
decision_type=10 9 8 1 2 10
left_child=1 -1 -3 -4 5 -5
right_child=-2 2 3 4 -6 -7
leaf_value=-0.00071207690916167115 0.0086906207562438588 0.00085773884066237178 -0.00079344271857395435 0.0003418069719381053 -0.00024436352470766213 0.0041091200607438708
leaf_weight=12503 102 8433 8359 717 5397 657
leaf_count=12503 102 8433 8359 717 5397 657
internal_value=-0.00016987 -0.000194306 0.000107788 -0.00033904 0.000349527 0.00271854
internal_weight=36168 36066 23563 15130 6771 1374
internal_count=36168 36066 23563 15130 6771 1374
cat_boundaries=0 1 2
cat_threshold=99630978 2
is_linear=0
shrinkage=0.03


Tree=151
num_leaves=7
num_cat=0
split_feature=11 2 14 11 14 4
split_gain=7.93493 7.07338 9.38209 8.83488 8.12269 7.77947
threshold=0.18932851713548129 8.5000000000000018 0.15284156761521248 -0.29263181982033787 -0.13778715735331173 6.5000000000000009
decision_type=10 2 10 8 8 2
left_child=1 -1 3 4 -3 -4
right_child=-2 2 5 -5 -6 -7
leaf_value=-0.00025915550690240618 -0.0011321972738765392 -0.00045783594851134339 0.0017992837980601759 -5.0464762445699131e-06 0.0033190021776273284 0.0075960417708412983
leaf_weight=19164 8289 425 637 6764 726 273
leaf_count=19164 8289 425 637 6764 726 273
internal_value=-0.000204913 3.65481e-05 0.000739292 0.000407402 0.00283594 0.00362239
internal_weight=36278 27989 8825 7915 1151 910
internal_count=36278 27989 8825 7915 1151 910
is_linear=0
shrinkage=0.03


Tree=152
num_leaves=7
num_cat=2
split_feature=3 3 3 1 1 2
split_gain=7.4895 11.9039 10.4852 7.7114 6.13223 5.92033
threshold=9.5000000000000018 3.5000000000000004 6.5000000000000009 0 1 5.5000000000000009
decision_type=2 2 2 9 9 2
left_child=1 4 3 -3 -1 -4
right_child=-2 2 5 -5 -6 -7
leaf_value=-0.0017557334090613232 -0.00091737064545356758 0.001659302260034349 -0.0011327220128750789 1.4149247979119233e-05 -0.00010633194590243253 0.0005723106153804208
leaf_weight=3693 9471 5818 4077 3085 4763 5214
leaf_count=3693 9471 5818 4077 3085 4763 5214
internal_value=-0.000156221 0.000101309 0.000533552 0.0012692 -0.000828663 -0.000171439
internal_weight=36121 26650 18194 8903 8456 9291
internal_count=36121 26650 18194 8903 8456 9291
cat_boundaries=0 1 2
cat_threshold=197452204 206158478
is_linear=0
shrinkage=0.03


Tree=153
num_leaves=7
num_cat=0
split_feature=11 5 8 3 3 10
split_gain=7.66688 7.13577 8.57155 6.11179 10.0644 8.18923
threshold=0.18932851713548129 -0.55466453453238607 -0.34510083516509432 9.5000000000000018 3.5000000000000004 -0.12434122231089527
decision_type=10 10 8 2 2 8
left_child=1 2 -1 4 -3 -6
right_child=-2 3 -4 -5 5 -7
leaf_value=0.0080676371047344562 -0.0010588173597200021 -0.00065176954394018062 0.0010000231243352785 -0.00079110131942250429 0.0033105274405738788 0.00038904196756872481
leaf_weight=158 8270 6161 1743 6858 1140 11961
leaf_count=158 8270 6161 1743 6858 1140 11961
internal_value=-0.000151356 8.55392e-05 0.00185962 -4.36438e-05 0.000230181 0.000700427
internal_weight=36291 28021 1901 26120 19262 13101
internal_count=36291 28021 1901 26120 19262 13101
is_linear=0
shrinkage=0.03


Tree=154
num_leaves=7
num_cat=0
split_feature=12 14 4 4 13 13
split_gain=5.95375 6.16568 7.97497 12.0795 9.37433 10.1613
threshold=-0.43264300565665786 -0.17016452810223601 7.5000000000000009 3.5000000000000004 0.091143940607181229 0.099101630094850818
decision_type=8 8 2 2 10 10
left_child=-1 -2 3 -3 -5 -6
right_child=1 2 -4 4 5 -7
leaf_value=0.0021855907672195338 -0.0013213021489103427 0.00035118404819543201 0.00043385421911106329 -0.0018018437872031542 0.0022438091014890514 -0.00044388354528306643
leaf_weight=441 4272 7546 12195 8884 563 2187
leaf_count=441 4272 7546 12195 8884 563 2187
internal_value=-0.000209317 -0.000252217 -0.000106611 -0.000487984 -0.00109429 0.000436204
internal_weight=36088 35647 31375 19180 11634 2750
internal_count=36088 35647 31375 19180 11634 2750
is_linear=0
shrinkage=0.03


Tree=155
num_leaves=7
num_cat=2
split_feature=1 12 1 11 8 8
split_gain=5.94098 6.75646 6.61857 5.21206 5.16583 5.15436
threshold=0 0.16593753793058544 1 -0.30967381029961411 -0.47000362924573608 0.7223556532583163
decision_type=9 8 9 8 8 10
left_child=-1 2 -2 4 -3 -4
right_child=1 3 5 -5 -6 -7
leaf_value=-0.00071067989790885987 -0.00015911329208588359 -0.00021846718098807852 0.00072478808483645153 -0.0012655300703619543 0.0075623319645386888 0.0034852453628308367
leaf_weight=12239 9650 143 8612 5201 113 126
leaf_count=12239 9650 143 8612 5201 113 126
internal_value=-0.00020485 7.10506e-05 0.000346185 -0.000855809 0.00331517 0.00094365
internal_weight=36084 23845 18388 5457 256 8738
internal_count=36084 23845 18388 5457 256 8738
cat_boundaries=0 1 2
cat_threshold=358918018 143872032
is_linear=0
shrinkage=0.03


Tree=156
num_leaves=7
num_cat=2
split_feature=12 1 1 11 2 14
split_gain=6.38213 8.08143 6.69507 6.00858 6.6245 15.0829
threshold=-0.25856278541841687 0 1 0.25292598860556753 8.5000000000000018 0.2306731728416074
decision_type=8 9 9 10 2 10
left_child=1 -1 -2 4 -4 -6
right_child=2 -3 3 -5 5 -7
leaf_value=0.0068319963751990792 -0.0017251187770674539 0.00068296373983808118 -0.00028660540057006377 -0.0014682568736255933 0.00032603180819309812 0.0037489198851878383
leaf_weight=161 2695 2564 17290 5395 7474 520
leaf_count=161 2695 2564 17290 5395 7474 520
internal_value=-0.00021266 0.00118305 -0.000326652 -0.000200294 -6.40768e-06 0.000707692
internal_weight=36099 2725 33374 30679 25284 7994
internal_count=36099 2725 33374 30679 25284 7994
cat_boundaries=0 1 2
cat_threshold=37748872 71307778
is_linear=0
shrinkage=0.03


Tree=157
num_leaves=7
num_cat=2
split_feature=1 11 8 13 7 1
split_gain=5.99505 7.03969 9.02101 5.13859 5.60057 7.64334
threshold=0 0.051013441529631727 0.1482338762445177 -0.053913613882444138 -0.2946839976453734 1
decision_type=9 8 8 10 10 9
left_child=-1 2 -2 -3 5 -5
right_child=1 3 -4 4 -6 -7
leaf_value=-0.00060327731604949218 0.00016445202244920655 -0.0018500444977320627 0.0019229950801794961 0.0034114098728776519 -0.00031545462034214636 -0.00012485078183307468
leaf_weight=13272 8651 2685 2234 498 8150 693
leaf_count=13272 8651 2685 2234 498 8150 693
internal_value=-0.000161923 0.000132056 0.000684824 -0.000368172 -3.56462e-05 0.00188507
internal_weight=36183 22911 10885 12026 9341 1191
internal_count=36183 22911 10885 12026 9341 1191
cat_boundaries=0 1 2
cat_threshold=91274178 311181328
is_linear=0
shrinkage=0.03


Tree=158
num_leaves=7
num_cat=2
split_feature=14 14 6 13 0 1
split_gain=7.15609 8.09343 8.29293 7.5444 6.03077 8.74925
threshold=-0.43978542759699907 -0.17016452810223601 -0.022238953351719101 -0.089244468661052193 0 1
decision_type=8 8 10 8 1 9
left_child=-1 -2 3 -3 -4 -6
right_child=1 2 4 -5 5 -7
leaf_value=0.0072265920314234355 -0.0014292536332987176 -0.0013190451890966997 -0.00081463985619815689 0.00072579877218841298 -0.0014512438836407466 0.0006883888303011584
leaf_weight=246 4115 2017 10003 10622 2235 6862
leaf_count=246 4115 2017 10003 10622 2235 6862
internal_value=-0.00018199 -0.000217042 -5.47266e-05 0.000541376 -0.000449192 0.000109804
internal_weight=36100 35854 31739 12639 19100 9097
internal_count=36100 35854 31739 12639 19100 9097
cat_boundaries=0 1 2
cat_threshold=2 82123842
is_linear=0
shrinkage=0.03


Tree=159
num_leaves=7
num_cat=0
split_feature=11 13 7 2 11 13
split_gain=6.41714 6.08551 7.68391 5.38458 4.61342 4.55375
threshold=0.048195167868818174 0.029944229039719009 -0.34092658697059303 9.5000000000000018 -0.29263181982033787 0.034045008189545159
decision_type=10 10 10 2 8 10
left_child=3 -2 -3 -1 -5 -4
right_child=1 2 5 4 -6 -7
leaf_value=-0.00010317028355027292 -0.001229008453570537 0.0027813468177109476 0.0013761520132992418 0.0021948197291483638 0.00060674244215611669 -0.00051240721632334345
leaf_weight=15382 9258 577 507 843 3853 5617
leaf_count=15382 9258 577 507 843 3853 5617
internal_value=-0.000208697 -0.000657707 3.08856e-05 0.000148214 0.00103726 -0.000281144
internal_weight=36037 15959 6701 20078 4696 6124
internal_count=36037 15959 6701 20078 4696 6124
is_linear=0
shrinkage=0.03


Tree=160
num_leaves=7
num_cat=2
split_feature=14 12 1 0 4 14
split_gain=6.30616 6.49511 6.89694 5.48281 10.3056 10.197
threshold=-0.43978542759699907 0.19864178582776318 0 1 10.500000000000002 0.022737478497215222
decision_type=8 10 9 1 2 8
left_child=-1 2 -2 4 -4 -5
right_child=1 -3 3 5 -6 -7
leaf_value=0.0058196143292911558 -0.00067183412671119422 -0.0013039447101623341 -0.00049585317444946712 -0.00033976693102480806 0.0010250212943312827 0.0016494992951053263
leaf_weight=245 11330 4616 9128 4151 1728 4969
leaf_count=245 11330 4616 9128 4151 1728 4969
internal_value=-0.000213753 -0.000246528 -9.16096e-05 0.000243758 -0.000211661 0.000786097
internal_weight=36167 35922 31306 19976 10856 9120
internal_count=36167 35922 31306 19976 10856 9120
cat_boundaries=0 1 2
cat_threshold=99857154 2
is_linear=0
shrinkage=0.03


Tree=161
num_leaves=7
num_cat=3
split_feature=3 3 3 1 1 1
split_gain=7.43646 9.60921 8.50313 7.11847 6.09661 5.8484
threshold=9.5000000000000018 3.5000000000000004 6.5000000000000009 0 1 2
decision_type=2 2 2 9 9 9
left_child=1 5 3 -3 -4 -1
right_child=-2 2 4 -5 -6 -7
leaf_value=-0.001685558344653974 -0.00090556511845956333 0.00170221886479484 -0.0013693617769710055 8.7154134540974877e-05 0.00033443589715856397 -3.3619240763746116e-05
leaf_weight=3815 9576 5166 3295 3699 5984 4671
leaf_count=3815 9576 5166 3295 3699 5984 4671
internal_value=-0.00019024 6.75897e-05 0.000457315 0.0011217 -0.000177479 -0.000765642
internal_weight=36206 26630 18144 8865 9279 8486
internal_count=36206 26630 18144 8865 9279 8486
cat_boundaries=0 1 2 3
cat_threshold=197157292 367403298 206158606
is_linear=0
shrinkage=0.03


Tree=162
num_leaves=7
num_cat=0
split_feature=11 3 3 14 4 13
split_gain=6.31682 7.8622 10.4485 8.35703 12.2928 9.24487
threshold=0.25292598860556753 9.5000000000000018 3.5000000000000004 -0.10780391234337601 7.5000000000000009 0.029565756283549263
decision_type=10 2 2 8 2 10
left_child=1 2 -1 -4 5 -5
right_child=-2 -3 3 4 -6 -7
leaf_value=-0.00054733492947316598 -0.0013462949770481913 -0.00071545589157938187 -0.00067309480037175819 -0.00056465947470357876 0.0017811011430718241 0.0013401871399513255
leaf_weight=7235 5603 7938 3608 4022 4545 3234
leaf_count=7235 5603 7938 3608 4022 4545 3234
internal_value=-0.000146328 2.33456e-05 0.000308147 0.000749707 0.00113599 0.000369573
internal_weight=36185 30582 22644 15409 11801 7256
internal_count=36185 30582 22644 15409 11801 7256
is_linear=0
shrinkage=0.03


Tree=163
num_leaves=7
num_cat=3
split_feature=11 1 9 1 12 1
split_gain=5.65441 10.5254 6.29106 7.04434 9.00118 7.01206
threshold=-0.013162711285183091 0 0.3256945703633885 1 0.20718708737464422 2
decision_type=8 9 8 9 8 9
left_child=1 -1 5 4 -4 -2
right_child=2 -3 3 -5 -6 -7
leaf_value=-0.00060102899525894197 -0.00020859452133213676 0.00081168412494160515 0.0015816047084796076 -0.00049831570340450591 -0.0021083567964964309 -0.0015677458013398484
leaf_weight=5353 5958 8412 2898 6560 852 6076
leaf_count=5353 5958 8412 2898 6560 852 6076
internal_value=-0.000167738 0.000310547 -0.000462386 8.14657e-05 0.00111672 -0.000928293
internal_weight=36109 13765 22344 10310 3750 12034
internal_count=36109 13765 22344 10310 3750 12034
cat_boundaries=0 1 2 3
cat_threshold=234299778 180158544 34619788
is_linear=0
shrinkage=0.03


Tree=164
num_leaves=7
num_cat=3
split_feature=13 5 1 14 1 1
split_gain=5.45862 8.10457 7.30575 8.29041 6.06412 6.01017
threshold=0.029944229039719009 -0.070052941582930281 0 0.11299555262224349 1 2
decision_type=10 10 9 10 9 9
left_child=4 2 3 -2 -1 -3
right_child=1 5 -4 -5 -6 -7
leaf_value=-0.00086515070695199962 0.0013924893158016774 -0.00054727534167875198 0.00057614331882292541 0.0049652937846858137 7.2443861924732072e-06 0.00063289327481969666
leaf_weight=10132 235 4097 958 302 14337 5980
leaf_count=10132 235 4097 958 302 14337 5980
internal_value=-0.000140753 0.000396094 0.00245655 0.00521715 -0.000394647 9.01958e-05
internal_weight=36041 11572 1495 537 24469 10077
internal_count=36041 11572 1495 537 24469 10077
cat_boundaries=0 1 2 3
cat_threshold=412877138 226296770 340974882
is_linear=0
shrinkage=0.03


Tree=165
num_leaves=7
num_cat=2
split_feature=1 7 14 1 11 8
split_gain=5.63342 5.52867 7.43413 6.9651 5.50123 8.27149
threshold=0 -0.22314355131421013 -0.17308003699378099 1 0.21639449652935919 0.23962756546139466
decision_type=9 10 10 9 8 8
left_child=1 2 -1 -4 5 -2
right_child=4 -3 3 -5 -6 -7
leaf_value=-0.0015788931131564699 -1.172326619746482e-05 -0.00094819547170456298 0.0032983847571712659 0.00060948380398547582 -0.00077277062638487213 0.0012131186723809944
leaf_weight=1009 13654 8538 388 1447 6942 4252
leaf_count=1009 13654 8538 388 1447 6942 4252
internal_value=-0.000185477 -0.000737822 0.000407029 0.00154412 6.78218e-05 0.000345786
internal_weight=36230 11382 2844 1835 24848 17906
internal_count=36230 11382 2844 1835 24848 17906
cat_boundaries=0 1 2
cat_threshold=357807682 269484096
is_linear=0
shrinkage=0.03


Tree=166
num_leaves=7
num_cat=1
split_feature=11 3 3 14 14 0
split_gain=5.96756 6.6855 7.59957 7.83376 13.183 14.4344
threshold=0.22024184044151876 9.5000000000000018 3.5000000000000004 -0.10780391234337601 -0.096260719538901349 0
decision_type=10 2 2 8 8 1
left_child=1 2 -1 -4 -5 -6
right_child=-2 -3 3 4 5 -7
leaf_value=-0.00046332572040628427 -0.0011867257678009387 -0.00065633262171511735 -0.00072922927117113575 0.0031922519780680256 -4.4375617948605373e-05 0.0018075956923074333
leaf_weight=6927 6965 7494 3503 264 6151 4742
leaf_count=6927 6965 7494 3503 264 6151 4742
internal_value=-0.000191085 -2.167e-06 0.000265841 0.000652751 0.00104131 0.000880392
internal_weight=36046 29081 21587 14660 11157 10893
internal_count=36046 29081 21587 14660 11157 10893
cat_boundaries=0 1
cat_threshold=2
is_linear=0
shrinkage=0.03


Tree=167
num_leaves=7
num_cat=2
split_feature=12 3 3 3 1 1
split_gain=5.82804 6.02345 7.15582 8.7078 8.14271 5.80139
threshold=-0.47023045332255936 10.500000000000002 3.5000000000000004 6.5000000000000009 0 1
decision_type=8 2 2 2 9 9
left_child=-1 2 -2 4 -4 -5
right_child=1 -3 3 5 -6 -7
leaf_value=0.0029092654013147235 -0.000684646439430215 -0.0010927126946951395 -0.00020557954855061303 -0.00097334738593862096 0.0015078593546514125 0.0003341103183213017
leaf_weight=288 8372 6295 2665 5753 6123 6629
leaf_count=288 8372 6295 2665 5753 6123 6629
internal_value=-0.000173975 -0.000208188 -2.86369e-05 0.000264984 0.000987142 -0.000247598
internal_weight=36125 35837 29542 21170 8788 12382
internal_count=36125 35837 29542 21170 8788 12382
cat_boundaries=0 1 2
cat_threshold=337321538 233055146
is_linear=0
shrinkage=0.03


Tree=168
num_leaves=7
num_cat=2
split_feature=1 12 11 1 12 8
split_gain=5.23709 7.70825 6.52833 5.61979 8.3739 6.52172
threshold=0 0.057307643624035627 -0.28606322598114126 1 0.32431764201478425 0.46578590398320868
decision_type=9 8 8 9 8 8
left_child=-1 -2 -3 -4 5 -5
right_child=1 2 3 4 -6 -7
leaf_value=-0.00058299762604998207 0.00050605342461351786 0.0015758536870581394 -0.0018326698851335872 -0.0002744012708694798 -0.001935089754939658 0.0018160592006079672
leaf_weight=12466 12683 470 3132 4034 1969 1595
leaf_count=12466 12683 470 3132 4034 1969 1595
internal_value=-0.000150125 0.000110111 -0.000463352 -0.000615041 -0.000172691 0.000416163
internal_weight=36349 23883 11200 10730 7598 5629
internal_count=36349 23883 11200 10730 7598 5629
cat_boundaries=0 1 2
cat_threshold=97761026 268716208
is_linear=0
shrinkage=0.03


Tree=169
num_leaves=7
num_cat=1
split_feature=12 13 4 4 1 5
split_gain=5.91393 5.48087 7.26003 8.82936 6.24069 5.91844
threshold=-0.47023045332255936 0.029944229039719009 7.5000000000000009 1.5000000000000002 0 -0.070052941582930281
decision_type=8 10 2 2 9 10
left_child=-1 2 3 4 -2 -3
right_child=1 5 -4 -5 -6 -7
leaf_value=0.0028000551496255551 0.0018840525376990322 0.001734185096897901 7.3702339937742011e-05 -0.0014655521350014329 -0.00054576801083983388 6.2539113350597699e-05
leaf_weight=297 1040 1541 12347 9781 1087 10087
leaf_count=297 1040 1541 12347 9781 1087 10087
internal_value=-0.000151738 -0.000186686 -0.000443396 -0.000971871 0.000779605 0.000348782
internal_weight=36180 35883 24255 11908 2127 11628
internal_count=36180 35883 24255 11908 2127 11628
cat_boundaries=0 1
cat_threshold=167892092
is_linear=0
shrinkage=0.03


Tree=170
num_leaves=7
num_cat=3
split_feature=12 1 1 0 12 14
split_gain=5.78701 12.0683 8.50201 8.55933 7.83736 8.75089
threshold=-0.14479284721381755 0 1 2 0.23620335316940458 0.0053391873014220831
decision_type=8 9 9 1 10 8
left_child=1 -1 -2 -4 5 -5
right_child=2 -3 3 4 -6 -7
leaf_value=-0.00038341288569715464 -0.0011963105463943906 0.0017244070002052935 -0.00052449992498789053 -0.00038254649647204115 -0.00096975527435827719 0.0017904417390995785
leaf_weight=4621 5084 2850 12790 3051 2510 5208
leaf_count=4621 5084 2850 12790 3051 2510 5208
internal_value=-0.000145702 0.000597831 -0.000339653 -9.91522e-05 0.000523955 0.000970096
internal_weight=36114 7471 28643 23559 10769 8259
internal_count=36114 7471 28643 23559 10769 8259
cat_boundaries=0 1 2 3
cat_threshold=202236742 96607746 2
is_linear=0
shrinkage=0.03


Tree=171
num_leaves=7
num_cat=2
split_feature=11 3 3 3 1 1
split_gain=6.16602 6.17326 6.9443 7.89126 6.96121 6.31887
threshold=0.25292598860556753 9.5000000000000018 3.5000000000000004 6.5000000000000009 0 1
decision_type=10 2 2 2 9 9
left_child=1 2 5 -4 -5 -1
right_child=-2 -3 3 4 -6 -7
leaf_value=-0.0015817302348605721 -0.0013682420741254007 -0.00057592844128675255 0.0011286027770714441 -0.0010516458701928084 0.00066146762747723044 0.00011876005247760606
leaf_weight=2629 5652 7876 7622 3512 4282 4553
leaf_count=2629 5652 7876 7622 3512 4282 4553
internal_value=-0.000152463 1.63405e-05 0.000268418 0.000627359 -4.3875e-05 -0.000502019
internal_weight=36126 30474 22598 15416 7794 7182
internal_count=36126 30474 22598 15416 7794 7182
cat_boundaries=0 1 2
cat_threshold=367272298 206290438
is_linear=0
shrinkage=0.03


Tree=172
num_leaves=7
num_cat=0
split_feature=12 2 11 14 14 13
split_gain=5.38311 4.89321 5.15422 7.84023 11.2442 5.30929
threshold=-0.47023045332255936 1.5000000000000002 0.051013441529631727 -0.13778715735331173 -0.13419364251007262 -0.053913613882444138
decision_type=8 2 8 8 8 10
left_child=-1 -2 3 -3 -5 -4
right_child=1 2 5 4 -6 -7
leaf_value=0.002694816364034301 -0.0011209044546069595 -0.00086058409516172503 -0.001739388762048454 0.0048093818019540211 0.00039729271341602752 -0.00016031737721152204
leaf_weight=293 3304 3901 3565 149 11659 13216
leaf_count=293 3304 3901 3565 149 11659 13216
internal_value=-0.000195938 -0.000229139 -0.000117264 0.000273265 0.00065848 -0.000482839
internal_weight=36087 35794 32490 15709 11808 16781
internal_count=36087 35794 32490 15709 11808 16781
is_linear=0
shrinkage=0.03


Tree=173
num_leaves=7
num_cat=1
split_feature=0 13 13 13 6 11
split_gain=5.02283 11.7925 8.32654 7.55007 8.55319 7.43425
threshold=0 -0.0054397113987459562 -0.00048284722706709945 0.0054353557305519924 -0.048790164169431265 0.083802427254049419
decision_type=1 8 8 8 10 10
left_child=-1 -2 5 -4 -5 -3
right_child=1 2 3 4 -6 -7
leaf_value=-0.00040701458686409744 -0.0010483096715373757 0.0020386304438572331 -0.0023086020231547761 0.0019860616811025692 0.00028640370974350004 0.009150911559549486
leaf_weight=18223 6906 267 892 2709 7062 100
leaf_count=18223 6906 267 892 2709 7062 100
internal_value=-0.000160039 0.000196353 0.000805003 0.000651818 0.000893061 0.00524185
internal_weight=36159 17936 11030 10663 9771 367
internal_count=36159 17936 11030 10663 9771 367
cat_boundaries=0 1
cat_threshold=2
is_linear=0
shrinkage=0.03


Tree=174
num_leaves=7
num_cat=1
split_feature=2 10 4 4 13 1
split_gain=5.12483 9.83008 5.37495 9.06034 6.41359 5.81055
threshold=8.5000000000000018 0.010747144596253035 3.5000000000000004 7.5000000000000009 0.026354289532136765 0
decision_type=2 8 2 2 8 9
left_child=2 -2 4 -4 -1 -5
right_child=1 -3 3 5 -6 -7
leaf_value=-0.00060592198570501169 0.0019961237711568964 -0.00011339561244935785 -0.001403163269887251 -0.00075468868352791222 0.0010301708051000764 0.00038976194114514188
leaf_weight=2902 2600 8754 8564 4291 3011 6147
leaf_count=2902 2600 8754 8564 4291 3011 6147
internal_value=-0.00017527 0.000352972 -0.000415998 -0.000661791 0.000373858 -6.83981e-05
internal_weight=36269 11354 24915 19002 5913 10438
internal_count=36269 11354 24915 19002 5913 10438
cat_boundaries=0 1
cat_threshold=206151506
is_linear=0
shrinkage=0.03


Tree=175
num_leaves=7
num_cat=1
split_feature=6 13 4 0 4 8
split_gain=4.66444 5.18278 7.63135 5.31526 5.10972 6.49275
threshold=-0.13353139262452227 0.0054353557305519924 1.5000000000000002 0 11.500000000000002 0.43112746646786665
decision_type=10 10 2 1 2 8
left_child=1 4 -3 -4 -1 -6
right_child=-2 2 3 -5 5 -7
leaf_value=-0.00030708621101681495 -0.00037470459900071037 0.0062287125657472719 -0.00024279569433334505 0.0018084450155079143 0.0006588410578995226 0.0034199447860193992
leaf_weight=6002 26168 184 1581 1583 458 127
leaf_count=6002 26168 184 1581 1583 458 127
internal_value=-0.000204659 0.000348731 0.00130964 0.000963032 -0.0001398 0.00253413
internal_weight=36103 9935 3348 3164 6587 585
internal_count=36103 9935 3348 3164 6587 585
cat_boundaries=0 1
cat_threshold=2
is_linear=0
shrinkage=0.03


Tree=176
num_leaves=7
num_cat=0
split_feature=11 8 14 14 14 11
split_gain=5.53123 6.81356 7.05242 17.3576 8.46636 5.9418
threshold=0.051013441529631727 0.16994439032620126 -0.13778715735331173 -0.13542756738202963 -0.43978542759699907 -0.20118569731396937
decision_type=8 8 10 10 8 10
left_child=1 2 4 -4 -1 -5
right_child=-2 -3 3 5 -6 -7
leaf_value=0.0096038181335778242 -0.00044635878198850064 0.0012041113324878028 0.0060475992225217335 0.0010996230820958589 -0.001314420654611787 -0.00012242926848237556
leaf_weight=128 18467 3474 103 2670 4414 6834
leaf_count=128 18467 3474 103 2670 4414 6834
internal_value=-0.000132167 0.000248013 -4.43117e-05 0.000416215 -0.00101827 0.000282798
internal_weight=36090 17623 14149 9607 4542 9504
internal_count=36090 17623 14149 9607 4542 9504
is_linear=0
shrinkage=0.03


Tree=177
num_leaves=7
num_cat=0
split_feature=14 12 3 3 3 11
split_gain=5.84273 5.21491 5.62966 7.45106 6.96857 5.92825
threshold=-0.48671587827248453 0.17709706353727797 10.500000000000002 2.5000000000000004 6.5000000000000009 0.35226370503586996
decision_type=8 10 2 2 2 8
left_child=-1 2 3 -2 5 -5
right_child=1 -3 -4 4 -6 -7
leaf_value=0.0085579607747018373 -0.00076805878577892799 -0.0010182594666065432 -0.00090993864847330316 0.0010012665401261847 -0.00011024583036886396 -0.0006273528168842373
leaf_weight=146 4811 5439 5332 8438 10483 1334
leaf_count=146 4811 5439 5332 8438 10483 1334
internal_value=-0.000172828 -0.000197305 -4.42127e-05 0.000144093 0.000396178 0.000972474
internal_weight=35983 35837 30398 25066 20255 9772
internal_count=35983 35837 30398 25066 20255 9772
is_linear=0
shrinkage=0.03


Tree=178
num_leaves=7
num_cat=1
split_feature=12 8 3 3 3 1
split_gain=6.44561 5.66741 4.71858 6.07143 6.07912 6.73789
threshold=-0.47023045332255936 -0.84024776872221929 10.500000000000002 3.5000000000000004 6.5000000000000009 0
decision_type=8 10 2 2 2 9
left_child=1 -1 3 -2 5 -5
right_child=2 -3 -4 4 -6 -7
leaf_value=0.015014611572922859 -0.0006067888943568667 0.0010761351763248228 -0.00093542708026277772 0.001299455632540305 -0.00018842609398781444 -0.00012483260124636412
leaf_weight=101 8435 192 6320 5576 12340 3308
leaf_count=101 8435 192 6320 5576 12340 3308
internal_value=-0.000168887 0.0042551 -0.000205031 -4.64269e-05 0.000224169 0.000822509
internal_weight=36272 293 35979 29659 21224 8884
internal_count=36272 293 35979 29659 21224 8884
cat_boundaries=0 1
cat_threshold=199287212
is_linear=0
shrinkage=0.03


Tree=179
num_leaves=7
num_cat=2
split_feature=1 12 9 4 1 4
split_gain=4.77609 5.71464 5.68542 10.4571 7.82713 5.99562
threshold=0 0.21541615696107999 0.51082562376599105 4.5000000000000009 1 6.5000000000000009
decision_type=9 8 8 2 9 2
left_child=-1 2 5 4 -4 -2
right_child=1 -3 3 -5 -6 -7
leaf_value=-0.00058593189796575019 -0.00053835612175957923 -0.00089048906034429516 0.0039174787665987995 0.00011413687085239559 0.00095767059151904196 0.00045066215132991328
leaf_weight=12006 7096 4441 808 3672 1134 7044
leaf_count=12006 7096 4441 808 3672 1134 7044
internal_value=-0.000149247 9.35711e-05 0.000312224 0.00111986 0.00289964 -8.48668e-06
internal_weight=36201 24195 19754 5614 1942 14140
internal_count=36201 24195 19754 5614 1942 14140
cat_boundaries=0 1 2
cat_threshold=89241474 178782288
is_linear=0
shrinkage=0.03


Tree=180
num_leaves=7
num_cat=2
split_feature=1 14 12 7 4 1
split_gain=4.43137 4.77768 5.56599 4.46338 5.13358 6.17397
threshold=0 -0.43978542759699907 0.19864178582776318 -0.28736471287273518 3.5000000000000004 1
decision_type=9 8 10 10 2 9
left_child=3 -2 -3 4 5 -1
right_child=1 2 -4 -5 -6 -7
leaf_value=0.004793200904599732 0.0076678197035265835 0.00015687667200322744 -0.00098081107088183322 -0.00080581739831414795 -4.026565434884847e-05 -0.00018842831416010229
leaf_weight=154 182 21696 3760 8491 1732 157
leaf_count=154 182 21696 3760 8491 1732 157
internal_value=-0.000157743 5.52061e-05 2.05045e-05 -0.000675392 0.00058268 0.004125
internal_weight=36172 25638 25456 10534 2043 311
internal_count=36172 25638 25456 10534 2043 311
cat_boundaries=0 1 2
cat_threshold=97620674 65602
is_linear=0
shrinkage=0.03


Tree=181
num_leaves=7
num_cat=2
split_feature=3 3 3 9 1 1
split_gain=5.02417 8.6545 7.00809 6.28455 6.8977 5.97118
threshold=2.5000000000000004 6.5000000000000009 4.5000000000000009 -0.29151107463886156 0 1
decision_type=2 2 2 8 9 9
left_child=-1 2 -2 -4 -5 -3
right_child=1 5 3 4 -6 -7
leaf_value=-0.0007944111867725065 -5.1244989293595157e-05 -0.0010311387433071669 0.0020250742302767486 0.0018853797240182815 0.00013220315714434361 7.3640342279739443e-05
leaf_weight=5774 5787 7638 311 2616 2876 11159
leaf_count=5774 5787 7638 311 2616 2876 11159
internal_value=-0.00011042 4.37337e-05 0.000688464 0.00142505 0.00118951 -0.000353815
internal_weight=36161 30387 11590 5803 5492 18797
internal_count=36161 30387 11590 5803 5492 18797
cat_boundaries=0 1 2
cat_threshold=62939528 98583458
is_linear=0
shrinkage=0.03


Tree=182
num_leaves=7
num_cat=1
split_feature=4 4 13 13 7 1
split_gain=5.13792 5.58212 9.19722 7.73733 8.30267 9.68843
threshold=1.5000000000000002 7.5000000000000009 0.029944229039719009 0.034045008189545159 0.36372773570772449 0
decision_type=2 2 10 10 8 9
left_child=-1 2 -2 -4 -5 -6
right_child=1 -3 3 4 5 -7
leaf_value=0.0007183762180462132 -0.0013160656783526062 0.00013404499767432303 0.0020109733945160163 -0.0008691745594399204 0.0031416307737666348 -0.00021603925638498221
leaf_weight=3047 9913 15369 741 4764 943 1420
leaf_count=3047 9913 15369 741 4764 943 1420
internal_value=-0.000142301 -0.000250672 -0.000612586 0.000153259 -0.000150253 0.0013033
internal_weight=36197 33150 17781 7868 7127 2363
internal_count=36197 33150 17781 7868 7127 2363
cat_boundaries=0 1
cat_threshold=305005138
is_linear=0
shrinkage=0.03


Tree=183
num_leaves=7
num_cat=1
split_feature=11 7 1 11 13 6
split_gain=5.03577 6.71908 6.31034 5.43634 5.00628 6.01362
threshold=0.079361573444843195 0.36372773570772449 0 0.014469742629755535 -0.053913613882444138 -0.058198324870911471
decision_type=8 10 9 10 10 10
left_child=1 2 -1 -3 -2 -6
right_child=4 3 -4 -5 5 -7
leaf_value=-0.00063434831109378058 -0.0016863079726411605 0.001077674259252684 0.0003771334551368879 0.0054132520309915083 0.00094476128841887441 -0.00053158481792218472
leaf_weight=5321 3493 143 13827 132 2786 10376
leaf_count=5321 3493 143 13827 132 2786 10376
internal_value=-0.000138696 0.000189507 0.000122512 0.00483696 -0.000521434 -0.000253438
internal_weight=36078 19423 19148 275 16655 13162
internal_count=36078 19423 19148 275 16655 13162
cat_boundaries=0 1
cat_threshold=99885698
is_linear=0
shrinkage=0.03


Tree=184
num_leaves=7
num_cat=1
split_feature=1 11 2 6 12 10
split_gain=5.43046 5.72059 6.89956 7.65443 5.29001 4.81123
threshold=0 0.079361573444843195 8.5000000000000018 0.1999988129630155 0.32431764201478425 0.15547817445197912
decision_type=9 8 2 10 8 10
left_child=-1 2 -2 5 -3 -4
right_child=1 4 3 -5 -6 -7
leaf_value=-0.00065740455571147911 7.8323209203229822e-06 -0.00017249243813423142 0.0014421493363134751 0.0052562724817313972 -0.0024956053923113719 -0.0002700051487204302
leaf_weight=9909 9448 11341 2814 238 1195 1246
leaf_count=9909 9448 11341 2814 238 1195 1246
internal_value=-0.000184931 4.08467e-05 0.000463519 0.00145987 -0.00042259 0.00115242
internal_weight=36191 26282 13746 4298 12536 4060
internal_count=36191 26282 13746 4298 12536 4060
cat_boundaries=0 1
cat_threshold=97624706
is_linear=0
shrinkage=0.03


Tree=185
num_leaves=7
num_cat=2
split_feature=11 1 13 4 1 8
split_gain=5.14792 7.06076 5.5499 7.33728 6.21628 6.79914
threshold=-0.013162711285183091 0 0.029944229039719009 10.500000000000002 1 0.58569562818502041
decision_type=8 9 10 2 9 8
left_child=1 -1 3 -2 -4 -6
right_child=2 -3 4 -5 5 -7
leaf_value=-0.00047158400250812673 -0.0011498478062486521 0.00072897112606164758 -0.00062334245557670465 0.00047149382819431762 -7.6170502095346254e-05 0.0017983720783652135
leaf_weight=5336 10865 8497 3577 2322 3394 2144
leaf_count=5336 10865 8497 3577 2322 3394 2144
internal_value=-0.000147361 0.000307286 -0.00042936 -0.000822794 0.000139863 0.000768786
internal_weight=36135 13833 22302 13187 9115 5538
internal_count=36135 13833 22302 13187 9115 5538
cat_boundaries=0 1 2
cat_threshold=234299778 356711972
is_linear=0
shrinkage=0.03


Tree=186
num_leaves=7
num_cat=2
split_feature=12 1 1 12 9 4
split_gain=5.00916 5.60052 5.29346 5.25268 4.90956 4.50338
threshold=-0.22222449718430634 0 1 -0.47023045332255936 0.39015595073361103 6.5000000000000009
decision_type=8 9 9 10 8 2
left_child=2 -2 -1 -4 5 -3
right_child=1 4 3 -5 -6 -7
leaf_value=-7.8749332739062649e-05 -0.00072221488715049564 -0.00079607828511302485 0.10553558053541814 0.0011199649572998173 0.00055808514420086354 0.00014614620806605971
leaf_weight=2302 9958 7623 105 1494 7068 7602
leaf_count=2302 9958 7623 105 1494 7068 7602
internal_value=-0.000170277 -0.000293099 0.000844951 0.00216335 -2.86503e-05 -0.000331999
internal_weight=36152 32251 3901 1599 22293 15225
internal_count=36152 32251 3901 1599 22293 15225
cat_boundaries=0 1 2
cat_threshold=97687426 211153412
is_linear=0
shrinkage=0.03


Tree=187
num_leaves=7
num_cat=2
split_feature=14 11 8 1 1 14
split_gain=5.39993 4.97719 7.86634 8.17493 6.67286 4.69507
threshold=-0.48671587827248453 0.18932851713548129 0.23962756546139466 0 1 -0.13778715735331173
decision_type=8 8 8 9 9 10
left_child=-1 2 4 -4 -2 -6
right_child=1 -3 3 -5 5 -7
leaf_value=0.0097060057935233774 -0.0010131338267899443 -0.00071222648907116252 -0.0005808644473442961 0.0013984794252801156 -0.00074235042840427117 0.00032158821944506681
leaf_weight=142 5026 10832 1828 4288 4058 9965
leaf_count=142 5026 10832 1828 4288 4058 9965
internal_value=-0.000195823 -0.00021893 1.25162e-05 0.000948503 -0.000288032 4.85243e-05
internal_weight=36139 35997 25165 6116 19049 14023
internal_count=36139 35997 25165 6116 19049 14023
cat_boundaries=0 1 2
cat_threshold=291116674 228925522
is_linear=0
shrinkage=0.03


Tree=188
num_leaves=7
num_cat=1
split_feature=1 12 11 2 10 3
split_gain=5.47702 5.04455 4.70142 4.53934 5.32456 6.8236
threshold=0 0.28304854962685916 0.25292598860556753 5.5000000000000009 0.036368001313604743 3.5000000000000004
decision_type=9 10 10 2 8 2
left_child=2 3 -1 -2 5 -5
right_child=1 -3 -4 4 -6 -7
leaf_value=-0.00037200862106309224 -0.00016785298934125878 -0.0010951645944236017 -0.0028143508469732756 -0.00062586283783802089 0.00019654914286348061 0.0022832491964388476
leaf_weight=11540 8841 2468 1649 958 8114 2435
leaf_count=11540 8841 2468 1649 958 8114 2435
internal_value=-0.000177055 0.000104349 -0.00066341 0.000259766 0.000652502 0.00165026
internal_weight=36005 22816 13189 20348 11507 3393
internal_count=36005 22816 13189 20348 11507 3393
cat_boundaries=0 1
cat_threshold=96712578
is_linear=0
shrinkage=0.03


Tree=189
num_leaves=7
num_cat=1
split_feature=11 2 14 11 1 13
split_gain=4.64859 5.56049 9.69193 6.1031 5.24313 4.94404
threshold=0.25292598860556753 9.5000000000000018 0.19491372490706174 -0.29263181982033787 0 0.12418869118152047
decision_type=10 2 10 8 9 8
left_child=1 -1 3 -3 -4 -6
right_child=-2 2 4 -5 5 -7
leaf_value=-0.00020682190275395199 -0.0011449104540542947 0.0018520268123741015 0.00054859324198809319 8.1329995686303518e-06 0.0040594609054306289 0.0024202105913928977
leaf_weight=23341 5615 833 231 5708 244 125
leaf_count=23341 5615 833 231 5708 244 125
internal_value=-0.000181756 -3.56271e-05 0.000696863 0.000361815 0.00434276 0.00648158
internal_weight=36097 30482 7141 6541 600 369
internal_count=36097 30482 7141 6541 600 369
cat_boundaries=0 1
cat_threshold=270644388
is_linear=0
shrinkage=0.03


Tree=190
num_leaves=7
num_cat=0
split_feature=11 14 7 2 8 5
split_gain=5.39539 5.05895 9.16725 4.74326 5.30428 4.35504
threshold=0.048195167868818174 0.00069942676570647463 -0.017943563166502138 8.5000000000000018 0.040844851140679157 -0.55466453453238607
decision_type=8 10 10 2 8 10
left_child=3 -2 -3 4 5 -1
right_child=1 2 -4 -5 -6 -7
leaf_value=0.0023149764238729422 -0.0010691999966962039 0.0014111432147699931 -0.00051304085045090467 0.00074857454674632563 0.00067057238544089408 -0.00057482841522107084
leaf_weight=335 7220 2257 9157 5514 3489 8235
leaf_count=335 7220 2257 9157 5514 3489 8235
internal_value=-0.00017789 -0.000533513 -0.000140342 0.000199214 -0.00013408 -0.000535527
internal_weight=36207 18634 11414 17573 12059 8570
internal_count=36207 18634 11414 17573 12059 8570
is_linear=0
shrinkage=0.03


Tree=191
num_leaves=7
num_cat=1
split_feature=4 14 12 14 14 1
split_gain=4.5552 7.02128 4.84129 6.8318 10.7989 6.03083
threshold=10.500000000000002 -0.13849821623747985 0.12131877415801108 -0.09127004734063783 -0.097036652277354279 0
decision_type=2 8 10 10 10 9
left_child=-1 -2 3 4 5 -3
right_child=1 2 -4 -5 -6 -7
leaf_value=-0.00029486978130398355 -0.0024793331300610919 0.0026079813809491209 -0.00079014990209876079 0.00063510212746775013 0.002998675641090466 -0.0008511937282986488
leaf_weight=30031 894 347 1164 2943 237 374
leaf_count=30031 894 347 1164 2943 237 374
internal_value=-0.000198384 0.000559227 0.000991906 0.00149846 0.0036976 0.00186565
internal_weight=35990 5959 5065 3901 958 721
internal_count=35990 5959 5065 3901 958 721
cat_boundaries=0 1
cat_threshold=9848216
is_linear=0
shrinkage=0.03


Tree=192
num_leaves=7
num_cat=3
split_feature=12 1 8 2 1 0
split_gain=4.20132 9.52516 5.52538 5.62577 5.51994 5.59856
threshold=0.16344403140761712 0 0.7223556532583163 8.5000000000000018 1 2
decision_type=8 9 10 2 9 1
left_child=1 -1 3 -3 -2 -6
right_child=4 2 -4 -5 5 -7
leaf_value=-0.00045484165433183859 -0.0014653696542728345 4.9124485209658286e-05 0.003933817852407452 0.0012909992735300971 -0.0012035036190723369 0.00075461956869306626
leaf_weight=15499 2596 9333 129 4241 1922 2432
leaf_count=15499 2596 9333 129 4241 1922 2432
internal_value=-0.000174426 -1.66428e-05 0.000559355 0.000500773 -0.00083729 -0.000181444
internal_weight=36152 29202 13703 13574 6950 4354
internal_count=36152 29202 13703 13574 6950 4354
cat_boundaries=0 1 2 3
cat_threshold=222753570 26152656 2
is_linear=0
shrinkage=0.03


Tree=193
num_leaves=7
num_cat=2
split_feature=0 13 10 14 1 6
split_gain=5.14507 12.4205 7.4444 7.51627 7.08545 6.97886
threshold=0 0.0054353557305519924 0.42380251643348205 -0.43978542759699907 1 -0.016681145255518889
decision_type=1 8 8 8 9 10
left_child=-1 2 3 -2 -3 -6
right_child=1 4 -4 -5 5 -7
leaf_value=-0.00039898181509898128 0.0099532817467331992 -8.6210052971262725e-06 -0.0019376249912274178 5.8999907642195542e-05 0.0024577486907466366 0.00070344971804859008
leaf_weight=18233 107 4308 4634 3397 1809 3635
leaf_count=18233 107 4308 4634 3397 1809 3635
internal_value=-0.000192089 0.000169358 -0.000695909 0.000347503 0.000891417 0.00160917
internal_weight=36123 17890 8138 3504 9752 5444
internal_count=36123 17890 8138 3504 9752 5444
cat_boundaries=0 1 2
cat_threshold=2 81370154
is_linear=0
shrinkage=0.03


Tree=194
num_leaves=7
num_cat=0
split_feature=14 4 5 14 4 14
split_gain=4.93407 4.14737 8.46687 10.3675 8.24362 22.66
threshold=0.65680156598635808 3.5000000000000004 0.18263269557188536 0.06718098489430524 6.5000000000000009 -0.13542756738202963
decision_type=10 2 8 10 2 8
left_child=1 2 -1 -4 5 -3
right_child=-2 4 3 -5 -6 -7
leaf_value=-1.5040644086024153e-05 0.0060572249400073904 0.0088158214950635177 -0.0004623288888818431 0.0028997263436436743 8.907547921244161e-06 -0.0013022078214659982
leaf_weight=7116 106 164 597 792 18336 8928
leaf_count=7116 106 164 597 792 18336 8928
internal_value=-0.000152248 -0.000171398 0.000407359 0.00254892 -0.00035087 -0.00108941
internal_weight=36039 35933 8505 1389 27428 9092
internal_count=36039 35933 8505 1389 27428 9092
is_linear=0
shrinkage=0.03


Tree=195
num_leaves=7
num_cat=2
split_feature=12 1 1 13 12 13
split_gain=5.17626 8.37774 5.89669 4.54827 4.77919 4.64543
threshold=0.1453969209980466 0 1 0.19908071551484952 -0.14479284721381755 0.20685705339738433
decision_type=8 9 9 10 10 10
left_child=1 -1 -2 4 -3 -5
right_child=2 3 -4 5 -6 -7
leaf_value=-0.00040694247063123042 -9.323746713614578e-05 0.0015666520254571867 -0.0013835747314873076 0.0052994470672503161 0.00014425314422227998 0.0014365087425093491
leaf_weight=14862 4490 2413 3530 138 10612 171
leaf_count=14862 4490 2413 3530 138 10612 171
internal_value=-0.000157882 3.34071e-05 -0.000830321 0.000579093 0.000494011 0.00417097
internal_weight=36216 28196 8020 13334 13025 309
internal_count=36216 28196 8020 13334 13025 309
cat_boundaries=0 1 2
cat_threshold=490988322 304136492
is_linear=0
shrinkage=0.03


Tree=196
num_leaves=7
num_cat=2
split_feature=3 3 1 1 3 3
split_gain=4.76347 7.94047 6.06784 5.44999 4.25754 4.61622
threshold=2.5000000000000004 6.5000000000000009 0 1 4.5000000000000009 5.5000000000000009
decision_type=2 2 9 9 2 2
left_child=-1 2 -2 -3 -4 -6
right_child=1 3 4 -5 5 -7
leaf_value=-0.00068703729005905776 -0.00015639145818748351 -0.00095672927533648107 0.00039370063773902384 4.8278992032254128e-05 0.0022327891720005269 0.00071704388014567238
leaf_weight=5729 4168 7609 3684 11227 1836 1900
leaf_count=5729 4168 7609 3684 11227 1836 1900
internal_value=-0.000122228 2.72137e-05 0.000645094 -0.000352923 0.00115866 0.00187369
internal_weight=36153 30424 11588 18836 7420 3736
internal_count=36153 30424 11588 18836 7420 3736
cat_boundaries=0 1 2
cat_threshold=339451458 98583458
is_linear=0
shrinkage=0.03


Tree=197
num_leaves=7
num_cat=3
split_feature=1 12 1 8 4 1
split_gain=4.58006 5.30382 6.62805 5.12067 10.4885 5.83368
threshold=0 0.21541615696107999 1 0.51091995448978722 4.5000000000000009 2
decision_type=9 8 9 8 2 9
left_child=-1 2 -2 -4 5 -5
right_child=1 -3 3 4 -6 -7
leaf_value=-0.00043786314334507846 -0.0001592027466161003 -0.00089148465136348637 0.00034834363247436269 0.0050443571761290074 0.00041724186374219241 0.001306288963405081
leaf_weight=11313 10775 4181 7626 480 1560 326
leaf_count=11313 10775 4181 7626 480 1560 326
internal_value=-0.000128317 9.88013e-05 0.000295117 0.000851144 0.00207098 0.00484758
internal_weight=36261 24948 20767 9992 2366 806
internal_count=36261 24948 20767 9992 2366 806
cat_boundaries=0 1 2 3
cat_threshold=91469442 277102884 34078800
is_linear=0
shrinkage=0.03


Tree=198
num_leaves=7
num_cat=1
split_feature=11 4 5 7 1 4
split_gain=4.52948 5.61703 5.27606 5.05609 5.97056 5.22407
threshold=0.25292598860556753 3.5000000000000004 -0.05360588273194055 0.36372773570772449 0 7.5000000000000009
decision_type=10 2 10 10 9 2
left_child=3 2 -2 5 -5 -1
right_child=1 -3 -4 4 -6 -7
leaf_value=-0.0003120275111481751 0.0053357401792838701 -0.0014761345207415823 0.00032248325923411945 0.0037646924528116502 0.00022487326713213512 0.0002986978363376936
leaf_weight=16418 101 4834 588 309 497 13486
leaf_count=16418 101 4834 588 309 497 13486
internal_value=-0.000128582 -0.000919443 0.00161304 1.36752e-05 0.00235688 -4.95576e-05
internal_weight=36233 5523 689 30710 806 29904
internal_count=36233 5523 689 30710 806 29904
cat_boundaries=0 1
cat_threshold=34095304
is_linear=0
shrinkage=0.03


Tree=199
num_leaves=7
num_cat=2
split_feature=11 7 1 2 14 1
split_gain=4.11196 5.40853 7.02582 5.03759 6.79201 10.1661
threshold=0.22024184044151876 -0.34092658697059303 0 8.5000000000000018 0.078547279112105614 1
decision_type=10 10 9 2 10 9
left_child=3 2 -2 -1 -5 -6
right_child=1 -3 -4 4 5 -7
leaf_value=-0.00018096132040106559 0.0044887859592814385 -0.0010534627291192578 0.0001756055964041818 9.1809831074813854e-05 -0.00048209142076393013 0.003891663559818364
leaf_weight=20086 106 6358 448 7084 807 1300
leaf_count=20086 106 6358 448 7084 807 1300
internal_value=-0.000149959 -0.000808044 0.00203243 5.42998e-06 0.00058714 0.00208207
internal_weight=36189 6912 554 29277 9191 2107
internal_count=36189 6912 554 29277 9191 2107
cat_boundaries=0 1 2
cat_threshold=393280 356630114
is_linear=0
shrinkage=0.03


Tree=200
num_leaves=7
num_cat=0
split_feature=4 14 13 14 14 4
split_gain=4.07641 13.065 5.9679 5.53051 6.30766 4.71614
threshold=1.5000000000000002 -0.054345570193398834 -0.27502387821487961 0.10789074906531612 0.079377900182278277 6.5000000000000009
decision_type=2 10 10 10 10 2
left_child=1 2 -1 4 -3 -2
right_child=5 3 -4 -5 -6 -7
leaf_value=0.005008453032854558 -0.00058617398622024561 0.0017153399253910209 -0.0012474210457664879 9.3373636805915862e-05 0.007443070220191899 5.7707057942671401e-05
leaf_weight=132 14681 848 1474 414 132 18423
leaf_count=132 14681 848 1474 414 132 18423
internal_value=-0.000159037 0.000899699 -0.000944618 0.00302366 0.00425076 -0.000255008
internal_weight=36104 3000 1606 1394 980 33104
internal_count=36104 3000 1606 1394 980 33104
is_linear=0
shrinkage=0.03


Tree=201
num_leaves=7
num_cat=2
split_feature=1 12 7 1 7 2
split_gain=4.11524 4.70407 3.83263 4.14468 3.64327 3.35446
threshold=0 0.28304854962685916 0.072413676183187295 1 0.52592218493972276 7.5000000000000009
decision_type=9 8 10 9 10 2
left_child=-1 2 -2 -4 5 -5
right_child=1 -3 3 4 -6 -7
leaf_value=-0.000433458319441572 0.00040619416844095023 -0.00094041768467577238 -0.00097609294453744719 -0.00051457061569335025 0.0038165877836675108 0.0016844397680886576
leaf_weight=13275 12831 3241 3444 1907 134 1232
leaf_count=13275 12831 3241 3444 1907 134 1232
internal_value=-0.000186664 5.80256e-05 0.000233566 -0.000346979 0.000417478 0.000211146
internal_weight=36064 22789 19548 6717 3273 3139
internal_count=36064 22789 19548 6717 3273 3139
cat_boundaries=0 1 2
cat_threshold=89630594 276846688
is_linear=0
shrinkage=0.03


Tree=202
num_leaves=7
num_cat=3
split_feature=6 9 1 1 1 5
split_gain=4.20361 4.86988 4.7786 4.65594 4.55547 3.72918
threshold=-0.013763705145956704 0.33756565260318766 0 1 2 -0.11306009177891195
decision_type=10 8 9 9 9 8
left_child=1 3 -3 -1 -2 -6
right_child=4 2 -4 -5 5 -7
leaf_value=-0.00096289658032981532 -0.00086375998176172429 0.0015641159263016634 2.8808327078593189e-05 0.00025384814038761379 0.002694684472070317 -0.0001311456920845843
leaf_weight=3671 6870 3071 3183 6520 346 12474
leaf_count=3671 6870 3071 3183 6520 346 12474
internal_value=-0.000132417 0.000221634 0.000880575 -0.000182791 -0.000428115 -9.35242e-05
internal_weight=36135 16445 6254 10191 19690 12820
internal_count=36135 16445 6254 10191 19690 12820
cat_boundaries=0 1 2 3
cat_threshold=113100882 481132694 89308994
is_linear=0
shrinkage=0.03


Tree=203
num_leaves=7
num_cat=0
split_feature=11 2 14 11 11 13
split_gain=4.40691 5.3506 6.86307 7.46765 7.20336 8.14982
threshold=0.25292598860556753 8.5000000000000018 0.2306731728416074 -0.32596505613497312 -0.085379120713794152 0.11834761662849032
decision_type=10 2 10 8 10 8
left_child=1 -1 3 -3 -4 -6
right_child=-2 2 4 -5 5 -7
leaf_value=-0.00019985768821410534 -0.00099890721644587213 0.0019758269011815187 -0.00061772407706513037 6.0546921559113755e-05 0.0046252184390190619 0.0023440022539797422
leaf_weight=20858 5594 903 208 8132 210 187
leaf_count=20858 5594 903 208 8132 210 187
internal_value=-0.000129001 1.29833e-05 0.000597448 0.000390106 0.00368812 0.00605276
internal_weight=36092 30498 9640 9035 605 397
internal_count=36092 30498 9640 9035 605 397
is_linear=0
shrinkage=0.03


Tree=204
num_leaves=7
num_cat=3
split_feature=11 8 1 1 6 1
split_gain=5.19201 7.09101 8.82111 4.65904 4.58082 8.22496
threshold=0.21338947451370818 0.16994439032620126 0 1 -0.25637776643404248 2
decision_type=8 8 9 9 10 9
left_child=1 3 -3 -1 5 -2
right_child=4 2 -4 -5 -6 -7
leaf_value=-0.00073476968207999668 0.0030838970261009122 -0.00054629577672184486 0.0010112548102268234 5.3335588838094831e-05 -0.0010306969717283243 -0.00073988322475537923
leaf_weight=6853 614 2217 6177 11084 7827 1339
leaf_count=6853 614 2217 6177 11084 7827 1339
internal_value=-0.000161249 5.79896e-05 0.000777605 -0.000278794 -0.000751458 0.000548106
internal_weight=36111 26331 8394 17937 9780 1953
internal_count=36111 26331 8394 17937 9780 1953
cat_boundaries=0 1 2 3
cat_threshold=291116546 228943954 280756434
is_linear=0
shrinkage=0.03


Tree=205
num_leaves=7
num_cat=2
split_feature=3 3 3 0 14 1
split_gain=4.47811 8.43548 6.25575 6.12618 10.0268 9.93074
threshold=2.5000000000000004 6.5000000000000009 4.5000000000000009 0 0.022737478497215222 1
decision_type=2 2 2 1 8 9
left_child=-1 2 -2 -3 -5 -6
right_child=1 3 -4 4 5 -7
leaf_value=-0.00078864588265067568 -8.7017699568594795e-05 -0.00076331287723773388 0.00090764679090248263 -0.00094569582239791342 0.0024587052906969897 0.00018859715961411279
leaf_weight=5799 5838 9344 5745 4873 1463 3025
leaf_count=5799 5838 9344 5745 4873 1463 3025
internal_value=-0.000166843 -2.06023e-05 0.00061559 -0.000414574 0.000127857 0.00115081
internal_weight=36087 30288 11583 18705 9361 4488
internal_count=36087 30288 11583 18705 9361 4488
cat_boundaries=0 1 2
cat_threshold=2 271984220
is_linear=0
shrinkage=0.03


Tree=206
num_leaves=7
num_cat=0
split_feature=3 3 10 2 9 14
split_gain=4.18186 5.93175 5.76356 10.458 8.6023 6.13204
threshold=10.500000000000002 3.5000000000000004 0.17185239508443664 4.5000000000000009 -0.30469547938840685 0.078547279112105614
decision_type=2 2 8 2 8 10
left_child=1 -1 3 -3 -5 -6
right_child=-2 2 -4 4 5 -7
leaf_value=-0.00045155336563856456 -0.00083151363180106316 -0.00028511822782093091 -6.8575523151941608e-05 0.003439307430147033 0.00044050973889066546 0.0033141645948613781
leaf_weight=8485 6297 3310 13531 536 2410 1543
leaf_count=8485 6297 3310 13531 536 2410 1543
internal_value=-0.00012976 1.86135e-05 0.000285499 0.000934999 0.00187817 0.00139378
internal_weight=36112 29815 21330 7799 4489 3953
internal_count=36112 29815 21330 7799 4489 3953
is_linear=0
shrinkage=0.03


Tree=207
num_leaves=7
num_cat=1
split_feature=11 2 1 12 11 6
split_gain=4.74929 4.82485 4.66385 4.43016 4.89088 5.14412
threshold=0.25292598860556753 1.5000000000000002 0 0.17709706353727797 -0.18559176280361497 0.29980581741903972
decision_type=10 2 9 8 8 10
left_child=1 -1 -3 -4 -5 -6
right_child=-2 2 3 4 5 -7
leaf_value=-0.00095321518017823896 -0.0011541614671337452 -0.00090410260199114698 0.00032505257881545611 0.0013800354610226521 -0.0011997617295339475 0.0030376818226738379
leaf_weight=2830 5572 2811 20531 626 3568 226
leaf_count=2830 5572 2811 20531 626 3568 226
internal_value=-0.000153796 -7.06115e-06 0.000113244 0.00024385 -0.000617508 -0.00102293
internal_weight=36164 30592 27762 24951 4420 3794
internal_count=36164 30592 27762 24951 4420 3794
cat_boundaries=0 1
cat_threshold=88080898
is_linear=0
shrinkage=0.03


Tree=208
num_leaves=7
num_cat=2
split_feature=11 8 1 1 5 14
split_gain=4.39637 7.03773 8.82321 5.97467 4.82202 5.93858
threshold=0.21639449652935919 0.27715642994984174 0 1 0.1436693034404142 0.11572393903238316
decision_type=8 8 9 9 8 10
left_child=1 3 -3 -1 -5 -6
right_child=-2 2 -4 4 5 -7
leaf_value=-0.00088242888550578663 -0.00067342355977891683 -0.00056410088384525176 0.0012240596192391079 -5.1453591635616743e-05 0.00033455381050638658 0.0026501357340142995
leaf_weight=5667 9647 1751 4457 13019 1168 471
leaf_count=5667 9647 1751 4457 13019 1168 471
internal_value=-0.000116084 8.33263e-05 0.000967305 -0.000186707 0.000133342 0.00166646
internal_weight=36180 26533 6208 20325 14658 1639
internal_count=36180 26533 6208 20325 14658 1639
cat_boundaries=0 1 2
cat_threshold=290461570 98902102
is_linear=0
shrinkage=0.03


Tree=209
num_leaves=7
num_cat=0
split_feature=4 14 4 14 2 11
split_gain=4.15279 10.6848 4.594 11.5117 8.29498 8.18423
threshold=1.5000000000000002 -0.054345570193398834 6.5000000000000009 -0.014029943399684284 5.5000000000000009 0.35226370503586996
decision_type=2 10 2 8 2 10
left_child=1 -1 -2 -4 -5 -6
right_child=2 -3 3 4 5 -7
leaf_value=-0.00078611373227121357 -0.00062749185023784995 0.0017766366280712014 -0.00050473499378362414 -0.00017660999783585083 0.0018341020145293549 -0.0033036128392692002
leaf_weight=1617 14667 1413 10611 3356 3972 466
leaf_count=1617 14667 1413 10611 3356 3972 466
internal_value=-0.000152232 0.00091059 -0.00024963 6.60104e-05 0.000941372 0.00179229
internal_weight=36102 3030 33072 18405 7794 4438
internal_count=36102 3030 33072 18405 7794 4438
is_linear=0
shrinkage=0.03


Tree=210
num_leaves=7
num_cat=3
split_feature=11 8 1 1 1 6
split_gain=3.96203 5.41293 6.77088 5.95739 3.70254 4.33137
threshold=0.17751853845577339 0.23962756546139466 0 1 2 -0.24941990829504543
decision_type=8 8 9 9 9 10
left_child=1 3 -3 -1 -2 -6
right_child=4 2 -4 -5 5 -7
leaf_value=-0.00070212795118807848 -0.0011661627890600006 -0.00064014640033293311 0.001125710953873928 0.00018273109028994704 0.0014084073698981765 -0.00039918993234694757
leaf_weight=6350 4333 1348 4512 12672 1059 5976
leaf_count=6350 4333 1348 4512 12672 1059 5976
internal_value=-0.000113377 9.86208e-05 0.000895751 -0.000146981 -0.00057736 -0.00015115
internal_weight=36250 24882 5860 19022 11368 7035
internal_count=36250 24882 5860 19022 11368 7035
cat_boundaries=0 1 2 3
cat_threshold=21632514 230009410 206741412
is_linear=0
shrinkage=0.03


Tree=211
num_leaves=7
num_cat=2
split_feature=1 5 11 13 7 1
split_gain=4.05516 4.04791 3.57163 5.76788 6.6766 4.40045
threshold=0 -0.44895720983105919 0.076064836000956162 0.15725323950639805 -1.0000000180025095e-35 1
decision_type=9 10 8 8 10 9
left_child=-1 -2 3 5 -5 -3
right_child=1 2 -4 4 -6 -7
leaf_value=0.00037208154121599321 0.00082380824192074709 -0.00061574969299669471 -0.00071610169981612402 0.00034379106920270897 0.0060516137863555345 0.00019867792668979767
leaf_weight=9205 2050 6412 11319 268 169 6726
leaf_count=9205 2050 6412 11319 268 169 6726
internal_value=-0.00011527 -0.000300947 -0.000406588 -7.8448e-05 0.00330822 -0.000191339
internal_weight=36149 26944 24894 13575 437 13138
internal_count=36149 26944 24894 13575 437 13138
cat_boundaries=0 1 2
cat_threshold=169934872 97935618
is_linear=0
shrinkage=0.03


Tree=212
num_leaves=7
num_cat=1
split_feature=11 7 1 4 5 12
split_gain=3.6508 4.00551 4.24286 3.93389 5.07673 3.87036
threshold=0.25292598860556753 0.36372773570772449 0 3.5000000000000004 -0.057157237370744067 -0.074500577677650601
decision_type=10 10 9 2 10 8
left_child=1 5 -3 4 -2 -1
right_child=3 2 -4 -5 -6 -7
leaf_value=0.00034469413320158642 0.0049245528177887035 0.0032851478442060505 0.00018221827230117425 -0.0012824685318411073 0.00010468387050586267 -0.00027880344309566649
leaf_weight=10946 104 295 495 4888 614 18737
leaf_count=10946 104 295 495 4888 614 18737
internal_value=-0.000150416 -2.09694e-05 0.00208597 -0.000853933 0.00121836 -7.7113e-05
internal_weight=36079 30473 790 5606 718 29683
internal_count=36079 30473 790 5606 718 29683
cat_boundaries=0 1
cat_threshold=34095304
is_linear=0
shrinkage=0.03


Tree=213
num_leaves=7
num_cat=3
split_feature=12 1 8 1 0 12
split_gain=3.78835 6.90268 4.66822 4.06007 4.0453 5.87802
threshold=0.16344403140761712 0 0.7223556532583163 1 2 0.2692708206256223
decision_type=8 9 10 9 1 10
left_child=1 2 -1 -2 -5 -6
right_child=3 -3 -4 4 5 -7
leaf_value=0.00060752957972776318 -0.0013122262532482287 -0.00021033587725379058 0.0031176922714625504 -0.0011606688468066247 0.001985277846728107 -0.00078549102076345425
leaf_weight=7115 2110 21926 116 2051 1299 1487
leaf_count=7115 2110 21926 116 2051 1299 1487
internal_value=-0.000129124 2.08855e-05 0.000823943 -0.000758636 -0.00027661 0.000467168
internal_weight=36104 29157 7231 6947 4837 2786
internal_count=36104 29157 7231 6947 4837 2786
cat_boundaries=0 1 2 3
cat_threshold=36176920 26152592 2
is_linear=0
shrinkage=0.03


Tree=214
num_leaves=7
num_cat=1
split_feature=12 1 7 3 3 3
split_gain=3.97295 5.07724 4.51704 3.6592 5.20014 4.65183
threshold=0.19864178582776318 0 0.51171530371602902 9.5000000000000018 3.5000000000000004 6.5000000000000009
decision_type=10 9 10 2 2 2
left_child=1 2 -1 4 -3 -6
right_child=-2 3 -4 -5 5 -7
leaf_value=0.00038071692982377843 -0.00076054968979769435 -0.00058188332138765526 0.0046818396052578986 -0.00082537982401452079 0.0007226540267592479 -0.00026762124377055469
leaf_weight=8625 4703 5143 122 6018 5458 5987
leaf_count=8625 4703 5143 122 6018 5458 5987
internal_value=-0.000151927 -2.9949e-05 0.000583352 -0.00026741 -3.7616e-05 0.000318451
internal_weight=36056 31353 8747 22606 16588 11445
internal_count=36056 31353 8747 22606 16588 11445
cat_boundaries=0 1
cat_threshold=304612376
is_linear=0
shrinkage=0.03


Tree=215
num_leaves=7
num_cat=2
split_feature=3 3 10 1 1 2
split_gain=3.59848 10.9461 6.32545 5.79783 5.50136 5.0149
threshold=3.5000000000000004 6.5000000000000009 0.05409974900017734 0 1 1.5000000000000002
decision_type=2 2 8 9 9 2
left_child=4 2 5 -4 -1 -2
right_child=1 -3 3 -5 -6 -7
leaf_value=-0.0012835082784395234 -0.0012890272689530476 -0.00035078858647531074 0.0011238472498372499 -0.00028700411930434791 -4.3283630170460841e-07 0.0020956253496319213
leaf_weight=3673 278 18737 3068 3931 4833 1605
leaf_count=3673 278 18737 3068 3931 4833 1605
internal_value=-0.000129132 3.70377e-05 0.000904423 0.000488999 -0.000668627 0.00244745
internal_weight=36125 27619 8882 6999 8506 1883
internal_count=36125 27619 8882 6999 8506 1883
cat_boundaries=0 1 2
cat_threshold=199336204 206420494
is_linear=0
shrinkage=0.03


Tree=216
num_leaves=7
num_cat=2
split_feature=11 1 13 5 13 1
split_gain=3.88113 6.14548 5.08169 5.03414 5.20511 4.90268
threshold=-0.013162711285183091 0 0.029944229039719009 -0.061875403718087967 0.034045008189545159 1
decision_type=8 9 10 10 10 9
left_child=1 -1 -2 5 -5 -4
right_child=2 -3 3 4 -6 -7
leaf_value=-0.0003884339067378965 -0.00066833244966281035 0.00060848436776414451 0.0035724389038107509 0.0011021626514216268 -0.00031318852926742378 0.00012467695747228394
leaf_weight=5432 13174 8396 485 813 7235 569
leaf_count=5432 13174 8396 485 813 7235 569
internal_value=-0.000155713 0.000239062 -0.000400773 0.000144347 -0.00011107 0.00209289
internal_weight=36104 13828 22276 9102 8048 1054
internal_count=36104 13828 22276 9102 8048 1054
cat_boundaries=0 1 2
cat_threshold=100016578 403457498
is_linear=0
shrinkage=0.03


Tree=217
num_leaves=7
num_cat=0
split_feature=4 14 14 14 4 13
split_gain=4.63441 11.9855 12.6447 7.76218 6.45287 7.62181
threshold=7.5000000000000009 -0.097590102251939606 -0.096260719538901349 -0.3019931236561153 3.5000000000000004 0.091143940607181229
decision_type=2 8 8 8 2 10
left_child=3 -2 -3 -1 -5 -6
right_child=1 2 -4 4 5 -7
leaf_value=0.008899893602904595 -0.00092978572325367714 0.0026092867422909689 0.00049667361274311221 0.00013280697369046578 -0.0012480090139746357 0.00039634487843203813
leaf_weight=135 4920 290 10175 8649 9328 2797
leaf_count=135 4920 290 10175 8649 9328 2797
internal_value=-0.000125142 0.00027005 0.000844161 -0.000415926 -0.000462672 -0.000909204
internal_weight=36294 15385 10465 20909 20774 12125
internal_count=36294 15385 10465 20909 20774 12125
is_linear=0
shrinkage=0.03


Tree=218
num_leaves=7
num_cat=2
split_feature=11 14 1 5 1 11
split_gain=3.96447 4.59922 4.96636 4.45395 4.60977 4.16785
threshold=0.22024184044151876 -0.17016452810223601 0 0.49716812709618813 1 -0.036473761728089908
decision_type=10 10 9 8 9 8
left_child=1 -1 -3 5 -5 -4
right_child=-2 2 3 4 -6 -7
leaf_value=-0.00060324185927241073 -0.00072036442429345609 0.001344769454834709 0.00038305752088610596 0.0020948444519973165 -0.00016321591039859904 -0.00031952243602750136
leaf_weight=6383 6918 2474 7562 660 615 11482
leaf_count=6383 6918 2474 7562 660 615 11482
internal_value=-0.000138302 1.48055e-05 0.000214135 5.91729e-05 0.00177508 -5.57634e-05
internal_weight=36094 29176 22793 20319 1275 19044
internal_count=36094 29176 22793 20319 1275 19044
cat_boundaries=0 1 2
cat_threshold=35651600 412803112
is_linear=0
shrinkage=0.03


Tree=219
num_leaves=7
num_cat=2
split_feature=1 11 8 1 2 10
split_gain=4.2505 4.00789 5.232 3.87426 3.55247 7.31811
threshold=0 0.25292598860556753 0.27715642994984174 1 8.5000000000000018 0.016160130256754449
decision_type=9 8 8 9 2 8
left_child=-1 2 4 -4 -2 -6
right_child=1 -3 3 -5 5 -7
leaf_value=-0.00071404858615502806 -0.00026880122382350459 -0.00059717185019799498 0.00021331351266692564 0.0015038506071129471 0.0021796033767489181 -5.912509391236069e-05
leaf_weight=5231 12264 7271 3172 2710 1512 4014
leaf_count=5231 12264 7271 3172 2710 1512 4014
internal_value=-0.000120581 1.32771e-05 0.000202508 0.000978072 -5.39606e-05 0.000577528
internal_weight=36174 30943 23672 5882 17790 5526
internal_count=36174 30943 23672 5882 17790 5526
cat_boundaries=0 1 2
cat_threshold=88220162 270308772
is_linear=0
shrinkage=0.03


Tree=220
num_leaves=7
num_cat=1
split_feature=11 1 13 13 4 14
split_gain=4.68059 6.4563 4.37009 4.74374 4.71851 6.32194
threshold=-0.02156334724797215 0 0.029944229039719009 0.034045008189545159 7.5000000000000009 0.04680505282316836
decision_type=8 9 10 10 2 8
left_child=1 -1 4 -4 -2 -6
right_child=2 -3 3 -5 5 -7
leaf_value=-0.00042277972870141591 -0.0012574869903260403 0.00064880854073959336 0.0011365739006386727 -7.329285164063444e-05 -0.00049837333140788137 0.0012924500203400913
leaf_weight=4619 6823 8679 896 8512 5402 1306
leaf_count=4619 6823 8679 896 8512 5402 1306
internal_value=-0.000124759 0.000323031 -0.000384351 0.000112232 -0.000729605 -0.000164556
internal_weight=36237 13298 22939 9408 13531 6708
internal_count=36237 13298 22939 9408 13531 6708
cat_boundaries=0 1
cat_threshold=234236162
is_linear=0
shrinkage=0.03


Tree=221
num_leaves=7
num_cat=1
split_feature=3 0 3 3 11 8
split_gain=3.49417 6.76337 4.85675 6.08716 4.57059 6.36535
threshold=10.500000000000002 0 3.5000000000000004 6.5000000000000009 0.33541475255881853 0.27155269052189773
decision_type=2 1 2 2 8 8
left_child=2 -2 -1 4 5 -4
right_child=1 -3 3 -5 -6 -7
leaf_value=-0.00039102993746506579 -0.0014028267231119696 0.00021324826492024931 0.00045228271317070704 -0.00014182184937458635 -0.00049246735934824638 0.0015846967034713565
leaf_weight=8533 3174 3106 5391 12467 1395 2125
leaf_count=8533 3174 3106 5391 12467 1395 2125
internal_value=-9.70664e-05 -0.000740329 3.80108e-05 0.000279526 0.000878253 0.00117095
internal_weight=36191 6280 29911 21378 8911 7516
internal_count=36191 6280 29911 21378 8911 7516
cat_boundaries=0 1
cat_threshold=2
is_linear=0
shrinkage=0.03


Tree=222
num_leaves=7
num_cat=1
split_feature=0 14 4 2 4 11
split_gain=3.99023 8.72283 10.8819 11.8336 11.0488 11.0262
threshold=0 0.022737478497215222 7.5000000000000009 6.5000000000000009 4.5000000000000009 0.255148328315217
decision_type=1 8 2 2 2 10
left_child=-1 -2 4 -4 -3 -5
right_child=1 2 3 5 -6 -7
leaf_value=-0.00037072295473253915 -0.00053480705511416171 0.0012247894226103165 0.00050150771645568601 0.0052597923103803023 -0.0016204539668699923 -0.0035405841791283795
leaf_weight=18169 9392 2800 1490 1167 2822 201
leaf_count=18169 9392 2800 1490 1167 2822 201
internal_value=-0.000149077 0.000169193 0.000866642 0.00237356 0.000100302 0.00438714
internal_weight=36041 17872 8480 2858 5622 1368
internal_count=36041 17872 8480 2858 5622 1368
cat_boundaries=0 1
cat_threshold=2
is_linear=0
shrinkage=0.03


Tree=223
num_leaves=7
num_cat=2
split_feature=12 1 5 12 1 8
split_gain=3.91814 6.15552 6.92375 4.12351 3.94912 3.73821
threshold=0.23620335316940458 0 0.14159497886000685 0.031826043274249656 1 -0.35382081335519849
decision_type=8 9 8 10 9 8
left_child=1 2 -1 4 -3 -6
right_child=-2 3 -4 -5 5 -7
leaf_value=0.00029071738904766058 -0.00070788725364137194 -0.00040197238916967083 0.0023890531281446281 -0.00088117782351667664 -0.00091318328533468776 0.00056029258000664796
leaf_weight=7268 4508 7948 1279 6561 1153 7482
leaf_count=7268 4508 7948 1279 6561 1153 7482
internal_value=-9.60504e-05 2.16767e-05 0.00070916 -0.000232434 1.93553e-05 0.000463219
internal_weight=36199 31691 8547 23144 16583 8635
internal_count=36199 31691 8547 23144 16583 8635
cat_boundaries=0 1 2
cat_threshold=34078808 206811906
is_linear=0
shrinkage=0.03


Tree=224
num_leaves=7
num_cat=2
split_feature=12 1 8 3 3 1
split_gain=3.44976 6.16996 4.88184 4.72111 6.18954 4.59728
threshold=0.16344403140761712 0 0.7223556532583163 6.5000000000000009 4.5000000000000009 1
decision_type=8 9 10 2 2 9
left_child=1 2 -1 4 -3 -2
right_child=5 3 -4 -5 -6 -7
leaf_value=0.00047320960861339036 -0.0011558564115383117 -0.00022568151190235919 0.002771492961309087 -0.0006991422843517645 0.0007868535632466917 -0.00017398198798904997
leaf_weight=8514 2261 6447 111 10872 3279 4641
leaf_count=8514 2261 6447 111 10872 3279 4641
internal_value=-0.000101728 4.07535e-05 0.000713871 -0.000241352 0.000238716 -0.000704912
internal_weight=36125 29223 8625 20598 9726 6902
internal_count=36125 29223 8625 20598 9726 6902
cat_boundaries=0 1 2
cat_threshold=302582808 27201168
is_linear=0
shrinkage=0.03


Tree=225
num_leaves=7
num_cat=2
split_feature=1 12 1 2 11 11
split_gain=3.55932 4.17938 3.7177 4.15712 4.0936 3.62043
threshold=0 0.18775525056712097 1 7.5000000000000009 0.48000410980997993 -0.31401500005471344
decision_type=9 8 9 2 10 8
left_child=-1 2 -2 4 -4 -3
right_child=1 5 3 -5 -6 -7
leaf_value=-0.00045028405031711496 -0.00012143079830568358 0.0016561263569651998 4.2757534448915107e-05 0.0014398160304125143 0.0022400084996658169 -0.00077018979601262616
leaf_weight=13623 8890 260 5074 3440 126 4762
leaf_count=13623 8890 260 5074 3440 126 4762
internal_value=-0.000150515 8.08396e-05 0.000299469 0.00074211 0.000207652 -0.000682063
internal_weight=36175 22552 17530 8640 5200 5022
internal_count=36175 22552 17530 8640 5200 5022
cat_boundaries=0 1 2
cat_threshold=222737346 277954596
is_linear=0
shrinkage=0.03


Tree=226
num_leaves=7
num_cat=2
split_feature=1 12 11 8 11 1
split_gain=3.2698 4.00139 3.83103 4.73559 4.30504 7.13137
threshold=0 -0.18832526280312842 0.25292598860556753 0.23962756546139466 -0.02156334724797215 1
decision_type=9 10 8 8 10 9
left_child=1 -1 3 4 -2 -6
right_child=2 -3 -4 -5 5 -7
leaf_value=0.00061913658587446348 0.00026835125139411733 -0.00095498994459353658 -0.00064398574337455508 0.0006711956547315142 0.00012312185747299949 -0.0013554677984777201
leaf_weight=826 9973 3386 7404 6796 4195 3573
leaf_count=826 9973 3386 7404 6796 4195 3573
internal_value=-9.06961e-05 -0.000875208 1.30501e-05 0.000193536 -6.44241e-05 -0.0005939
internal_weight=36153 4212 31941 24537 17741 7768
internal_count=36153 4212 31941 24537 17741 7768
cat_boundaries=0 1 2
cat_threshold=88081922 34621832
is_linear=0
shrinkage=0.03


Tree=227
num_leaves=7
num_cat=0
split_feature=5 8 4 14 2 4
split_gain=3.27476 6.70207 5.98049 6.01095 5.26868 4.03067
threshold=-0.55466453453238607 -0.39180164535734846 3.5000000000000004 0.06718098489430524 5.5000000000000009 6.5000000000000009
decision_type=10 8 2 10 2 2
left_child=1 -1 3 -3 -5 -4
right_child=-2 2 5 4 -6 -7
leaf_value=0.0095075765309821231 -0.00017524743503480612 -0.0010342748161815797 -0.0028542371982448198 0.00049557536013294695 0.0029383462671099272 0.00064098208858977062
leaf_weight=126 33799 246 771 216 279 772
leaf_count=126 33799 246 771 216 279 772
internal_value=-0.000122536 0.000945665 0.000572428 0.00278571 0.0046875 -0.000491581
internal_weight=36209 2410 2284 741 495 1543
internal_count=36209 2410 2284 741 495 1543
is_linear=0
shrinkage=0.03


Tree=228
num_leaves=7
num_cat=1
split_feature=12 1 8 13 5 12
split_gain=3.75729 4.94047 3.95982 4.41751 4.73013 3.7071
threshold=0.25134467548093703 0 0.48916886290403522 0.0289809502707041 -0.1540881837331822 0.012373149926098838
decision_type=8 9 8 10 8 10
left_child=1 2 -1 4 -4 -5
right_child=-2 -3 3 5 -6 -7
leaf_value=0.0001250124936289773 -0.00073069375266198626 -0.00023358719317411475 0.0028697326763112924 0.0007765883909919422 -0.00061915795849479391 0.0025431526497283609
leaf_weight=8053 4202 21133 246 657 1004 804
leaf_count=8053 4202 21133 246 657 1004 804
internal_value=-0.000100472 1.06269e-05 0.000533456 0.00152544 0.000215827 0.00264501
internal_weight=36099 31897 10764 2711 1250 1461
internal_count=36099 31897 10764 2711 1250 1461
cat_boundaries=0 1
cat_threshold=34149464
is_linear=0
shrinkage=0.03


Tree=229
num_leaves=7
num_cat=1
split_feature=11 8 14 1 14 14
split_gain=3.35997 4.24218 6.82829 6.02614 5.21631 16.61
threshold=0.16341048980260989 0.15849521419640403 -0.3458105013562251 0 -0.13778715735331173 -0.13542756738202963
decision_type=8 8 8 9 8 8
left_child=1 2 -1 -3 -4 -6
right_child=-2 3 4 -5 5 -7
leaf_value=0.0053675921893449486 -0.00044149860598226059 -0.00069361750594801688 -0.0012059905301645398 0.0009005769708676771 0.0051767729620655111 -3.2516181137817749e-05
leaf_weight=240 12093 1506 3913 5507 100 12802
leaf_count=240 12093 1506 3913 5507 100 12802
internal_value=-0.000108761 9.62226e-05 -0.000159182 0.000717279 -0.000231031 5.99853e-05
internal_weight=36161 24068 17055 7013 16815 12902
internal_count=36161 24068 17055 7013 16815 12902
cat_boundaries=0 1
cat_threshold=290066946
is_linear=0
shrinkage=0.03


Tree=230
num_leaves=7
num_cat=3
split_feature=12 1 1 14 11 1
split_gain=4.268 6.97996 6.66953 3.94675 3.65968 4.25085
threshold=-0.066346904866767073 0 1 -0.3019931236561153 0.11983352572171714 2
decision_type=8 9 9 8 10 9
left_child=1 -1 -2 -4 5 -3
right_child=2 4 3 -5 -6 -7
leaf_value=-0.00023592466223945442 -0.00090513150451144238 0.003252814257432104 0.0018327804662914475 -0.00012414877013083907 -0.00029517769614353229 0.00080476329374010614
leaf_weight=7627 6625 759 440 16740 991 3175
leaf_count=7627 6625 759 440 16740 991 3175
internal_value=-0.000156527 0.000291085 -0.000392549 -8.02753e-05 0.00116997 0.00158272
internal_weight=36357 12552 23805 17180 4925 3934
internal_count=36357 12552 23805 17180 4925 3934
cat_boundaries=0 1 2 3
cat_threshold=340648774 97656610 50332680
is_linear=0
shrinkage=0.03


Tree=231
num_leaves=7
num_cat=2
split_feature=5 1 11 1 3 7
split_gain=3.23172 4.68618 3.58244 3.92616 4.50557 3.4582
threshold=-0.44895720983105919 0 0.25292598860556753 1 9.5000000000000018 0.31666721411405568
decision_type=10 9 8 9 2 10
left_child=1 -1 3 5 -5 -2
right_child=2 -3 -4 4 -6 -7
leaf_value=-0.001004565041224691 -0.00037553109306312081 0.0013507077086431071 -0.00076447902887641795 0.00045529526262721499 -0.00051310114180598055 0.0012727738668418215
leaf_weight=792 10647 1721 7032 11459 4190 277
leaf_count=792 10647 1721 7032 11459 4190 277
internal_value=-0.000110303 0.000927207 -0.000187914 -2.85625e-05 0.000276053 -0.000464747
internal_weight=36118 2513 33605 26573 15649 10924
internal_count=36118 2513 33605 26573 15649 10924
cat_boundaries=0 1 2
cat_threshold=255924900 358483530
is_linear=0
shrinkage=0.03


Tree=232
num_leaves=7
num_cat=3
split_feature=12 1 1 0 12 6
split_gain=3.65797 7.67842 6.33297 5.09765 4.86553 4.77839
threshold=-0.066346904866767073 0 1 2 0.23620335316940458 0.59508937109666349
decision_type=8 9 9 1 10 8
left_child=1 -1 -2 -4 5 -5
right_child=2 -3 3 4 -6 -7
leaf_value=-0.00023733728207577678 -0.00076947650553820532 0.00091911616024462691 -0.00037547755698325887 0.00071354105943843122 -0.00055105151188901283 0.0027424410041926427
leaf_weight=7611 6218 4983 9306 5191 2326 519
leaf_count=7611 6218 4983 9306 5191 2326 519
internal_value=-8.49682e-05 0.000327748 -0.00030559 -1.07193e-05 0.000542739 0.00101383
internal_weight=36154 12594 23560 17342 8036 5710
internal_count=36154 12594 23560 17342 8036 5710
cat_boundaries=0 1 2 3
cat_threshold=336458566 96640562 2
is_linear=0
shrinkage=0.03


Tree=233
num_leaves=7
num_cat=2
split_feature=6 3 3 1 0 10
split_gain=3.66672 5.01644 7.96669 5.09415 4.7041 6.22001
threshold=-0.013763705145956704 3.5000000000000004 6.5000000000000009 0 1 0.16512226818797296
decision_type=10 2 2 9 1 8
left_child=-1 -2 3 -3 -4 -6
right_child=1 2 4 -5 5 -7
leaf_value=0.0001793166420770722 -0.00098036863108781104 -0.00034503203980328778 -0.0010071186323758346 0.0011234109768702397 0.0011148361440134053 -0.0010021582985778341
leaf_weight=16493 4695 1541 5235 3246 2347 2682
leaf_count=16493 4695 1541 5235 3246 2347 2682
internal_value=-8.51828e-05 -0.000360967 -9.38753e-05 0.000916666 -0.000565222 9.00589e-05
internal_weight=36239 19746 15051 4787 10264 5029
internal_count=36239 19746 15051 4787 10264 5029
cat_boundaries=0 1 2
cat_threshold=345644610 2
is_linear=0
shrinkage=0.03


Tree=234
num_leaves=7
num_cat=2
split_feature=13 12 1 1 12 11
split_gain=3.40393 3.33143 6.97288 5.44186 3.53902 4.00569
threshold=0.42020497906229864 -0.066346904866767073 0 1 0.32431764201478425 0.061494091420528203
decision_type=10 8 9 9 8 8
left_child=1 2 -1 -3 -5 -6
right_child=-2 3 -4 4 5 -7
leaf_value=-0.00028357888155097094 0.0042803218464708623 -0.00073875012043315492 0.00093659024705371055 0.00014240566867052448 0.00016658137126732381 -0.0018826219598217242
leaf_weight=7276 104 7422 5351 13365 1313 1326
leaf_count=7276 104 7422 5351 13365 1313 1326
internal_value=-7.94022e-05 -9.51081e-05 0.000297671 -0.000306826 4.86972e-06 -0.000998864
internal_weight=36157 36053 12627 23426 16004 2639
internal_count=36157 36053 12627 23426 16004 2639
cat_boundaries=0 1 2
cat_threshold=474837766 96608178
is_linear=0
shrinkage=0.03


Tree=235
num_leaves=7
num_cat=2
split_feature=14 7 14 1 1 7
split_gain=3.43474 6.11857 4.47853 8.99911 4.99405 4.28554
threshold=-0.17016452810223601 -0.019511451319880631 0.10789074906531612 0 1 -0.079646555128021199
decision_type=8 10 10 9 9 8
left_child=-1 2 4 -4 -2 -5
right_child=1 -3 3 5 -6 -7
leaf_value=-0.00070205299210785788 0.00087487399120463744 -0.00027936479665076347 -0.00057130604740066797 -0.0004363013180729033 -0.00015963443756538212 0.0028348035936765622
leaf_weight=4405 3990 18150 779 204 7570 917
leaf_count=4405 3990 18150 779 204 7570 917
internal_value=-9.70409e-05 1.23368e-05 0.000496991 0.0018464 0.000275062 0.00354859
internal_weight=36015 31610 13460 1900 11560 1121
internal_count=36015 31610 13460 1900 11560 1121
cat_boundaries=0 1 2
cat_threshold=83996324 320978496
is_linear=0
shrinkage=0.03


Tree=236
num_leaves=7
num_cat=1
split_feature=4 14 1 6 4 14
split_gain=3.13567 9.26006 5.65467 5.57868 5.12211 10.3222
threshold=1.5000000000000002 -0.054345570193398834 0 -0.14618251017808112 7.5000000000000009 -0.097590102251939606
decision_type=2 10 9 10 2 8
left_child=1 -1 3 -3 -2 -6
right_child=4 2 -4 -5 5 -7
leaf_value=-0.00052691846612871063 -0.00040364431283697392 0.00581919002649169 0.00057402833368383423 0.0020002174732241069 -0.00076242156323113382 0.00058880788190833607
leaf_weight=1603 17775 100 750 537 4950 10418
leaf_count=1603 17775 100 750 537 4950 10418
internal_value=-3.76107e-05 0.000892677 0.0026866 0.00473611 -0.000121561 0.000279523
internal_weight=36133 2990 1387 637 33143 15368
internal_count=36133 2990 1387 637 33143 15368
cat_boundaries=0 1
cat_threshold=513894164
is_linear=0
shrinkage=0.03


Tree=237
num_leaves=7
num_cat=1
split_feature=0 14 4 4 2 12
split_gain=3.65698 9.384 10.3232 11.3553 8.35581 9.69209
threshold=0 0.022737478497215222 7.5000000000000009 4.5000000000000009 6.5000000000000009 0.21541615696107999
decision_type=1 8 2 2 2 10
left_child=-1 -2 3 -3 -4 -6
right_child=1 2 4 -5 5 -7
leaf_value=-0.00028034749462281137 -0.00044929718280829908 0.0012661018198938227 0.00070535774384034402 -0.0015807118770988912 0.0046799375983750157 -0.0013830866673912399
leaf_weight=18202 9382 2814 1459 2848 1190 205
leaf_count=18202 9382 2814 1459 2848 1190 205
internal_value=-0.000104707 0.000199787 0.000920746 0.000179056 0.00239159 0.00405086
internal_weight=36100 17898 8516 5662 2854 1395
internal_count=36100 17898 8516 5662 2854 1395
cat_boundaries=0 1
cat_threshold=2
is_linear=0
shrinkage=0.03


Tree=238
num_leaves=7
num_cat=1
split_feature=4 4 9 1 11 6
split_gain=3.43551 5.85392 6.1114 8.53652 3.93189 5.48411
threshold=7.5000000000000009 3.5000000000000004 -0.31841206618788215 0 -0.1802760734144426 -0.60389080280114971
decision_type=2 2 10 9 8 10
left_child=1 2 3 -1 5 -3
right_child=-2 4 -4 -5 -6 -7
leaf_value=0.0029053028560131942 0.00016786918747066786 0.0048794249694021873 -0.00024187287193878817 0.00046509076081014051 -0.0009222280299002447 2.3470845215448694e-05
leaf_weight=624 15262 147 5454 2481 10575 1380
leaf_count=624 15262 147 5454 2481 10575 1380
internal_value=-9.21118e-05 -0.000344256 0.000256191 0.00131842 -0.000768901 0.000653795
internal_weight=35923 20661 8559 3105 12102 1527
internal_count=35923 20661 8559 3105 12102 1527
cat_boundaries=0 1
cat_threshold=143196240
is_linear=0
shrinkage=0.03


Tree=239
num_leaves=7
num_cat=2
split_feature=3 3 1 1 9 10
split_gain=3.24479 5.2038 5.49096 5.33611 3.9975 4.60189
threshold=2.5000000000000004 6.5000000000000009 0 1 -0.34614912824819427 -0.079187485266223309
decision_type=2 2 9 9 10 8
left_child=-1 3 4 -2 -3 -6
right_child=1 2 -4 -5 5 -7
leaf_value=-0.00056093761374447263 -0.00019372472166572809 0.00094669973571468585 -0.00076061414097471157 0.00090103601016323313 0.0015293072325589651 -0.00044925965564378197
leaf_weight=5810 4335 3083 9455 7246 1369 4927
leaf_count=5810 4335 3083 9455 7246 1369 4927
internal_value=-0.000119666 4.43774e-06 -0.000303266 0.000504834 0.000211181 -0.000222011
internal_weight=36225 30415 18834 11581 9379 6296
internal_count=36225 30415 18834 11581 9379 6296
cat_boundaries=0 1 2
cat_threshold=436968540 337615942
is_linear=0
shrinkage=0.03


Tree=240
num_leaves=7
num_cat=2
split_feature=12 1 1 12 12 11
split_gain=3.07549 5.78012 5.65423 4.2327 3.62936 3.21179
threshold=0.14747942981788545 0 1 0.32431764201478425 0.30445088704223006 0.29582089952732243
decision_type=8 9 9 8 10 10
left_child=2 3 5 4 -2 -1
right_child=1 -3 -4 -5 -6 -7
leaf_value=-0.0002102576047016263 0.00044498495899744108 -0.00098169961386860454 0.0003511764432098921 -0.00095187064453754644 0.0025313719766825579 -0.0028952034916393784
leaf_weight=12175 2473 3249 14840 1933 186 1245
leaf_count=12175 2473 3249 14840 1933 186 1245
internal_value=-9.06605e-05 -0.000616298 5.5199e-05 7.03882e-05 0.000846992 -0.000390887
internal_weight=36101 7841 28260 4592 2659 13420
internal_count=36101 7841 28260 4592 2659 13420
cat_boundaries=0 1 2
cat_threshold=438362412 499184390
is_linear=0
shrinkage=0.03


Tree=241
num_leaves=7
num_cat=2
split_feature=12 1 1 4 7 6
split_gain=3.31501 7.18504 6.6108 4.63828 5.5902 4.02964
threshold=-0.14815603347080006 0 1 3.5000000000000004 -0.058166354539368463 0.013334123541080435
decision_type=8 9 9 2 8 10
left_child=1 -1 -2 4 -3 -6
right_child=2 3 -4 -5 5 -7
leaf_value=-0.00018432344002210484 -0.00080571696886849731 0.0013797197800384299 -1.4955049010355205e-06 0.00074121397826962504 0.0053254051122961403 0.0044422255197373124
leaf_weight=4431 5523 420 23281 2258 111 112
leaf_count=4431 5523 420 23281 2258 111 112
internal_value=-7.93654e-05 0.000490112 -0.000224337 0.00164732 0.00389907 0.00772768
internal_weight=36136 7332 28804 2901 643 223
internal_count=36136 7332 28804 2901 643 223
cat_boundaries=0 1 2
cat_threshold=403563334 96604818
is_linear=0
shrinkage=0.03


Tree=242
num_leaves=7
num_cat=2
split_feature=12 1 12 1 4 13
split_gain=3.26502 3.78194 4.00393 3.41826 2.94135 2.87509
threshold=-0.22222449718430634 0 0.32431764201478425 1 1.5000000000000002 0.010419802226796632
decision_type=8 9 8 9 2 10
left_child=3 4 -3 -1 5 -2
right_child=1 2 -4 -5 -6 -7
leaf_value=-4.7480445775165742e-05 -0.0001603241675377587 0.00013948499473600523 -0.00079919209344269857 0.0013230579516754503 -0.00063353218366458508 0.0017027067006891575
leaf_weight=2251 748 18013 2604 1715 10622 310
leaf_count=2251 748 18013 2604 1715 10622 310
internal_value=-0.00012103 -0.000220788 2.37049e-05 0.000691202 -0.000651784 0.000855523
internal_weight=36263 32297 20617 3966 11680 1058
internal_count=36263 32297 20617 3966 11680 1058
cat_boundaries=0 1 2
cat_threshold=232040322 336064900
is_linear=0
shrinkage=0.03


Tree=243
num_leaves=7
num_cat=2
split_feature=1 11 7 13 4 0
split_gain=3.69575 3.0768 4.96428 4.51591 4.31588 4.79619
threshold=0 0.25292598860556753 0.36372773570772449 0.070338006420797253 4.5000000000000009 1
decision_type=9 8 10 8 2 1
left_child=-1 2 -2 -4 5 -3
right_child=1 4 3 -5 -6 -7
leaf_value=-0.00067499889750186406 5.6151279273180189e-05 -0.00078598045467855092 0.00021321957419549641 0.0036352379808670642 -0.0009883113725271122 0.0018976764096542986
leaf_weight=4494 23520 892 322 272 5232 1222
leaf_count=4494 23520 892 322 272 5232 1222
internal_value=-0.000131332 -1.62061e-05 0.000147542 0.00285378 -0.000553696 0.00059007
internal_weight=35954 31460 24114 594 7346 2114
internal_count=35954 31460 24114 594 7346 2114
cat_boundaries=0 1 2
cat_threshold=88089090 2
is_linear=0
shrinkage=0.03


Tree=244
num_leaves=7
num_cat=1
split_feature=11 14 14 1 14 4
split_gain=3.4937 6.27165 13.647 6.93925 5.15535 3.70426
threshold=-0.029299176935350776 -0.13778715735331173 -0.13542756738202963 0 -0.32894240251914902 6.5000000000000009
decision_type=8 10 10 9 8 2
left_child=1 4 -3 -4 -1 -5
right_child=-2 2 3 5 -6 -7
leaf_value=0.0030316620863830991 -0.00024726254610512921 0.0044478563149333052 -0.00020179948059370655 0.00040735454611167982 -0.00084621741213038127 0.0014166006711007
leaf_weight=314 23464 108 3884 2110 4193 2152
leaf_count=314 23464 108 3884 2110 4193 2152
internal_value=-9.64784e-05 0.000303008 0.000794427 0.000653246 -0.000596939 0.00148701
internal_weight=36225 12761 8254 8146 4507 4262
internal_count=36225 12761 8254 8146 4507 4262
cat_boundaries=0 1
cat_threshold=93673866
is_linear=0
shrinkage=0.03


Tree=245
num_leaves=7
num_cat=0
split_feature=11 7 13 3 3 2
split_gain=3.31762 3.74679 5.10759 3.25238 8.03703 3.32675
threshold=0.25292598860556753 0.36372773570772449 0.067017027496181034 6.5000000000000009 4.5000000000000009 1.5000000000000002
decision_type=8 10 8 2 2 2
left_child=1 3 -3 4 -1 -6
right_child=-2 2 -4 -5 5 -7
leaf_value=-0.00011999128193892015 -0.00057886664365281132 -2.2771021553310876e-05 0.0029722224856315463 -0.00024677151147896179 -0.00085917476740060843 0.0010241025644894544
leaf_weight=8921 8247 363 279 14072 337 4128
leaf_count=8921 8247 363 279 14072 337 4128
internal_value=-9.54943e-05 5.97836e-05 0.00232348 6.77302e-06 0.000341525 0.00138043
internal_weight=36347 28100 642 27458 13386 4465
internal_count=36347 28100 642 27458 13386 4465
is_linear=0
shrinkage=0.03


Tree=246
num_leaves=7
num_cat=1
split_feature=14 6 11 1 4 10
split_gain=3.10261 5.73026 4.91552 5.39754 4.45437 5.30334
threshold=-0.17016452810223601 -0.09531017980432431 -0.091573485528714013 0 6.5000000000000009 1.0000000180025095e-35
decision_type=10 10 8 9 2 10
left_child=-1 -2 3 4 -3 -6
right_child=1 2 -4 -5 5 -7
leaf_value=-0.00061596137101751494 0.00059907395605776571 0.00029520570752055223 -0.00034563114802570817 1.7890107719313389e-06 0.0011291519302514842 0.0028049302749930068
leaf_weight=6715 7927 597 17843 2598 330 153
leaf_count=6715 7927 597 17843 2598 330 153
internal_value=-0.000117217 1.54837e-05 -0.000238501 0.000759988 0.00252979 0.00469215
internal_weight=36163 29448 21521 3678 1080 483
internal_count=36163 29448 21521 3678 1080 483
cat_boundaries=0 1
cat_threshold=420347954
is_linear=0
shrinkage=0.03


Tree=247
num_leaves=7
num_cat=2
split_feature=12 11 1 1 11 8
split_gain=3.1392 3.58174 5.41988 3.03644 3.25168 4.83031
threshold=-0.22222449718430634 -0.32596505613497312 0 1 0.21338947451370818 0.27715642994984174
decision_type=8 10 9 9 8 8
left_child=1 2 -1 -2 5 -5
right_child=3 -3 -4 4 -6 -7
leaf_value=0.007312906291439816 -0.00071114727130984988 3.4135793368144961e-06 0.00097185952784454742 -0.0001085345739378338 -0.00050261623554248959 0.00074280560756855062
leaf_weight=105 3698 2481 1332 15335 8416 4808
leaf_count=105 3698 2481 1332 15335 8416 4808
internal_value=-8.83189e-05 0.000713447 0.00190473 -0.000185722 -8.07498e-05 0.000126141
internal_weight=36175 3918 1437 32257 28559 20143
internal_count=36175 3918 1437 32257 28559 20143
cat_boundaries=0 1 2
cat_threshold=1034 96469506
is_linear=0
shrinkage=0.03


Tree=248
num_leaves=7
num_cat=0
split_feature=4 14 14 13 13 14
split_gain=3.23004 7.52363 12.5355 5.91793 6.78109 6.13173
threshold=7.5000000000000009 -0.097036652277354279 -0.096260719538901349 0.029944229039719009 0.034045008189545159 -0.3019931236561153
decision_type=2 8 8 10 10 8
left_child=3 -2 -3 5 -5 -1
right_child=1 2 -4 4 -6 -7
leaf_value=0.0096936486873752357 -0.00067551223885654313 0.0024856751913835207 0.00039367732795546101 0.0016060770327567431 -1.8001416961253294e-05 -0.00070045206479257154
leaf_weight=115 5024 241 10118 769 7969 11978
leaf_count=115 5024 241 10118 769 7969 11978
internal_value=-0.000113821 0.000215873 0.000677895 -0.000357288 0.000237555 -0.000787085
internal_weight=36214 15383 10359 20831 8738 12093
internal_count=36214 15383 10359 20831 8738 12093
is_linear=0
shrinkage=0.03


Tree=249
num_leaves=7
num_cat=1
split_feature=4 14 4 14 14 1
split_gain=3.05929 8.15213 7.45819 15.6548 8.18493 6.18262
threshold=6.5000000000000009 -0.014029943399684284 3.5000000000000004 -0.13542756738202963 0.2306731728416074 0
decision_type=2 8 2 8 10 9
left_child=2 -2 -1 -4 -5 -6
right_child=1 -3 3 4 5 -7
leaf_value=0.00024855851120783801 -0.00028663393875591063 0.00077436101067307613 0.0078258842273114127 -0.0017756997043651892 0.00091679227476428862 -0.0010419068091949829
leaf_weight=8594 10631 7886 153 5796 1729 1524
leaf_count=8594 10631 7886 153 5796 1729 1524
internal_value=-9.77316e-05 0.00017221 -0.000378604 -0.000972075 -0.00113337 7.09888e-05
internal_weight=36313 18517 17796 9202 9049 3253
internal_count=36313 18517 17796 9202 9049 3253
cat_boundaries=0 1
cat_threshold=36449114
is_linear=0
shrinkage=0.03


Tree=250
num_leaves=7
num_cat=2
split_feature=11 14 14 1 1 6
split_gain=3.34617 5.68339 10.7427 6.54258 5.17346 3.80259
threshold=-0.013162711285183091 -0.13778715735331173 -0.13542756738202963 0 1 0.02899578014880078
decision_type=8 10 10 9 9 8
left_child=1 4 -3 5 -1 -4
right_child=-2 2 3 -5 -6 -7
leaf_value=-0.0017393835575423835 -0.00024498690368249699 0.0041665697107200915 -0.00048162961315832421 0.00094768692196284449 0.00020317926091406867 0.00064279500707455572
leaf_weight=1739 22435 103 3065 4522 2897 1379
leaf_count=1739 22435 103 3065 4522 2897 1379
internal_value=-9.46301e-05 0.000274696 0.000711466 0.0006002 -0.000579686 -0.000218183
internal_weight=36140 13705 9069 8966 4636 4444
internal_count=36140 13705 9069 8966 4636 4444
cat_boundaries=0 1 2
cat_threshold=93804938 351315126
is_linear=0
shrinkage=0.03


Tree=251
num_leaves=7
num_cat=2
split_feature=3 3 1 0 10 11
split_gain=3.48032 5.9847 5.82902 5.84236 5.47684 5.47372
threshold=2.5000000000000004 6.5000000000000009 0 1 -0.079187485266223309 -0.3423574553856143
decision_type=2 2 9 1 8 8
left_child=-1 -2 4 5 -3 -4
right_child=1 2 3 -5 -6 -7
leaf_value=-0.00055636248660300423 0.00041306917321561444 0.0017306749222467648 0.0027954716047171673 -2.6155875476664582e-05 9.0789336497904588e-05 -0.001138231948969106
leaf_weight=5774 11519 855 157 6589 4566 6469
leaf_count=5774 11519 855 157 6589 4566 6469
internal_value=-0.000111801 1.74088e-05 -0.000314858 -0.000654394 0.00051307 -0.00128384
internal_weight=35929 30155 18636 13215 5421 6626
internal_count=35929 30155 18636 13215 5421 6626
cat_boundaries=0 1 2
cat_threshold=269032476 2
is_linear=0
shrinkage=0.03


Tree=252
num_leaves=7
num_cat=1
split_feature=6 14 1 13 13 9
split_gain=3.02627 3.75337 4.93765 4.0872 4.6414 5.93921
threshold=-0.016681145255518889 -0.17016452810223601 0 -0.053913613882444138 -0.037958001339074031 -0.77092970989162379
decision_type=10 10 9 8 8 10
left_child=1 -1 -3 -4 5 -5
right_child=-2 2 3 4 -6 -7
leaf_value=-0.00045357873030525795 -0.00029983332152038643 0.00096632416169861106 -0.0011346613381458621 0.0022970269233694223 0.00016391170560013156 0.0004402009065213033
leaf_weight=4712 19743 4049 2032 178 4887 338
leaf_count=4712 19743 4049 2032 178 4887 338
internal_value=-0.000114275 0.000189664 0.000482193 2.21588e-05 0.000453552 0.00315667
internal_weight=35939 16196 11484 7435 5403 516
internal_count=35939 16196 11484 7435 5403 516
cat_boundaries=0 1
cat_threshold=37394704
is_linear=0
shrinkage=0.03


Tree=253
num_leaves=7
num_cat=0
split_feature=4 14 4 13 14 4
split_gain=3.399 7.95403 4.18229 6.55488 7.46025 9.94698
threshold=1.5000000000000002 -0.054345570193398834 6.5000000000000009 0.031535809556982534 -0.13542756738202963 3.5000000000000004
decision_type=2 10 2 10 8 2
left_child=1 -1 3 4 5 -2
right_child=2 -3 -4 -5 -6 -7
leaf_value=-0.0004652663696479161 -1.5856829904962824e-05 0.0015575077896001815 7.7618534259033621e-05 7.2089807312576985e-05 -0.0013545942792470476 0.0081571385425825739
leaf_weight=1632 788 1412 18433 7260 6510 154
leaf_count=1632 788 1412 18433 7260 6510 154
internal_value=-0.000106024 0.000853201 -0.000194142 -0.000571332 -0.0011963 0.00129798
internal_weight=36189 3044 33145 14712 7452 942
internal_count=36189 3044 33145 14712 7452 942
is_linear=0
shrinkage=0.03


Tree=254
num_leaves=7
num_cat=1
split_feature=4 14 14 1 2 14
split_gain=2.87278 6.69451 7.8307 7.1902 7.09684 6.06035
threshold=6.5000000000000009 -0.00026895975234974049 0.013736039663583817 0 4.5000000000000009 0.3041976658683217
decision_type=2 8 8 9 2 8
left_child=-1 -2 -3 -4 -5 -6
right_child=1 2 3 4 5 -7
leaf_value=-0.0002951447109472652 -0.00021240955632715225 0.0049623962818105081 -0.00020350548419643307 -0.00011174005308801834 0.0018344127585173833 0.0038590044243675841
leaf_weight=17650 11727 173 3204 1136 1754 426
leaf_count=17650 11727 173 3204 1136 1754 426
internal_value=-0.000110616 0.000151457 0.000908425 0.000740683 0.00171686 0.00272352
internal_weight=36070 18420 6693 6520 3316 2180
internal_count=36070 18420 6693 6520 3316 2180
cat_boundaries=0 1
cat_threshold=508075110
is_linear=0
shrinkage=0.03


Tree=255
num_leaves=7
num_cat=2
split_feature=12 1 1 4 8 7
split_gain=2.82396 7.42565 5.03041 3.81093 5.88986 6.21865
threshold=-0.14815603347080006 0 1 3.5000000000000004 0.18267465456238433 -0.080910579581380912
decision_type=8 9 9 2 8 8
left_child=1 -1 -2 4 -3 -6
right_child=2 3 -4 -5 5 -7
leaf_value=-0.00029871219336994107 -0.00067831620105388826 0.00059920814181970556 -1.5176415108573317e-05 0.00086013167288342843 0.0020325514353317672 0.0071904881322310847
leaf_weight=4564 5630 334 23212 2068 150 120
leaf_count=4564 5630 334 23212 2068 150 120
internal_value=-8.46483e-05 0.000445211 -0.000217593 0.00169735 0.00379835 0.00708487
internal_weight=36078 7236 28842 2672 604 270
internal_count=36078 7236 28842 2672 604 270
cat_boundaries=0 1 2
cat_threshold=139322182 96605826
is_linear=0
shrinkage=0.03


Tree=256
num_leaves=7
num_cat=0
split_feature=11 2 8 13 13 5
split_gain=3.04723 4.23418 3.95226 3.8061 4.83279 4.45221
threshold=0.048195167868818174 10.500000000000002 0.020005725074868867 0.029944229039719009 0.10136324727194838 0.14663290009256127
decision_type=8 2 8 10 10 8
left_child=1 2 -1 -2 5 -5
right_child=3 -3 -4 4 -6 -7
leaf_value=-0.00026187054069715533 -0.0005533256901321563 0.0009716814054939397 0.00050088466586607359 0.00010281634827308984 -0.0010515306845889274 0.0016638691375645595
leaf_weight=10240 10729 2664 4578 3882 2404 1507
leaf_count=10240 10729 2664 4578 3882 2404 1507
internal_value=-8.36558e-05 0.000200423 2.4286e-06 -0.00035178 0.000152809 0.000651762
internal_weight=36004 17482 14818 18522 7793 5389
internal_count=36004 17482 14818 18522 7793 5389
is_linear=0
shrinkage=0.03


Tree=257
num_leaves=7
num_cat=2
split_feature=3 3 10 1 10 1
split_gain=2.80319 6.99348 5.69496 5.03259 5.09483 4.88353
threshold=3.5000000000000004 6.5000000000000009 0.05409974900017734 0 -0.079187485266223309 1
decision_type=2 2 8 9 8 9
left_child=-1 2 -2 4 -3 -4
right_child=1 3 5 -5 -6 -7
leaf_value=-0.00037368437624662505 0.00166653376626637 0.0017241502656576751 0.00090118165021968054 -0.00057942010153137497 2.0772520080572992e-05 -0.00033933158879582688
leaf_weight=8501 1871 994 3389 12230 5474 3645
leaf_count=8501 1871 994 3389 12230 5474 3645
internal_value=-9.92114e-05 4.74924e-05 0.000739388 -0.000282048 0.000394505 0.000347974
internal_weight=36104 27603 8905 18698 6468 7034
internal_count=36104 27603 8905 18698 6468 7034
cat_boundaries=0 1 2
cat_threshold=403258396 199336332
is_linear=0
shrinkage=0.03


Tree=258
num_leaves=7
num_cat=1
split_feature=14 11 8 1 2 10
split_gain=3.20588 2.74434 3.35861 4.95442 3.87224 5.33972
threshold=0.65680156598635808 0.17751853845577339 0.27155269052189773 0 9.5000000000000018 -0.076960041137128496
decision_type=10 8 8 9 2 8
left_child=1 2 4 -4 -1 -6
right_child=-2 -3 3 -5 5 -7
leaf_value=-0.00025263591406066404 0.0048666038785886434 -0.00042776988650387003 -0.00048896736936368654 0.001041623754757117 0.0032887134611832227 0.0001691246789636604
leaf_weight=14946 102 11327 1452 3865 795 3625
leaf_count=14946 102 11327 1452 3865 795 3625
internal_value=-0.000100685 -0.000115799 6.16181e-05 0.000729409 -0.000121754 0.000658221
internal_weight=36112 36010 24683 5317 19366 4420
internal_count=36112 36010 24683 5317 19366 4420
cat_boundaries=0 1
cat_threshold=290985602
is_linear=0
shrinkage=0.03


Tree=259
num_leaves=7
num_cat=1
split_feature=1 12 11 14 13 9
split_gain=2.47224 3.33889 3.17813 9.67795 2.96482 2.9263
threshold=0 0.28304854962685916 -0.19629357956382429 -0.13778715735331173 0.19908071551484952 0.33144554546753696
decision_type=9 8 8 8 10 8
left_child=2 5 3 -1 -4 -2
right_child=1 -3 4 -5 -6 -7
leaf_value=-0.0018227952206124867 -1.6943040524171181e-05 -0.00059404278221208843 -0.00053148737422187818 0.0014534959579313523 0.0025578294384983186 0.00059577147414103485
leaf_weight=904 13255 3120 10624 1254 186 6644
leaf_count=904 13255 3120 10624 1254 186 6644
internal_value=-9.14479e-05 9.52229e-05 -0.000422529 0.000628068 -0.00063269 0.000238341
internal_weight=35987 23019 12968 2158 10810 19899
internal_count=35987 23019 12968 2158 10810 19899
cat_boundaries=0 1
cat_threshold=491008966
is_linear=0
shrinkage=0.03


Tree=260
num_leaves=7
num_cat=2
split_feature=1 12 14 12 1 12
split_gain=2.96898 3.05315 2.34732 2.92602 2.26268 2.63416
threshold=0 0.19864178582776318 -0.13778715735331173 -0.074500577677650601 1 -0.18262139723034651
decision_type=9 8 8 10 9 10
left_child=2 4 -1 -4 -2 -6
right_child=1 -3 3 -5 5 -7
leaf_value=-0.0012774107586985945 -4.5229534920497047e-05 -0.0004465601678782878 0.00015210731953898968 -0.00058634143505216464 0.002061906469723972 0.00035662808187375376
leaf_weight=1925 10415 4938 4293 5700 673 8234
leaf_count=1925 10415 4938 4293 5700 673 8234
internal_value=-0.000125046 6.55096e-05 -0.000512533 -0.000328098 0.000235677 0.000586342
internal_weight=36178 24260 11918 9993 19322 8907
internal_count=36178 24260 11918 9993 19322 8907
cat_boundaries=0 1 2
cat_threshold=97747846 402944096
is_linear=0
shrinkage=0.03


Tree=261
num_leaves=7
num_cat=0
split_feature=6 14 13 13 4 4
split_gain=2.72328 4.45878 4.2356 5.50498 11.3503 4.80168
threshold=-0.013763705145956704 -0.17016452810223601 -0.053913613882444138 -0.037491366296996918 11.500000000000002 4.5000000000000009
decision_type=10 10 8 10 2 2
left_child=1 -1 5 4 -4 -3
right_child=-2 2 3 -5 -6 -7
leaf_value=-0.00054217996869065205 -0.00028050769969471936 0.0013822274277964619 0.00080410928298993943 0.0004904193896323139 0.0031504106471480779 -0.0011786128165229756
leaf_weight=4764 19629 675 802 7333 202 2605
leaf_count=4764 19629 675 802 7333 202 2605
internal_value=-0.000100803 0.000184775 0.000501721 0.000860997 0.00294328 -0.000411461
internal_weight=36010 16381 11617 8337 1004 3280
internal_count=36010 16381 11617 8337 1004 3280
is_linear=0
shrinkage=0.03


Tree=262
num_leaves=7
num_cat=2
split_feature=11 14 7 1 1 12
split_gain=2.7526 4.12035 5.03889 3.42977 2.95097 3.6994
threshold=0.079361573444843195 0.2306731728416074 0.20067069546215113 0 1 -0.15809940990230939
decision_type=8 10 10 9 9 8
left_child=1 3 -3 -1 -2 -6
right_child=4 2 -4 -5 5 -7
leaf_value=-0.00050621191067538364 -0.0005861340239024025 0.00088266946330079377 0.0037955455644477572 0.00021418802977186667 0.0018506768031030789 -0.00013345691068675621
leaf_weight=4684 8343 416 146 14313 538 7728
leaf_count=4684 8343 416 146 14313 538 7728
internal_value=-0.000116786 0.000124386 0.00265364 4.94255e-05 -0.000400783 1.44909e-06
internal_weight=36168 19559 562 18997 16609 8266
internal_count=36168 19559 562 18997 16609 8266
cat_boundaries=0 1 2
cat_threshold=93651218 206239332
is_linear=0
shrinkage=0.03


Tree=263
num_leaves=7
num_cat=0
split_feature=4 14 14 2 13 4
split_gain=3.37296 7.66973 4.32844 4.16856 3.56953 3.45778
threshold=1.5000000000000002 -0.054345570193398834 0.10516847805355602 2.5000000000000004 -0.27502387821487961 6.5000000000000009
decision_type=2 10 10 2 10 2
left_child=1 4 3 -3 -1 -2
right_child=5 2 -4 -5 -6 -7
leaf_value=0.0032227437851534558 -0.00047276978406586177 -0.00050682066576808904 0.00022504358507886941 0.0027669077206012404 -0.00074757312922191612 5.2594039693958229e-05
leaf_weight=135 14753 153 476 763 1470 18492
leaf_count=135 14753 153 476 763 1470 18492
internal_value=-0.000120189 0.000843562 0.00247236 0.00367721 -0.000569739 -0.000207093
internal_weight=36242 2997 1392 916 1605 33245
internal_count=36242 2997 1392 916 1605 33245
is_linear=0
shrinkage=0.03


Tree=264
num_leaves=7
num_cat=1
split_feature=11 14 14 14 13 1
split_gain=2.83437 6.01646 13.338 4.15679 3.92636 3.9907
threshold=0.0063943565113735454 -0.13778715735331173 -0.13542756738202963 -0.32894240251914902 0.029944229039719009 0
decision_type=8 10 10 8 10 9
left_child=1 3 -3 -1 5 -2
right_child=4 2 -4 -5 -6 -7
leaf_value=0.0020641908177344631 -0.00089756598344127299 0.00432801747500112 0.00035513311083024151 -0.00083578281360996182 0.00012538819265218049 -0.00031804145670491019
leaf_weight=340 3088 108 9883 4670 8779 9238
leaf_count=340 3088 108 9883 4670 8779 9238
internal_value=-0.000113497 0.000201772 0.000627201 -0.000646578 -0.000337582 -0.000682892
internal_weight=36106 15001 9991 5010 21105 12326
internal_count=36106 15001 9991 5010 21105 12326
cat_boundaries=0 1
cat_threshold=407470658
is_linear=0
shrinkage=0.03


Tree=265
num_leaves=7
num_cat=2
split_feature=6 1 14 1 5 5
split_gain=2.62308 3.42603 3.24225 3.96022 3.25509 3.05884
threshold=-0.013763705145956704 0 -0.16753560899519718 1 -0.096361477306749141 -0.11306009177891195
decision_type=10 9 10 9 8 8
left_child=2 -2 -1 -4 -5 -3
right_child=1 5 3 4 -6 -7
leaf_value=-0.00039850654332673985 -0.00056203543697761372 0.0026523513107413552 -7.5544522188416064e-05 -0.00011217414354488286 0.0010181211046488229 -6.234921669563936e-05
leaf_weight=4941 8374 299 5410 1870 4366 11132
leaf_count=4941 8374 299 5410 1870 4366 11132
internal_value=-8.42477e-05 -0.000317329 0.000194055 0.000467244 0.00098159 2.07124e-05
internal_weight=36392 19805 16587 11646 6236 11431
internal_count=36392 19805 16587 11646 6236 11431
cat_boundaries=0 1 2
cat_threshold=89194306 365380750
is_linear=0
shrinkage=0.03


Tree=266
num_leaves=7
num_cat=1
split_feature=11 2 8 5 1 6
split_gain=2.81623 5.14929 4.22006 3.98294 3.81963 3.49641
threshold=0.0063943565113735454 10.500000000000002 0.040844851140679157 -0.55466453453238607 0 0.1999988129630155
decision_type=8 2 8 10 9 8
left_child=1 2 3 -1 -4 -3
right_child=-2 5 4 -5 -6 -7
leaf_value=0.0020272080938743137 -0.00020004436207869946 0.00071267518937415553 0.0015822317506048822 -0.00027400340813071199 -7.2601757861954202e-06 0.0034636660805211694
leaf_weight=354 21039 2095 1394 9362 1608 250
leaf_count=354 21039 2095 1394 9362 1608 250
internal_value=-5.08552e-05 0.00026228 2.40578e-05 -0.000279717 0.00100699 0.00155371
internal_weight=36102 15063 12718 9716 3002 2345
internal_count=36102 15063 12718 9716 3002 2345
cat_boundaries=0 1
cat_threshold=445637140
is_linear=0
shrinkage=0.03


Tree=267
num_leaves=7
num_cat=3
split_feature=12 1 0 12 1 5
split_gain=2.57073 5.55137 4.60485 5.91392 4.20297 3.65394
threshold=0.073370377875970241 0 1 0.23620335316940458 2 -0.40546510810816411
decision_type=8 9 1 10 9 10
left_child=4 -2 -3 -4 -1 -6
right_child=1 2 3 -5 5 -7
leaf_value=0.00040787495994801758 -0.0012820607012427611 -0.00059297657725763064 0.0015600159038932392 -0.00038406822122928662 0.00099039427207354654 -0.00026673840891450103
leaf_weight=8368 2570 4676 2693 2453 1253 14147
leaf_count=8368 2570 4676 2693 2453 1253 14147
internal_value=-0.000131911 -0.000482208 -0.000156209 0.000462793 5.07376e-05 -0.000243333
internal_weight=36160 12392 9822 5146 23768 15400
internal_count=36160 12392 9822 5146 23768 15400
cat_boundaries=0 1 2 3
cat_threshold=80088240 2 34344116
is_linear=0
shrinkage=0.03


Tree=268
num_leaves=7
num_cat=1
split_feature=12 1 7 11 8 12
split_gain=3.31551 3.64737 3.53724 3.33029 3.51875 3.47956
threshold=0.18775525056712097 0 0.51171530371602902 0.2706063875813301 0.23962756546139466 0.024066513864776876
decision_type=8 9 10 10 8 10
left_child=1 2 -1 4 5 -3
right_child=-2 3 -4 -5 -6 -7
leaf_value=0.00037332312393728974 -0.00049797063084656978 -4.8937274062549228e-05 0.0043488417898591234 -0.0015349646284264903 0.00030721760953726982 -0.0010081730003254864
leaf_weight=8209 5983 9133 116 2556 7168 2819
leaf_count=8209 5983 9133 116 2556 7168 2819
internal_value=-9.87085e-05 2.98973e-05 0.000563219 -0.000175129 -3.92246e-05 -0.000354389
internal_weight=35984 30001 8325 21676 19120 11952
internal_count=35984 30001 8325 21676 19120 11952
cat_boundaries=0 1
cat_threshold=36178968
is_linear=0
shrinkage=0.03


Tree=269
num_leaves=7
num_cat=1
split_feature=5 1 8 4 14 2
split_gain=2.76391 3.47977 6.35444 3.59344 5.07465 6.18359
threshold=-0.44895720983105919 0 -0.34510083516509432 3.5000000000000004 0.06718098489430524 5.5000000000000009
decision_type=10 9 8 2 10 2
left_child=1 2 -1 4 -4 -6
right_child=-2 -3 3 -5 5 -7
leaf_value=0.0082313585060927643 -0.00011248882194040963 -0.00055761257327712149 -0.0016049749902816565 0.00014836849622886642 0.00019506794250635074 0.0029935254762093679
leaf_weight=113 33611 1016 144 917 136 191
leaf_count=113 33611 1016 144 917 136 191
internal_value=-8.53615e-05 0.000873311 0.00178373 0.00123542 0.00336229 0.00542378
internal_weight=36128 2517 1501 1388 471 327
internal_count=36128 2517 1501 1388 471 327
cat_boundaries=0 1
cat_threshold=272295258
is_linear=0
shrinkage=0.03


Tree=270
num_leaves=7
num_cat=3
split_feature=3 3 3 0 1 1
split_gain=3.00026 6.37441 5.7575 5.46229 8.5227 7.6836
threshold=3.5000000000000004 5.5000000000000009 4.5000000000000009 0 1 2
decision_type=2 2 2 1 9 9
left_child=-1 2 -2 4 -3 -5
right_child=1 3 -4 5 -6 -7
leaf_value=-0.00036180852135996342 3.4453080867896076e-05 0.00033057961134150927 0.0013279228451100614 0.001160418459079088 -0.00091442644261537922 -0.0004071990162833196
leaf_weight=8471 3125 3329 2775 5209 7513 5602
leaf_count=8471 3125 3329 2775 5209 7513 5602
internal_value=-8.02783e-05 7.15315e-05 0.000945602 -0.000166667 -0.000642443 0.000310488
internal_weight=36024 27553 5900 21653 10842 10811
internal_count=36024 27553 5900 21653 10842 10811
cat_boundaries=0 1 2 3
cat_threshold=2 11082776 303604284
is_linear=0
shrinkage=0.03


Tree=271
num_leaves=7
num_cat=0
split_feature=4 14 14 14 4 13
split_gain=2.54492 6.2079 10.4673 5.14549 5.53479 6.7968
threshold=7.5000000000000009 -0.097036652277354279 -0.096260719538901349 -0.3019931236561153 3.5000000000000004 0.091143940607181229
decision_type=2 8 8 8 2 10
left_child=3 -2 -3 -1 -5 -6
right_child=1 2 -4 4 5 -7
leaf_value=0.0076382720556741517 -0.00062888825241334161 0.0019863275204031945 0.00037753937935542411 0.00019483749898622379 -0.0010045526678833375 0.00034864099050901183
leaf_weight=127 4979 246 10101 8646 9230 2806
leaf_count=127 4979 246 10101 8646 9230 2806
internal_value=-8.50959e-05 0.000208259 0.000627077 -0.000301154 -0.00033825 -0.000754175
internal_weight=36135 15326 10347 20809 20682 12036
internal_count=36135 15326 10347 20809 20682 12036
is_linear=0
shrinkage=0.03


Tree=272
num_leaves=7
num_cat=2
split_feature=1 12 1 12 3 3
split_gain=2.79116 3.70761 3.56946 5.3732 3.13506 3.02124
threshold=0 0.14747942981788545 1 0.32431764201478425 10.500000000000002 8.5000000000000018
decision_type=9 8 9 8 2 2
left_child=-1 4 -3 -4 5 -2
right_child=1 2 3 -5 -6 -7
leaf_value=-0.00032802843108710087 0.00024878791102910409 -0.00074324633919409136 0.00076278974770878924 -0.001274630573029103 -0.00049848789062467279 0.00086951429829678695
leaf_weight=14654 9852 2620 2294 1584 2523 2519
leaf_count=14654 9852 2620 2294 1584 2523 2519
internal_value=-0.000113686 0.000104844 -0.000493 8.63968e-05 0.00036576 0.000562317
internal_weight=36046 21392 6498 3878 14894 12371
internal_count=36046 21392 6498 3878 14894 12371
cat_boundaries=0 1 2
cat_threshold=231957254 789712
is_linear=0
shrinkage=0.03


Tree=273
num_leaves=7
num_cat=3
split_feature=3 3 3 1 1 1
split_gain=2.53081 5.09429 4.65435 4.14582 3.9635 3.80567
threshold=2.5000000000000004 6.5000000000000009 4.5000000000000009 0 1 2
decision_type=2 2 2 9 9 9
left_child=-1 2 5 -4 -3 -2
right_child=1 4 3 -5 -6 -7
leaf_value=-0.00045614875579372347 -0.00069610272329744427 0.0001871573038445501 0.0015401147371655766 0.00029164835972047236 -0.00060996285513868569 0.00047048252031761233
leaf_weight=5768 2397 8043 2297 3566 10639 3472
leaf_count=5768 2397 8043 2297 3566 10639 3472
internal_value=-7.81037e-05 3.11681e-05 0.000521094 0.00111886 -0.000276509 -7.61506e-05
internal_weight=36182 30414 11732 5863 18682 5869
internal_count=36182 30414 11732 5863 18682 5869
cat_boundaries=0 1 2 3
cat_threshold=124846488 404601884 89892178
is_linear=0
shrinkage=0.03


Tree=274
num_leaves=7
num_cat=2
split_feature=7 14 1 8 11 1
split_gain=2.58171 5.90055 7.20758 6.23367 4.49078 4.35953
threshold=-0.017943563166502138 0.078547279112105614 0 0.1482338762445177 -0.036473761728089908 1
decision_type=10 10 9 10 8 9
left_child=1 -1 3 -3 5 -2
right_child=4 2 -4 -5 -6 -7
leaf_value=-5.0276491266837429e-05 -0.00025726239166592036 0.0016387435815514225 0.00017129971688790315 0.0038983505965875442 -0.00041178864307434395 0.001206557900739403
leaf_weight=15210 1766 758 1381 217 14998 1798
leaf_count=15210 1766 758 1381 217 14998 1798
internal_value=-9.94776e-05 0.000161211 0.00155791 0.0035142 -0.000346173 0.000610939
internal_weight=36128 17566 2356 975 18562 3564
internal_count=36128 17566 2356 975 18562 3564
cat_boundaries=0 1 2
cat_threshold=49676634 120683778
is_linear=0
shrinkage=0.03


Tree=275
num_leaves=7
num_cat=2
split_feature=3 3 3 0 1 3
split_gain=2.71894 3.93368 4.69328 4.65465 10.4578 9.26085
threshold=2.5000000000000004 6.5000000000000009 4.5000000000000009 0 1 10.500000000000002
decision_type=2 2 2 1 9 2
left_child=-1 2 -2 4 5 -3
right_child=1 3 -4 -5 -6 -7
leaf_value=-0.00044315219758491326 -7.4012791441234295e-05 0.0027061010023985872 0.00078960347273514958 0.00026715462344591216 -0.00070390156880703754 -0.00096282964987875433
leaf_weight=5762 5836 350 5748 9373 8846 170
leaf_count=5762 5836 350 5748 9373 8846 170
internal_value=-7.52376e-05 3.82858e-05 0.000472852 -0.000230364 -0.000703321 0.00338983
internal_weight=36085 30323 11584 18739 9366 520
internal_count=36085 30323 11584 18739 9366 520
cat_boundaries=0 1 2
cat_threshold=2 71680
is_linear=0
shrinkage=0.03


Tree=276
num_leaves=7
num_cat=1
split_feature=10 2 0 4 11 14
split_gain=2.60985 7.26235 4.76635 3.57004 3.41473 7.42292
threshold=0.15547817445197912 10.500000000000002 0 6.5000000000000009 0.29106896883942263 0.2306731728416074
decision_type=8 2 1 2 10 10
left_child=1 2 3 -1 5 -3
right_child=-2 4 -4 -5 -6 -7
leaf_value=-0.00098028469165566926 -0.0002230518266799357 0.0017916115212653772 0.00041994953151464894 7.4722330616463914e-05 -0.00084053816543008125 0.0054495673533663976
leaf_weight=3062 22458 1391 5746 2976 234 130
leaf_count=3062 22458 1391 5746 2976 234 130
internal_value=-8.72556e-05 0.000241727 -2.6475e-05 -0.000615003 0.00204157 0.00256045
internal_weight=35997 13539 11784 6038 1755 1521
internal_count=35997 13539 11784 6038 1755 1521
cat_boundaries=0 1
cat_threshold=2
is_linear=0
shrinkage=0.03


Tree=277
num_leaves=7
num_cat=2
split_feature=3 3 1 1 14 4
split_gain=2.49847 3.79648 4.10627 3.76912 3.18168 6.76173
threshold=2.5000000000000004 6.5000000000000009 0 1 0.0053391873014220831 6.5000000000000009
decision_type=2 2 9 9 8 2
left_child=-1 3 -3 -2 -5 -6
right_child=1 2 -4 4 5 -7
leaf_value=-0.00041193157325733265 -0.00014962039378357885 0.00017810169509215761 -0.00059416177967420026 0.00013167428337028213 0.00040256710169712294 0.002188355729563806
leaf_weight=5804 4258 8280 10473 3438 2550 1344
leaf_count=5804 4258 8280 10473 3438 2550 1344
internal_value=-9.85124e-05 1.0578e-05 -0.000253227 0.000437408 0.000848971 0.00143723
internal_weight=36147 30343 18753 11590 7332 3894
internal_count=36147 30343 18753 11590 7332 3894
cat_boundaries=0 1 2
cat_threshold=270482524 471506006
is_linear=0
shrinkage=0.03


Tree=278
num_leaves=7
num_cat=0
split_feature=13 11 7 13 12 4
split_gain=2.94281 2.7063 3.96414 4.3228 4.93843 3.12392
threshold=0.42020497906229864 0.25292598860556753 0.36372773570772449 0.070338006420797253 0.0015444903471832918 4.5000000000000009
decision_type=10 8 10 8 8 2
left_child=1 2 -1 -4 -5 -3
right_child=-2 5 3 4 -6 -7
leaf_value=-3.4990900390232135e-05 0.0040164123201521006 0.00025028505230816409 0.00029666172094411402 0.00049963478670214602 0.0041496255306792658 -0.00088262456046115192
leaf_weight=27201 101 2317 376 103 125 5761
leaf_count=27201 101 2317 376 103 125 5761
internal_value=-0.000117883 -0.000132344 8.09106e-06 0.00240992 0.00565939 -0.000615671
internal_weight=35984 35883 27805 604 228 8078
internal_count=35984 35883 27805 604 228 8078
is_linear=0
shrinkage=0.03


Tree=279
num_leaves=7
num_cat=0
split_feature=4 14 14 14 4 14
split_gain=2.68626 6.54311 3.44308 3.0695 3.06511 7.43226
threshold=1.5000000000000002 -0.054345570193398834 0.10789074906531612 0.079377900182278277 6.5000000000000009 -0.014029943399684284
decision_type=2 10 10 10 2 8
left_child=1 -1 3 -3 -2 -6
right_child=4 2 -4 -5 5 -7
leaf_value=-0.00038910600766340036 -0.00043352212993161819 0.0013345269550442806 1.9271749348034449e-06 0.0051073901027449201 -0.00032506387369378692 0.00064476069900830911
leaf_weight=1615 14680 835 427 123 10635 7743
leaf_count=1615 14680 835 427 123 10635 7743
internal_value=-0.000109654 0.000749749 0.0022619 0.00325964 -0.000187665 7.05145e-05
internal_weight=36058 3000 1385 958 33058 18378
internal_count=36058 3000 1385 958 33058 18378
is_linear=0
shrinkage=0.03


Tree=280
num_leaves=7
num_cat=0
split_feature=11 2 12 7 14 2
split_gain=2.69953 5.11926 3.28358 3.68703 4.75853 3.60288
threshold=-0.02156334724797215 9.5000000000000018 0.23620335316940458 0.072413676183187295 -0.014029943399684284 4.5000000000000009
decision_type=8 2 8 10 8 2
left_child=1 -1 3 4 5 -2
right_child=2 -3 -4 -5 -6 -7
leaf_value=-6.5696501812602474e-05 0.00028839194563453437 0.00092962952764526121 -0.00078782299415054464 -0.00049145836167469069 0.00059560514324144087 -0.00096094039760700523
leaf_weight=10140 1743 3076 3046 8995 5928 3193
leaf_count=10140 1743 3076 3046 8995 5928 3193
internal_value=-9.31019e-05 0.000248316 -0.000290099 -0.000149396 0.000222549 -0.000465466
internal_weight=36121 13216 22905 19859 10864 4936
internal_count=36121 13216 22905 19859 10864 4936
is_linear=0
shrinkage=0.03


Tree=281
num_leaves=7
num_cat=2
split_feature=11 1 14 1 3 12
split_gain=2.48827 4.56721 3.2223 2.23569 3.67743 2.81829
threshold=-0.52389194261985883 0 -0.050944257113328249 1 3.5000000000000004 0.16344403140761712
decision_type=8 9 8 9 2 8
left_child=1 -1 -3 4 -2 -5
right_child=3 2 -4 5 -6 -7
leaf_value=-0.0018452788660342152 -0.0010984397310475267 0.0048182007685399989 0.00041981779160859981 0.00013525963405350814 -0.0001396138409591526 -0.00042630194353776037
leaf_weight=252 2488 179 100 18991 8210 5862
leaf_count=252 2488 179 100 18991 8210 5862
internal_value=-0.000124879 0.00191165 0.00445862 -0.000155351 -0.000517696 8.4388e-07
internal_weight=36082 531 279 35551 10698 24853
internal_count=36082 531 279 35551 10698 24853
cat_boundaries=0 1 2
cat_threshold=1097780 491239938
is_linear=0
shrinkage=0.03


Tree=282
num_leaves=7
num_cat=1
split_feature=1 14 11 2 3 3
split_gain=2.51938 2.94945 3.85521 4.16621 3.15021 5.93692
threshold=0 -0.17016452810223601 -0.19629357956382429 9.5000000000000018 4.5000000000000009 8.5000000000000018
decision_type=9 8 8 2 2 2
left_child=1 -1 3 -3 -5 -6
right_child=-2 2 -4 4 5 -7
leaf_value=-0.0011766292878528123 7.4910080812635364e-05 0.00016227379103020292 -0.0002948396480956412 -0.00040942019536205376 0.00360943480783714 0.00093492558644883955
leaf_weight=1604 22512 1258 10288 130 143 150
leaf_count=1604 22512 1258 10288 130 143 150
internal_value=-8.43825e-05 -0.000407024 -0.000245364 0.00108621 0.00365802 0.00537755
internal_weight=36085 13573 11969 1681 423 293
internal_count=36085 13573 11969 1681 423 293
cat_boundaries=0 1
cat_threshold=89302982
is_linear=0
shrinkage=0.03


Tree=283
num_leaves=7
num_cat=1
split_feature=6 14 14 13 4 1
split_gain=2.93178 4.30847 10.2051 4.80772 4.30358 4.23812
threshold=-0.016681145255518889 -0.10780391234337601 -0.096260719538901349 -0.089244468661052193 10.500000000000002 0
decision_type=10 10 10 8 2 9
left_child=1 -1 4 -4 -3 -5
right_child=-2 2 3 5 -6 -7
leaf_value=-0.00031624649167724965 -0.00024780909385193261 0.0021796391575355711 -0.001893903873038356 0.0010516436115104808 0.0032480619767645594 7.0859108299988478e-05
leaf_weight=6956 19706 183 1074 3151 217 4740
leaf_count=6956 19706 183 1074 3151 217 4740
internal_value=-8.80156e-05 0.000209349 0.000629404 0.000419919 0.00531172 0.000676254
internal_weight=36027 16321 9365 8965 400 7891
internal_count=36027 16321 9365 8965 400 7891
cat_boundaries=0 1
cat_threshold=460336464
is_linear=0
shrinkage=0.03


Tree=284
num_leaves=7
num_cat=0
split_feature=14 8 4 4 14 14
split_gain=2.50735 3.83231 2.28778 6.28185 6.70332 5.81621
threshold=-0.32894240251914902 -0.18232155679395443 6.5000000000000009 3.5000000000000004 0.21091601974081706 -0.014029943399684284
decision_type=8 8 2 2 10 8
left_child=1 -1 3 -2 -5 -4
right_child=2 -3 5 4 -6 -7
leaf_value=0.010072825617322329 0.00017920565771818573 0.00044218875914068666 -0.00029843722915975815 -0.0015267678807637359 7.9503168213691078e-05 0.00056171554355795295
leaf_weight=107 8542 353 10195 5624 3427 7794
leaf_count=107 8542 353 10195 5624 3427 7794
internal_value=-0.000115862 0.00208243 -0.000144339 -0.000387576 -0.000938246 9.35513e-05
internal_weight=36042 460 35582 17593 9051 17989
internal_count=36042 460 35582 17593 9051 17989
is_linear=0
shrinkage=0.03


Tree=285
num_leaves=7
num_cat=0
split_feature=11 14 14 14 4 12
split_gain=2.64232 4.63342 5.19069 4.89472 3.88235 3.31982
threshold=0.25292598860556753 0.2306731728416074 0.23858294096093399 0.30882796144692409 4.5000000000000009 -0.21153684263169967
decision_type=8 10 10 10 2 8
left_child=1 -1 -3 -4 5 -2
right_child=4 2 3 -5 -6 -7
leaf_value=-3.6927888825942171e-06 0.0030680901437542159 0.002322187331299669 -0.0011007429824291179 0.0016722355098511955 -0.00078307150252782186 0.00017062006889804828
leaf_weight=26434 107 390 480 634 5912 2276
leaf_count=26434 107 390 480 634 5912 2276
internal_value=-5.24101e-05 8.71892e-05 0.00170631 0.000661883 -0.000522542 0.00049958
internal_weight=36233 27938 1504 1114 8295 2383
internal_count=36233 27938 1504 1114 8295 2383
is_linear=0
shrinkage=0.03


Tree=286
num_leaves=7
num_cat=1
split_feature=14 13 13 6 1 14
split_gain=2.76838 2.43515 4.29561 2.206 3.1005 2.68109
threshold=-0.48671587827248453 -0.18375091809285735 -0.17759774742925313 -0.09531017980432431 0 -0.13778715735331173
decision_type=8 8 8 10 9 10
left_child=-1 -2 -3 5 -5 -4
right_child=1 2 3 4 -6 -7
leaf_value=0.0084340222901591651 -0.0018013375015220397 0.0033220925643162457 -0.0002832741282352104 -0.00046634260121853916 1.5018830207330941e-06 0.00048932161092103059
leaf_weight=138 703 144 4239 8517 15633 6977
leaf_count=138 703 144 4239 8517 15633 6977
internal_value=-8.17844e-05 -9.80015e-05 -6.33614e-05 -8.44863e-05 -0.000245953 0.000263171
internal_weight=36351 36213 35510 35366 24150 11216
internal_count=36351 36213 35510 35366 24150 11216
cat_boundaries=0 1
cat_threshold=85401538
is_linear=0
shrinkage=0.03


Tree=287
num_leaves=7
num_cat=1
split_feature=11 1 4 4 13 14
split_gain=2.47957 5.76873 2.70557 6.87352 7.71638 8.89291
threshold=-0.52389194261985883 0 6.5000000000000009 3.5000000000000004 0.091143940607181229 -0.13542756738202963
decision_type=8 9 2 2 10 8
left_child=1 -1 3 -2 5 -5
right_child=2 -3 -4 4 -6 -7
leaf_value=0.038711681119078495 0.00020411689959939791 0.00030495043693829686 0.00013373615579739416 0.0033043582261248041 0.00028019823426922577 -0.0015336620333967113
leaf_weight=109 8366 456 18224 128 2628 6256
leaf_count=109 8366 456 18224 128 2628 6256
internal_value=-3.54188e-05 0.00193463 -6.67367e-05 -0.000334542 -0.000909354 -0.00147251
internal_weight=36167 565 35602 17378 9012 6384
internal_count=36167 565 35602 17378 9012 6384
cat_boundaries=0 1
cat_threshold=269230088
is_linear=0
shrinkage=0.03


Tree=288
num_leaves=7
num_cat=2
split_feature=14 6 1 14 1 5
split_gain=2.76718 2.80021 3.2187 2.65967 4.38975 3.41732
threshold=0.65680156598635808 -0.013763705145956704 0 -0.17016452810223601 1 -0.096361477306749141
decision_type=10 10 9 10 9 8
left_child=1 3 -3 -1 5 -5
right_child=-2 2 -4 4 -6 -7
leaf_value=-0.000281341758400026 0.0036219405525778616 -0.00058244876558029811 -3.3845248558901142e-05 -6.2628079300139979e-05 -5.1101457730308074e-05 0.001078147981094707
leaf_weight=4752 103 6487 13172 1575 6486 3620
leaf_count=4752 103 6487 13172 1575 6486 3620
internal_value=-6.92073e-05 -8.32856e-05 -0.000324874 0.000205731 0.000449152 0.00109777
internal_weight=36195 36092 19659 16433 11681 5195
internal_count=36195 36092 19659 16433 11681 5195
cat_boundaries=0 1 2
cat_threshold=85114690 37403472
is_linear=0
shrinkage=0.03


Tree=289
num_leaves=7
num_cat=3
split_feature=11 7 1 1 7 0
split_gain=2.56373 3.40748 3.53756 3.24465 6.54181 3.36643
threshold=0.25292598860556753 0.36372773570772449 0 1 -0.34092658697059303 2
decision_type=8 10 9 9 10 1
left_child=1 -1 -3 4 5 -2
right_child=3 2 -4 -5 -6 -7
leaf_value=-1.796124396153434e-05 0.00019581167544386769 -0.00074747586540392901 0.0025246266606161285 -0.00099785532752678517 -0.00039566939391564074 0.0034343896613845
leaf_weight=27383 337 234 402 5425 1993 450
leaf_count=27383 337 234 402 5425 1993 450
internal_value=-0.000120415 1.61663e-05 0.00218524 -0.000586766 0.000247223 0.00256218
internal_weight=36224 28019 636 8205 2780 787
internal_count=36224 28019 636 8205 2780 787
cat_boundaries=0 1 2 3
cat_threshold=4370736 297534546 2
is_linear=0
shrinkage=0.03


Tree=290
num_leaves=7
num_cat=1
split_feature=4 4 14 13 13 1
split_gain=2.17892 6.28206 13.9427 7.57419 9.32712 6.12215
threshold=6.5000000000000009 3.5000000000000004 -0.13542756738202963 0.091143940607181229 0.099101630094850818 0
decision_type=2 2 8 10 10 9
left_child=1 -1 -3 -4 5 -5
right_child=-2 2 3 4 -6 -7
leaf_value=0.0001970308785098131 0.0001116748741451969 0.0070588898255162938 -0.0014516177009192127 0.0031396103851937243 -0.0004838685322294931 0.00045617842554279589
leaf_weight=8607 18463 154 6346 234 2077 344
leaf_count=8607 18463 154 6346 234 2077 344
internal_value=-8.57126e-05 -0.000322919 -0.000869922 -0.00102344 0.000321912 0.00368912
internal_weight=36225 17762 9155 9001 2655 578
internal_count=36225 17762 9155 9001 2655 578
cat_boundaries=0 1
cat_threshold=34341194
is_linear=0
shrinkage=0.03


Tree=291
num_leaves=7
num_cat=1
split_feature=13 4 4 9 1 11
split_gain=2.57798 2.5374 4.63972 6.4345 7.58946 4.35861
threshold=0.42020497906229864 7.5000000000000009 3.5000000000000004 -0.29151107463886156 0 -0.27877858438069353
decision_type=10 2 2 10 9 8
left_child=1 2 3 4 -1 -4
right_child=-2 -3 5 -5 -6 -7
leaf_value=0.0022343630397233289 0.0036692739711858048 0.00010391848904526218 0.00055207481511137439 -0.00030494878089109022 0.00025201174541818639 -0.00077318126092919628
leaf_weight=711 102 15347 1054 5404 2459 11080
leaf_count=711 102 15347 1054 5404 2459 11080
internal_value=-0.000137481 -0.000151016 -0.000367667 0.00016653 0.00123936 -0.000745118
internal_weight=36157 36055 20708 8574 3170 12134
internal_count=36157 36055 20708 8574 3170 12134
cat_boundaries=0 1
cat_threshold=210305104
is_linear=0
shrinkage=0.03


Tree=292
num_leaves=7
num_cat=0
split_feature=13 4 14 14 2 13
split_gain=2.56389 2.35104 6.51204 3.50754 3.09312 3.15492
threshold=0.42020497906229864 1.5000000000000002 -0.054345570193398834 0.10516847805355602 2.5000000000000004 0.048548765919518518
decision_type=10 2 10 10 2 10
left_child=1 2 -1 4 -4 -6
right_child=-2 -3 3 -5 5 -7
leaf_value=-0.00041422983179507738 0.0036382423536828316 -0.00012143462205117197 -0.00041344313695140713 7.8272203931873435e-05 0.0027132293963432553 6.8575494293971585e-05
leaf_weight=1597 107 32899 160 477 624 158
leaf_count=1597 107 32899 160 477 624 158
internal_value=-8.76114e-05 -0.000101488 0.000700032 0.00217817 0.0032386 0.00401532
internal_weight=36022 35915 3016 1419 942 782
internal_count=36022 35915 3016 1419 942 782
is_linear=0
shrinkage=0.03


Tree=293
num_leaves=7
num_cat=1
split_feature=13 11 14 14 1 4
split_gain=2.57731 2.16937 3.38209 7.11648 5.27213 3.22879
threshold=0.42020497906229864 0.25292598860556753 0.2306731728416074 0.23858294096093399 0 4.5000000000000009
decision_type=10 8 10 10 9 2
left_child=1 2 -1 4 -4 -3
right_child=-2 5 3 -5 -6 -7
leaf_value=-2.9356506444951997e-05 0.0039672613926919429 0.00026626698146083868 0.0039185793654886751 6.4502690117813861e-05 0.0013251790308512759 -0.00077055037843474659
leaf_weight=26497 101 2307 110 1055 281 5831
leaf_count=26497 101 2307 110 1055 281 5831
internal_value=-8.55658e-05 -9.90252e-05 2.65166e-05 0.00143884 0.00489031 -0.000530041
internal_weight=36182 36081 27943 1446 391 8138
internal_count=36182 36081 27943 1446 391 8138
cat_boundaries=0 1
cat_threshold=34079016
is_linear=0
shrinkage=0.03


Tree=294
num_leaves=7
num_cat=2
split_feature=14 11 1 1 7 14
split_gain=3.21533 2.45492 3.56994 2.94991 3.21402 5.91671
threshold=0.65680156598635808 0.051013441529631727 0 1 0.072413676183187295 0.078547279112105614
decision_type=10 8 9 9 10 10
left_child=1 2 -1 -3 5 -5
right_child=-2 3 -4 4 -6 -7
leaf_value=-0.00046809204404733244 0.004174048161169043 -0.0005310240187776273 0.00024924563634585518 -5.2563747311165476e-05 -0.00049639918964206585 0.0017990444460648182
leaf_weight=3906 102 7736 13795 3985 5361 1314
leaf_count=3906 102 7736 13795 3985 5361 1314
internal_value=-0.000108481 -0.000123581 0.000128629 -0.000366256 -4.21711e-05 0.000481697
internal_weight=36199 36097 17701 18396 10660 5299
internal_count=36199 36097 17701 18396 10660 5299
cat_boundaries=0 1 2
cat_threshold=95682818 407615076
is_linear=0
shrinkage=0.03


Tree=295
num_leaves=7
num_cat=3
split_feature=12 1 1 0 12 12
split_gain=2.66039 4.16499 3.96522 3.67785 5.40021 3.38362
threshold=0.13605256361529608 0 1 2 0.39401712892274349 0.13237563245815889
decision_type=8 9 9 1 10 10
left_child=1 -1 3 -2 -5 -3
right_child=2 5 -4 4 -6 -7
leaf_value=-0.00023887051752460181 -0.0007167050899485383 0.00025444173133693188 -0.00083826375926515683 0.0010329990536458648 -0.0016076169997724682 0.002851832086426918
leaf_weight=13243 2544 14216 2879 2456 584 202
leaf_count=13243 2544 14216 2879 2456 584 202
internal_value=-8.50388e-05 5.73704e-05 -0.00055045 -8.25744e-05 0.000621505 0.000410007
internal_weight=36124 27661 8463 5584 3040 14418
internal_count=36124 27661 8463 5584 3040 14418
cat_boundaries=0 1 2 3
cat_threshold=500359430 438362476 2
is_linear=0
shrinkage=0.03


Tree=296
num_leaves=7
num_cat=2
split_feature=14 3 3 3 1 1
split_gain=2.94553 2.74566 4.12026 4.73176 4.97305 4.42851
threshold=0.65680156598635808 2.5000000000000004 6.5000000000000009 4.5000000000000009 0 1
decision_type=10 2 2 2 9 9
left_child=1 -1 3 4 -3 -4
right_child=-2 2 5 -5 -6 -7
leaf_value=-0.00046838924324779787 0.0043652007813291373 -0.00080213297829307784 0.00018117830238693121 0.00073468893518702292 0.00054433825958534292 -0.00057342969883049236
leaf_weight=5803 100 2614 8427 5717 3175 10398
leaf_count=5803 100 2614 8427 5717 3175 10398
internal_value=-6.65662e-05 -8.08641e-05 3.35282e-05 0.00048075 -0.000123835 -0.000239829
internal_weight=36234 36134 30331 11506 5789 18825
internal_count=36234 36134 30331 11506 5789 18825
cat_boundaries=0 1 2
cat_threshold=358196506 403553880
is_linear=0
shrinkage=0.03


Tree=297
num_leaves=7
num_cat=1
split_feature=4 14 2 11 0 12
split_gain=2.73876 5.56666 4.06639 5.08543 5.38163 6.13807
threshold=7.5000000000000009 -0.014029943399684284 4.5000000000000009 0.33541475255881853 0 0.22383816900904654
decision_type=2 8 2 10 1 10
left_child=-1 -2 -3 4 -4 -6
right_child=1 2 3 -5 5 -7
leaf_value=-0.00026043400057479789 -0.00019230865412992742 -0.00011496079699103359 0.00036933190879867312 -0.001817822812274755 0.0032902203302549349 -0.0010508816764684121
leaf_weight=20746 8899 2263 1638 465 1907 275
leaf_count=20746 8899 2263 1638 465 1907 275
internal_value=-0.000127066 0.000175362 0.000839211 0.00138241 0.001743 0.00271828
internal_weight=36193 15447 6548 4285 3820 2182
internal_count=36193 15447 6548 4285 3820 2182
cat_boundaries=0 1
cat_threshold=2
is_linear=0
shrinkage=0.03


Tree=298
num_leaves=7
num_cat=1
split_feature=4 14 14 4 14 1
split_gain=2.39896 6.94135 3.91562 3.67208 4.61577 5.21597
threshold=1.5000000000000002 -0.054345570193398834 0.10516847805355602 6.5000000000000009 -0.014029943399684284 0
decision_type=2 10 10 2 8 9
left_child=1 -1 -3 -2 5 -5
right_child=3 2 -4 4 -6 -7
leaf_value=-0.00037978683063969978 -0.00045701107435973983 0.0018439262794247638 2.4058107103667859e-05 -0.00093217838433306318 0.00053983237789624909 0.00012543897535641072
leaf_weight=1600 14747 906 472 3593 7826 6941
leaf_count=1600 14747 906 472 3593 7826 6941
internal_value=-0.000108492 0.000706948 0.00226686 -0.00018186 0.000101301 -0.000308686
internal_weight=36085 2978 1378 33107 18360 10534
internal_count=36085 2978 1378 33107 18360 10534
cat_boundaries=0 1
cat_threshold=484517766
is_linear=0
shrinkage=0.03


Tree=299
num_leaves=7
num_cat=2
split_feature=3 1 14 10 12 1
split_gain=2.49302 4.24756 3.10495 4.74203 3.2183 4.18217
threshold=10.500000000000002 0 -0.43978542759699907 0.78846008765683229 0.16344403140761712 1
decision_type=2 9 8 8 8 9
left_child=2 -2 3 -1 5 -4
right_child=1 -3 4 -5 -6 -7
leaf_value=0.0092071640908879711 -0.0012425389503311318 -0.0001191219803111803 -0.00016726576013208864 -0.0018904790513448631 -0.00051252788295035425 0.00036165719395269238
leaf_weight=100 1901 4373 11065 100 5674 12909
leaf_count=100 1901 4373 11065 100 5674 12909
internal_value=-9.89958e-05 -0.000642551 1.52762e-05 0.00373134 -9.91673e-06 0.000142147
internal_weight=36122 6274 29848 200 29648 23974
internal_count=36122 6274 29848 200 29648 23974
cat_boundaries=0 1 2
cat_threshold=55744 499557154
is_linear=0
shrinkage=0.03


end of trees

feature_importances:
market=332
nat_r3=245
dev24=223
m_T=195
prem=178
g=128
m_L=124
nat_r1=99
crop=52
r12=51
seas12=37
r1=36
seas24=35
r3=34
r2=31

parameters:
[boosting: gbdt]
[objective: quantile]
[metric: quantile]
[tree_learner: serial]
[device_type: cpu]
[data_sample_strategy: bagging]
[data: ]
[valid: ]
[num_iterations: 300]
[learning_rate: 0.03]
[num_leaves: 7]
[num_threads: 10]
[seed: 0]
[deterministic: 0]
[force_col_wise: 0]
[force_row_wise: 0]
[histogram_pool_size: -1]
[max_depth: -1]
[min_data_in_leaf: 100]
[min_sum_hessian_in_leaf: 0.001]
[bagging_fraction: 0.8]
[pos_bagging_fraction: 1]
[neg_bagging_fraction: 1]
[bagging_freq: 1]
[bagging_seed: 7719]
[bagging_by_query: 0]
[feature_fraction: 0.8]
[feature_fraction_bynode: 1]
[feature_fraction_seed: 2437]
[extra_trees: 0]
[extra_seed: 11797]
[early_stopping_round: 0]
[early_stopping_min_delta: 0]
[first_metric_only: 0]
[max_delta_step: 0]
[lambda_l1: 0]
[lambda_l2: 1]
[linear_lambda: 0]
[min_gain_to_split: 0]
[drop_rate: 0.1]
[max_drop: 50]
[skip_drop: 0.5]
[xgboost_dart_mode: 0]
[uniform_drop: 0]
[drop_seed: 21238]
[top_rate: 0.2]
[other_rate: 0.1]
[min_data_per_group: 100]
[max_cat_threshold: 32]
[cat_l2: 10]
[cat_smooth: 10]
[max_cat_to_onehot: 4]
[top_k: 20]
[monotone_constraints: ]
[monotone_constraints_method: basic]
[monotone_penalty: 0]
[feature_contri: ]
[forcedsplits_filename: ]
[refit_decay_rate: 0.9]
[cegb_tradeoff: 1]
[cegb_penalty_split: 0]
[cegb_penalty_feature_lazy: ]
[cegb_penalty_feature_coupled: ]
[path_smooth: 0]
[interaction_constraints: ]
[verbosity: -1]
[saved_feature_importance_type: 0]
[use_quantized_grad: 0]
[num_grad_quant_bins: 4]
[quant_train_renew_leaf: 0]
[stochastic_rounding: 1]
[linear_tree: 0]
[max_bin: 255]
[max_bin_by_feature: ]
[min_data_in_bin: 3]
[bin_construct_sample_cnt: 200000]
[data_random_seed: 38]
[is_enable_sparse: 1]
[enable_bundle: 1]
[use_missing: 1]
[zero_as_missing: 0]
[feature_pre_filter: 1]
[pre_partition: 0]
[two_round: 0]
[header: 0]
[label_column: ]
[weight_column: ]
[group_column: ]
[ignore_column: ]
[categorical_feature: 0,1]
[forcedbins_filename: ]
[precise_float_parser: 0]
[parser_config_file: ]
[objective_seed: 8855]
[num_class: 1]
[is_unbalance: 0]
[scale_pos_weight: 1]
[sigmoid: 1]
[boost_from_average: 1]
[reg_sqrt: 0]
[alpha: 0.9]
[fair_c: 1]
[poisson_max_delta_step: 0.7]
[tweedie_variance_power: 1.5]
[lambdarank_truncation_level: 30]
[lambdarank_norm: 1]
[label_gain: ]
[lambdarank_position_bias_regularization: 0]
[eval_at: ]
[multi_error_top_k: 1]
[auc_mu_weights: ]
[num_machines: 1]
[local_listen_port: 12400]
[time_out: 120]
[machine_list_filename: ]
[machines: ]
[gpu_platform_id: -1]
[gpu_device_id: -1]
[gpu_device_id_list: ]
[gpu_use_dp: 0]
[num_gpu: 1]

end of parameters

pandas_categorical:[["maize", "beans"], ["Arua", "Busia", "Fort Portal", "Gulu", "Hoima", "Iganga", "Jinja", "Kaabong", "Kapchorwa", "Karenga", "Karita", "Kasese", "Kiboga", "Kotido", "Lira", "Makaratin", "Masaka", "Masindi", "Mbale", "Mbarara", "Moroto", "Mukono", "Nabilatuk", "Namalu", "Napak", "Owino", "Soroti", "Tororo", "Wakiso"]]
