tree
version=v4
num_class=1
num_tree_per_iteration=1
label_index=0
max_feature_idx=14
objective=quantile
feature_names=crop market g m_T m_L r1 r2 r3 r12 seas12 seas24 dev24 prem nat_r1 nat_r3
feature_infos=-1:1:0 -1:25:14:3:19:5:8:6:7:13:15:23:18:10:4:11:16:2:1:20:27:17:26:22:9:24:21:28:12 [1:12] [1:12] [1:12] [-6.4150969591715956:6.2971093199339352] [-6.2146080984221914:6.3969296552161463] [-6.363028103540465:6.3969296552161463] [-6.3969296552161463:6.620073206530356] [-6.620073206530356:6.6970342476664841] [-6.620073206530356:6.6970342476664841] [-6.2418236259844848:0.92116425468978314] [-5.6810875365539726:0.77253746233871912] [-0.43769026763160562:0.56701991109726224] [-1.4039351944644534:0.76376528169911651]
tree_sizes=780 810 809 820 825 805 833 808 811 794 828 827 831 815 827 806 799 809 812 798 806 830 798 812 804 800 823 820 814 822 814 832 823 803 800 820 818 798 817 816 812 808 808 827 827 815 840 805 803 817 814 802 809 830 801 809 818 826 811 833 817 834 813 819 829 817 818 817 816 827 835 824 826 820 817 836 832 810 814 820 836 823 813 832 818 807 828 832 817 819 835 811 831 826 805 813 817 812 825 820 832 825 825 816 820 830 825 817 834 829 828 832 816 835 834 834 826 819 807 810 825 814 827 830 827 825 832 832 838 820 832 827 810 824 821 846 807 815 822 819 809 833 829 826 807 814 824 821 840 813 809 808 806 831 836 836 843 834 822 803 830 823 819 821 813 816 831 817 835 831 830 802 809 837 816 807 815 814 829 830 803 831 818 809 825 829 828 834 812 846 814 840 819 830 810 823 838 814 818 826 814 803 805 807 832 821 821 817 835 807 818 834 815 834 829 821 820 823 830 828 829 820 813 830 814 816 840 806 827 825 828 824 834 811 822 821 837 831 829 824 822 829 831 836 807 823 812 820 833 835 806 797 812 814 807 813 812 831 808 817 827 807 829 828 816 837 823 847 815 808 822 836 805 799 826 842 833 812 801 808 837 829 814 804 838 803 825 822 820 817 834 814 833 828 830 833 823 835 824 817

Tree=0
num_leaves=7
num_cat=0
split_feature=7 2 13 13 13 12
split_gain=80.0466 23.7953 22.1829 43.3069 23.6158 18.396
threshold=0.26747987533808321 3.5000000000000004 -0.1087002213908326 -0.12125964492891932 -0.12013673608311015 0.17434446353625835
decision_type=10 2 8 10 10 10
left_child=1 -1 3 -3 -5 -4
right_child=-2 2 5 4 -6 -7
leaf_value=-0.31870691889074104 -0.32693977222377724 -0.32314443659516473 -0.32118545025587081 -0.33506194598273875 -0.32548099053904544 -0.32508871078332841
leaf_weight=8744 4097 1215 18750 197 176 3121
leaf_count=8744 4097 1215 18750 197 176 3121
internal_value=-0.322206 -0.321703 -0.322201 -0.325624 -0.334551 -0.321953
internal_weight=36300 32203 23459 1588 373 21871
internal_count=36300 32203 23459 1588 373 21871
is_linear=0
shrinkage=1


Tree=1
num_leaves=7
num_cat=2
split_feature=11 0 2 0 11 2
split_gain=133.371 39.3899 30.1517 29.8258 36.1718 29.9713
threshold=0.17206090249802489 0 3.5000000000000004 1 -0.015178990301058624 7.5000000000000009
decision_type=10 1 2 1 10 2
left_child=3 -2 -3 -1 -5 -6
right_child=1 2 -4 4 5 -7
leaf_value=0.0039313189136216268 -0.0013270935323433731 -0.0018217675883466964 -0.0075667606095145157 0.0019984176147839531 -0.00033851351465366569 -0.0078416599813192923
leaf_weight=13986 4346 1313 3460 8912 2600 1645
leaf_count=13986 4346 1313 3460 8912 2600 1645
internal_value=1.34022e-05 -0.00312533 -0.00500649 0.00106797 4.26358e-05 -0.00223622
internal_weight=36262 9119 4773 27143 13157 4245
internal_count=36262 9119 4773 27143 13157 4245
cat_boundaries=0 1 2
cat_threshold=2 2
is_linear=0
shrinkage=0.03


Tree=2
num_leaves=7
num_cat=3
split_feature=11 1 0 11 2 1
split_gain=125.682 44.6411 35.9692 56.8447 42.568 37.2235
threshold=0.24641175140547536 0 1 0.0023323424366328287 7.5000000000000009 2
decision_type=10 9 1 10 2 9
left_child=2 -2 -1 -4 -5 -6
right_child=1 -3 3 4 5 -7
leaf_value=0.003239990630903156 -0.0090178289975503222 -0.0028949694847620212 0.0019703929645950068 -0.00098955676018050399 -0.011571577744185917 -0.0053219827373581904
leaf_weight=15965 1057 4743 9401 3032 495 1444
leaf_count=15965 1057 4743 9401 3032 495 1444
internal_value=3.7938e-05 -0.00400793 0.000811557 -0.000277186 -0.00287148 -0.00634175
internal_weight=36137 5800 30337 14372 4971 1939
internal_count=36137 5800 30337 14372 4971 1939
cat_boundaries=0 1 2 3
cat_threshold=164700800 2 357835830
is_linear=0
shrinkage=0.03


Tree=3
num_leaves=7
num_cat=2
split_feature=11 1 7 11 1 12
split_gain=117.336 42.5512 25.732 21.9222 23.5127 20.4166
threshold=0.17206090249802489 0 0.26747987533808321 0.0023323424366328287 1 0.11441314649183011
decision_type=10 9 10 10 9 10
left_child=3 -2 -3 -1 5 -5
right_child=1 2 -4 4 -6 -7
leaf_value=0.0035309452241683486 -0.0080527528716718352 -0.0013760866286875201 -0.0049500973567315285 -0.0025976249057653843 0.00072862240535139519 -0.013070237821821937
leaf_weight=17406 1107 5442 2462 704 8760 250
leaf_count=17406 1107 5442 2462 704 8760 250
internal_value=4.32582e-05 -0.00292244 -0.00213999 0.00102872 -0.000113021 -0.00455751
internal_weight=36131 9011 7904 27120 9714 954
internal_count=36131 9011 7904 27120 9714 954
cat_boundaries=0 1 2
cat_threshold=30486528 26284050
is_linear=0
shrinkage=0.03


Tree=4
num_leaves=7
num_cat=1
split_feature=7 0 13 14 8 14
split_gain=69.7539 53.2019 18.0899 37.1259 17.8663 15.3885
threshold=0.26747987533808321 0 -0.1087002213908326 -0.048273083442673795 -0.19177349900101734 -0.21807365200246628
decision_type=10 1 8 10 8 8
left_child=1 -1 3 -3 5 -4
right_child=-2 2 4 -5 -6 -7
leaf_value=0.0028754182538089832 -0.0042010560948986825 -0.0015798140942792267 -0.0022987635240954069 -0.0095599127825894987 -0.002019734369171495 0.0035910302107995912
leaf_weight=16601 4054 1301 394 339 9456 4005
leaf_count=16601 4054 1301 394 339 9456 4005
internal_value=6.30689e-05 0.000531452 -0.00073277 -0.00371115 -0.00037998 0.00119932
internal_weight=36150 32096 15495 1640 13855 4399
internal_count=36150 32096 15495 1640 13855 4399
cat_boundaries=0 1
cat_threshold=2
is_linear=0
shrinkage=0.03


Tree=5
num_leaves=7
num_cat=3
split_feature=11 1 0 11 1 2
split_gain=107.964 43.1098 30.596 40.7807 37.3395 27.4727
threshold=0.22024184044151876 0 1 0.0023323424366328287 2 7.5000000000000009
decision_type=10 9 1 10 9 2
left_child=2 -2 -1 -4 5 -5
right_child=1 -3 3 4 -6 -7
leaf_value=0.0033310344241045944 -0.0081819963190070677 -0.002526785249821974 0.0016002348155573253 -0.0052559547750125404 -0.0017445299864124039 -0.011118629859885277
leaf_weight=15179 1156 5755 9374 686 3614 415
leaf_count=15179 1156 5755 9374 686 3614 415
internal_value=6.5423e-05 -0.00330686 0.000861799 -0.000144996 -0.00242048 -0.00722752
internal_weight=36179 6911 29268 14089 4715 1101
internal_count=36179 6911 29268 14089 4715 1101
cat_boundaries=0 1 2 3
cat_threshold=97596032 2 357831222
is_linear=0
shrinkage=0.03


Tree=6
num_leaves=7
num_cat=1
split_feature=7 2 13 14 1 8
split_gain=58.4286 22.9938 20.307 32.586 16.1896 18.7226
threshold=0.26118929475201386 4.5000000000000009 -0.1087002213908326 -0.048273083442673795 0 0.2433225136702766
decision_type=10 2 8 10 9 10
left_child=1 -1 3 -3 -2 -6
right_child=4 2 -4 -5 5 -7
leaf_value=0.0029512959501754757 -0.0066517909861514776 -0.0014441847538637831 0.00031170259413516047 -0.0095460168922062213 0.00019102592615197255 -0.0050395758018105209
leaf_weight=11340 1485 1133 19223 242 1691 1099
leaf_count=11340 1485 1133 19223 242 1691 1099
internal_value=9.05452e-05 0.000531451 -6.58283e-05 -0.00358648 -0.00320276 -0.00183149
internal_weight=36213 31938 20598 1375 4275 2790
internal_count=36213 31938 20598 1375 4275 2790
cat_boundaries=0 1
cat_threshold=226505276
is_linear=0
shrinkage=0.03


Tree=7
num_leaves=7
num_cat=3
split_feature=11 1 0 11 1 2
split_gain=96.0287 39.6787 30.0333 38.4319 28.0828 21.3574
threshold=0.22024184044151876 0 1 -0.12574695785839338 2 8.5000000000000018
decision_type=10 9 1 8 9 2
left_child=2 -2 -1 -4 5 -5
right_child=1 -3 3 4 -6 -7
leaf_value=0.0031216792460532048 -0.0079458875090025749 -0.00241652275754095 0.0030150784860494195 -0.0033759033433307249 -0.00038728310976693045 -0.0092248698545490775
leaf_weight=15266 1096 5818 5662 1840 5746 825
leaf_count=15266 1096 5818 5662 1840 5746 825
internal_value=8.87903e-05 -0.00309154 0.000838344 -0.000161361 -0.00144757 -0.00398543
internal_weight=36253 6914 29339 14073 8411 2665
internal_count=36253 6914 29339 14073 8411 2665
cat_boundaries=0 1 2 3
cat_threshold=97595520 2 356929590
is_linear=0
shrinkage=0.03


Tree=8
num_leaves=7
num_cat=2
split_feature=0 2 8 1 14 10
split_gain=56.5454 35.132 31.2393 28.8384 19.2496 18.7564
threshold=0 4.5000000000000009 -0.19703486420227453 1 -0.21807365200246628 0.32542240043462872
decision_type=1 2 8 9 8 8
left_child=-1 -2 4 5 -3 -4
right_child=1 2 3 -5 -6 -7
leaf_value=0.0021132854441123189 0.0011306998346508866 -0.0027423518969136493 -0.0034084055761192727 -0.0025745670097311042 0.0024607230171726229 -0.0087880853143617391
leaf_weight=18378 6418 434 961 5478 2894 1798
leaf_count=18378 6418 434 961 5478 2894 1798
internal_value=0.000125488 -0.00107045 -0.00205819 -0.00304916 0.000394713 -0.00554621
internal_weight=36361 17983 11565 8237 3328 2759
internal_count=36361 17983 11565 8237 3328 2759
cat_boundaries=0 1 2
cat_threshold=2 492204054
is_linear=0
shrinkage=0.03


Tree=9
num_leaves=7
num_cat=4
split_feature=11 1 0 0 11 1
split_gain=96.0707 37.5438 32.9609 22.1493 28.111 35.9392
threshold=0.17206090249802489 0 1 2 0.0023323424366328287 3
decision_type=10 9 1 1 10 9
left_child=3 -2 -3 -1 -5 -6
right_child=1 2 -4 4 5 -7
leaf_value=0.0033350446370255297 -0.007154292127580935 0.00028098899811620874 -0.0043316268426643175 0.0016283950349977765 -0.0095733375685059068 -0.0015163266642575189
leaf_weight=13898 1089 3678 4319 9342 571 3183
leaf_count=13898 1089 3678 4319 9342 571 3183
internal_value=0.000121394 -0.00254671 -0.00182555 0.00101952 0.000134229 -0.00205806
internal_weight=36080 9086 7997 26994 13096 3754
internal_count=36080 9086 7997 26994 13096 3754
cat_boundaries=0 1 2 3 4
cat_threshold=30486528 2 2 357826582
is_linear=0
shrinkage=0.03


Tree=10
num_leaves=7
num_cat=2
split_feature=11 1 11 1 9 12
split_gain=87.1803 45.03 24.7552 21.5645 18.1176 17.9911
threshold=0.22024184044151876 0 0.0023323424366328287 1 -0.08901612999961904 0.11441314649183011
decision_type=10 9 10 9 8 10
left_child=2 4 -1 5 -2 -4
right_child=1 -3 3 -5 -6 -7
leaf_value=0.0030675957128902306 -0.011767228238172986 -0.0019162076800759793 -0.0029890540191661553 0.00047121550274275257 -0.0060571771098974353 -0.0093957336024717113
leaf_weight=17348 175 5615 1048 10565 1108 287
leaf_count=17348 175 5615 1048 10565 1108 287
internal_value=0.000136609 -0.00289694 0.000852132 -0.000201664 -0.00794513 -0.00377786
internal_weight=36146 6898 29248 11900 1283 1335
internal_count=36146 6898 29248 11900 1283 1335
cat_boundaries=0 1 2
cat_threshold=231813760 30478354
is_linear=0
shrinkage=0.03


Tree=11
num_leaves=7
num_cat=1
split_feature=11 0 11 2 14 10
split_gain=84.6527 30.391 38.2331 31.7565 23.5169 22.1965
threshold=0.24641175140547536 0 -0.015178990301058624 6.5000000000000009 -0.21807365200246628 0.018999571950734765
decision_type=10 1 10 2 8 8
left_child=1 -1 4 -4 -3 -5
right_child=-2 2 3 5 -6 -7
leaf_value=0.0028281342847863559 -0.0034980281329084961 -0.0022166530372985274 -3.355219835783996e-05 -0.0012251533889973945 0.0029519637891764847 -0.0073302691817513426
leaf_weight=15944 5848 1020 2844 792 7948 1762
leaf_count=15944 5848 1020 2844 792 7948 1762
internal_value=0.000128433 0.000766059 -0.000234704 -0.0022293 0.000965994 -0.00465675
internal_weight=36158 30310 14366 5398 8968 2554
internal_count=36158 30310 14366 5398 8968 2554
cat_boundaries=0 1
cat_threshold=2
is_linear=0
shrinkage=0.03


Tree=12
num_leaves=7
num_cat=1
split_feature=11 1 11 6 11 2
split_gain=81.6864 34.3583 23.2181 19.7213 16.0478 15.4492
threshold=0.077804645507583828 0 0.23618122831504221 0.31015492830383945 0.5149966840602983 5.5000000000000009
decision_type=10 9 10 10 10 2
left_child=-1 2 -2 5 -5 -3
right_child=1 3 -4 4 -6 -7
leaf_value=0.0024630489226391268 -0.0033594935908448178 0.00077991231734304096 -0.0073526322649197055 -0.0021746615916997222 -0.011075729578262259 -0.0021480268931603473
leaf_weight=21862 919 4906 728 1056 234 6357
leaf_count=21862 919 4906 728 1056 234 6357
internal_value=0.000144913 -0.00162665 -0.00568697 -0.00108811 -0.00460108 -0.000686346
internal_weight=36062 14200 1647 12553 1290 11263
internal_count=36062 14200 1647 12553 1290 11263
cat_boundaries=0 1
cat_threshold=30486528
is_linear=0
shrinkage=0.03


Tree=13
num_leaves=7
num_cat=1
split_feature=0 2 8 14 7 4
split_gain=46.6665 30.1411 23.3059 21.9878 21.0438 20.9676
threshold=0 3.5000000000000004 -0.19703486420227453 -0.21807365200246628 0.3798184609143887 7.5000000000000009
decision_type=1 2 8 8 10 2
left_child=4 -2 3 -3 -1 -4
right_child=1 2 5 -5 -6 -7
leaf_value=0.002262604175748366 0.001933500605810735 -0.0025644253532629805 -0.0050061264373910458 0.0019246988864297901 -0.00344967136594964 -0.0010965120784916032
leaf_weight=17613 4802 475 5612 3237 577 3791
leaf_count=17613 4802 475 5612 3237 577 3791
internal_value=0.000135178 -0.000951501 -0.00169602 0.000316725 0.00120554 -0.00249054
internal_weight=36107 17917 13115 3712 18190 9403
internal_count=36107 17917 13115 3712 18190 9403
cat_boundaries=0 1
cat_threshold=2
is_linear=0
shrinkage=0.03


Tree=14
num_leaves=7
num_cat=1
split_feature=11 1 11 7 2 2
split_gain=79.5406 28.7768 22.0526 19.0546 18.4056 15.4895
threshold=0.077804645507583828 0 0.23270259402703844 0.3798184609143887 5.5000000000000009 3.5000000000000004
decision_type=10 9 10 10 2 2
left_child=-1 2 -2 4 -3 -4
right_child=1 3 5 -5 -6 -7
leaf_value=0.0024084449387351543 -0.0027892843592511149 0.0010411249521417205 -0.0045699486814372485 -0.0042546252539830158 -0.0021413881635980814 -0.0079598204867782907
leaf_weight=21928 1162 4776 266 1254 6170 579
leaf_count=21928 1162 4776 266 1254 6170 579
internal_value=0.000143209 -0.00160536 -0.00492517 -0.00105397 -0.00065333 -0.00863475
internal_weight=36135 14207 2007 12200 10946 845
internal_count=36135 14207 2007 12200 10946 845
cat_boundaries=0 1
cat_threshold=97595396
is_linear=0
shrinkage=0.03


Tree=15
num_leaves=7
num_cat=3
split_feature=7 0 2 1 13 1
split_gain=47.2999 35.4928 23.9096 21.7589 27.6788 16.6404
threshold=0.26118929475201386 0 4.5000000000000009 1 -0.1087002213908326 2
decision_type=10 1 2 9 8 9
left_child=1 5 -3 4 -4 -1
right_child=-2 2 3 -5 -6 -7
leaf_value=-0.0024829761011113637 -0.0033222821460001653 0.0018396698103705104 -0.0078688569865646603 -0.00042517851296400798 -0.00337044817830873 0.0027869295635971607
leaf_weight=1184 4305 5461 392 5885 3572 15375
leaf_count=1184 4305 5461 392 5885 3572 15375
internal_value=0.00013302 0.000531754 -0.000509438 -0.00139218 -0.00310641 0.00149438
internal_weight=36174 31869 15310 9849 3964 16559
internal_count=36174 31869 15310 9849 3964 16559
cat_boundaries=0 1 2 3
cat_threshold=2 341206294 8585216
is_linear=0
shrinkage=0.03


Tree=16
num_leaves=7
num_cat=4
split_feature=11 1 0 0 11 1
split_gain=65.7992 28.9133 25.7463 17.5672 23.7401 23.4059
threshold=0.14440133325986973 0 1 2 -0.14312379761655866 3
decision_type=10 9 1 1 8 9
left_child=3 -2 -3 -1 -5 -6
right_child=1 2 -4 4 5 -7
leaf_value=0.002968383752026983 -0.0054452469678801822 0.00048776305441765235 -0.0036046959754978351 0.0029960988177573562 -0.004617282367425213 0.00053181220568362063
leaf_weight=13150 1296 4416 4703 5221 2524 4912
leaf_count=13150 1296 4416 4703 5221 2524 4912
internal_value=0.000164978 -0.00184764 -0.00124567 0.000977255 0.000179412 -0.000909237
internal_weight=36222 10415 9119 25807 12657 7436
internal_count=36222 10415 9119 25807 12657 7436
cat_boundaries=0 1 2 3 4
cat_threshold=30486528 2 2 356799030
is_linear=0
shrinkage=0.03


Tree=17
num_leaves=7
num_cat=3
split_feature=0 2 1 12 1 12
split_gain=39.1068 24.7857 23.2795 30.45 18.9113 20.4196
threshold=0 3.5000000000000004 1 -0.039475346294282503 2 0.11441314649183011
decision_type=1 2 9 10 9 10
left_child=4 -2 -3 -4 5 -1
right_child=1 2 3 -5 -6 -7
leaf_value=-0.0012218931169456632 0.0016945967515266734 5.4752467309256592e-05 -0.0017807065514991102 -0.0067177137676545564 0.0020881064216763862 -0.0043287749859407037
leaf_weight=1108 4789 5133 4980 2937 16901 266
leaf_count=1108 4789 5133 4980 2937 16901 266
internal_value=0.000154839 -0.000844338 -0.00152172 -0.00254024 0.00113017 -0.00224404
internal_weight=36114 17839 13050 7917 18275 1374
internal_count=36114 17839 13050 7917 18275 1374
cat_boundaries=0 1 2 3
cat_threshold=2 44567624 8585216
is_linear=0
shrinkage=0.03


Tree=18
num_leaves=7
num_cat=2
split_feature=11 0 1 2 4 14
split_gain=68.998 37.9875 25.0972 19.6029 23.0758 26.5592
threshold=0.077804645507583828 0 1 3.5000000000000004 7.5000000000000009 0.15284156761521248
decision_type=10 1 9 2 2 8
left_child=-1 -2 -3 -4 5 -5
right_child=1 2 3 4 -6 -7
leaf_value=0.0021863607776515374 -5.9302978316489586e-06 -0.00097437699724393077 -0.0017872671304842379 -0.01006450762243101 -0.0033012698838933261 -0.0034392561420102416
leaf_weight=21947 7284 2626 1146 1043 1068 898
leaf_count=21947 7284 2626 1146 1043 1068 898
internal_value=0.000133452 -0.00150682 -0.00312253 -0.00456913 -0.00585149 -0.00779969
internal_weight=36012 14065 6781 4155 3009 1941
internal_count=36012 14065 6781 4155 3009 1941
cat_boundaries=0 1 2
cat_threshold=2 36179016
is_linear=0
shrinkage=0.03


Tree=19
num_leaves=7
num_cat=4
split_feature=11 1 12 1 0 1
split_gain=60.2736 35.7322 24.2234 22.69 19.3758 21.833
threshold=0.24641175140547536 0 0.18030009168971708 1 2 3
decision_type=10 9 10 9 1 9
left_child=2 -2 4 -4 -1 -6
right_child=1 -3 3 -5 5 -7
leaf_value=0.0028487337941348473 -0.0066081679861150948 -0.0015091180892905763 -0.010887129055304734 -0.00095658129473256981 -0.0019856211729807286 0.0020562124455535268
leaf_weight=14657 1217 4654 231 3761 5424 6332
leaf_count=14657 1217 4654 231 3761 5424 6332
internal_value=0.00014687 -0.00263573 0.00068424 -0.00149361 0.00101344 0.00010615
internal_weight=36276 5871 30405 3992 26413 11756
internal_count=36276 5871 30405 3992 26413 11756
cat_boundaries=0 1 2 3 4
cat_threshold=164733568 16843280 2 71757878
is_linear=0
shrinkage=0.03


Tree=20
num_leaves=7
num_cat=3
split_feature=0 2 1 12 12 1
split_gain=36.712 24.041 20.1026 29.5953 18.3953 29.7549
threshold=0 3.5000000000000004 1 -0.17184854198999486 0.13605256361529608 2
decision_type=1 2 9 8 10 9
left_child=4 -2 -3 -4 -1 -6
right_child=1 2 3 -5 5 -7
leaf_value=0.002417659661587046 0.0016927779236948111 1.8855002605575042e-05 0.00055452911485534486 -0.0047940062430115865 -0.0044136065064874514 0.00024394626023884099
leaf_weight=15036 4833 4854 2425 5793 462 2681
leaf_count=15036 4833 4854 2425 5793 462 2681
internal_value=0.000157462 -0.000806713 -0.0014751 -0.00237769 0.0011071 -0.000979962
internal_weight=36084 17905 13072 8218 18179 3143
internal_count=36084 17905 13072 8218 18179 3143
cat_boundaries=0 1 2 3
cat_threshold=2 44566600 35766272
is_linear=0
shrinkage=0.03


Tree=21
num_leaves=7
num_cat=1
split_feature=7 2 1 12 13 14
split_gain=31.9735 18.0998 17.7432 31.3855 18.9632 26.1925
threshold=0.26118929475201386 3.5000000000000004 0 0.11875146950845041 -0.1087002213908326 -0.048273083442673795
decision_type=10 2 9 10 8 10
left_child=1 -1 3 4 5 -3
right_child=-2 2 -4 -5 -6 -7
leaf_value=0.0027835500950402913 -0.0027727563507791665 -0.0016504431591523065 0.0010216401704167136 -0.0066419328766595146 -0.00021049556503522138 -0.0087152221483645757
leaf_weight=8576 4289 377 14646 609 7578 107
leaf_count=8576 4289 377 14646 609 7578 107
internal_value=0.000214079 0.000541136 0.000107685 -0.000967173 -0.000471785 -0.00622268
internal_weight=36182 31893 23317 8671 8062 484
internal_count=36182 31893 23317 8671 8062 484
cat_boundaries=0 1
cat_threshold=14143762
is_linear=0
shrinkage=0.03


Tree=22
num_leaves=7
num_cat=4
split_feature=11 0 2 1 1 1
split_gain=55.7589 33.8414 23.7418 22.3737 17.3357 16.5984
threshold=0.073176280918463302 0 7.5000000000000009 1 2 3
decision_type=10 1 2 9 9 9
left_child=-1 3 4 -2 -3 -4
right_child=1 2 5 -5 -6 -7
leaf_value=0.002034960574347139 -0.0044529675698644893 -0.0041291427502077194 -0.0095155862967218688 0.00063708235525978651 -5.5525201797215617e-05 -0.0045719131976292814
leaf_weight=21774 516 1507 376 6959 2784 2256
leaf_count=21774 516 1507 376 6959 2784 2256
internal_value=0.000122909 -0.00132551 -0.00283665 7.42377e-05 -0.00146016 -0.00507938
internal_weight=36172 14398 6923 7475 4291 2632
internal_count=36172 14398 6923 7475 4291 2632
cat_boundaries=0 1 2 3 4
cat_threshold=2 9506816 230863540 223682564
is_linear=0
shrinkage=0.03


Tree=23
num_leaves=7
num_cat=3
split_feature=11 1 12 1 9 1
split_gain=54.6447 30.7587 19.3966 16.5323 15.7371 15.2146
threshold=0.24641175140547536 0 0.18030009168971708 1 -0.11905936001598814 2
decision_type=10 9 10 9 8 9
left_child=2 4 5 -4 -2 -1
right_child=1 -3 3 -5 -6 -7
leaf_value=-8.2581007402202021e-05 -0.010143921514811756 -0.001436317441313362 -0.01021914719187318 -0.00081944645088866434 -0.0049826341692999262 0.0024410016561842037
leaf_weight=8523 138 4784 218 3836 972 17898
leaf_count=8523 138 4784 218 3836 972 17898
internal_value=0.000187985 -0.00245598 0.000699403 -0.00123255 -0.00693131 0.000995875
internal_weight=36369 5894 30475 4054 1110 26421
internal_count=36369 5894 30475 4054 1110 26421
cat_boundaries=0 1 2 3
cat_threshold=30515840 16843280 71815174
is_linear=0
shrinkage=0.03


Tree=24
num_leaves=7
num_cat=3
split_feature=11 0 2 1 3 1
split_gain=55.7014 31.6137 24.0537 19.3296 17.6874 18.7419
threshold=0.077804645507583828 0 7.5000000000000009 1 7.5000000000000009 2
decision_type=10 1 2 9 2 9
left_child=-1 3 4 -2 -3 -6
right_child=1 2 -4 -5 5 -7
leaf_value=0.0019929355750189686 -0.0049928664850127352 0.00098793602048818669 -0.0058637267028074256 0.00051361545270605096 -0.0055528357529284218 -0.00039223012764524526
leaf_weight=21963 366 2109 2575 7003 1120 1072
leaf_count=21963 366 2109 2575 7003 1120 1072
internal_value=0.000156425 -0.00130458 -0.00276749 6.06514e-05 -0.001394 -0.00328044
internal_weight=36208 14245 6876 7369 4301 2192
internal_count=36208 14245 6876 7369 4301 2192
cat_boundaries=0 1 2 3
cat_threshold=2 8454144 230880160
is_linear=0
shrinkage=0.03


Tree=25
num_leaves=7
num_cat=4
split_feature=11 0 1 1 14 1
split_gain=52.9069 33.0182 22.1243 21.3207 13.6101 21.9079
threshold=0.063178089679120322 0 1 2 -0.21807365200246628 3
decision_type=10 1 9 9 8 9
left_child=4 2 -2 -3 5 -1
right_child=1 3 -4 -5 -6 -7
leaf_value=0.0020724213903398634 -0.0045438096932018486 -0.0067985568265598465 0.00059691852367829712 -0.0023619244102348457 0.0025593328614194341 -0.0029745359215106308
leaf_weight=1133 512 1246 7407 5967 19181 797
leaf_count=1133 512 1246 7407 5967 19181 797
internal_value=0.000140961 -0.00121285 0.000124621 -0.00268104 0.00111136 -0.00128949
internal_weight=36243 15132 7919 7213 21111 1930
internal_count=36243 15132 7919 7213 21111 1930
cat_boundaries=0 1 2 3 4
cat_threshold=2 9502720 223551510 42736504
is_linear=0
shrinkage=0.03


Tree=26
num_leaves=7
num_cat=1
split_feature=11 0 2 11 3 14
split_gain=47.2304 28.0833 23.0533 16.0441 13.3456 12.2891
threshold=0.073176280918463302 0 5.5000000000000009 0.40332685463812462 7.5000000000000009 -0.21807365200246628
decision_type=10 1 2 10 2 8
left_child=5 3 4 -2 -3 -1
right_child=1 2 -4 -5 -6 -7
leaf_value=-0.0012719957388283958 0.00057829678439514796 0.0022756894778213801 -0.0050303386425389956 -0.0040927354192047171 -0.002691233542229081 0.0023524975797163685
leaf_weight=1940 7069 1543 3802 511 1582 19864
leaf_count=1940 7069 1543 3802 511 1582 19864
internal_value=0.000159534 -0.00116687 -0.00254749 9.49744e-05 -0.000638196 0.00104205
internal_weight=36311 14507 6927 7580 3125 21804
internal_count=36311 14507 6927 7580 3125 21804
cat_boundaries=0 1
cat_threshold=2
is_linear=0
shrinkage=0.03


Tree=27
num_leaves=7
num_cat=2
split_feature=11 1 0 2 10 9
split_gain=44.8767 28.842 30.5892 21.9293 14.5473 11.6754
threshold=0.016276374640950667 0 1 7.5000000000000009 0.52676246901735635 0.021006130109338276
decision_type=10 9 1 2 10 8
left_child=-1 -2 5 -4 -5 -3
right_child=1 2 3 4 -6 -7
leaf_value=0.0022836109316271809 -0.0041155758902823719 -0.00063284773505880665 -0.00091696163424322271 -0.0044668063682541965 -0.0075133382057707273 0.0019173097066173708
leaf_weight=18336 1846 2679 4521 2695 138 5937
leaf_count=18336 1846 2679 4521 2695 138 5937
internal_value=0.000194341 -0.000877925 -0.000465553 -0.00188688 -0.00395589 0.000747128
internal_weight=36152 17816 15970 7354 2833 8616
internal_count=36152 17816 15970 7354 2833 8616
cat_boundaries=0 1 2
cat_threshold=30478338 2
is_linear=0
shrinkage=0.03


Tree=28
num_leaves=7
num_cat=3
split_feature=11 1 0 11 1 10
split_gain=41.9833 23.8262 19.4555 25.1416 26.9332 19.6946
threshold=0.24641175140547536 0 1 -0.2631021513662492 2 0.33050147083195563
decision_type=10 9 1 8 9 8
left_child=2 -2 -1 -4 5 -5
right_child=1 -3 3 4 -6 -7
leaf_value=0.0020513117728394497 -0.0060371633879887209 -0.0011827916253552438 0.0038300394952787259 -5.8371082566658711e-05 0.00030427070099387762 -0.0050083735359923859
leaf_weight=15894 1209 4620 3432 1418 7108 2351
leaf_count=15894 1209 4620 3432 1418 7108 2351
internal_value=0.000230789 -0.0021 0.000680672 -0.000121803 -0.000828185 -0.00287381
internal_weight=36032 5829 30203 14309 10877 3769
internal_count=36032 5829 30203 14309 10877 3769
cat_boundaries=0 1 2 3
cat_threshold=164733568 2 356930614
is_linear=0
shrinkage=0.03


Tree=29
num_leaves=7
num_cat=2
split_feature=11 2 1 4 4 1
split_gain=37.044 23.4548 26.233 14.043 14.3575 13.9635
threshold=0.0023323424366328287 4.5000000000000009 0 7.5000000000000009 3.5000000000000004 1
decision_type=10 2 9 2 2 9
left_child=-1 -2 -3 4 -4 -6
right_child=1 2 3 -5 5 -7
leaf_value=0.0022235664180291241 0.00085516937597846193 -0.0046506851220887158 -4.6098455079922793e-05 0.0003135021717440882 -0.0057298180261767806 -0.0015941151608915279
leaf_weight=17387 6658 976 2388 4208 1802 2704
leaf_count=17387 6658 976 2388 4208 1802 2704
internal_value=0.000220325 -0.000705129 -0.00149317 -0.00107388 -0.00190834 -0.00290481
internal_weight=36123 18736 12078 11102 6894 4506
internal_count=36123 18736 12078 11102 6894 4506
cat_boundaries=0 1 2
cat_threshold=26279938 476242308
is_linear=0
shrinkage=0.03


Tree=30
num_leaves=7
num_cat=2
split_feature=0 2 14 1 8 4
split_gain=28.8594 21.8779 18.4728 45.4107 17.8302 21.7435
threshold=0 3.5000000000000004 -0.21807365200246628 1 -0.22314355131421013 7.5000000000000009
decision_type=1 2 8 9 8 2
left_child=-1 -2 3 -3 -4 -6
right_child=1 2 4 -5 5 -7
leaf_value=0.0015172178379959913 0.0015034666360057244 -0.001153050144615016 0.0021872429691080996 -0.0074509755822242041 -0.0038789583950540837 0.00056884468760338383
leaf_weight=18252 4892 806 2901 367 5788 3289
leaf_count=18252 4892 806 2901 367 5788 3289
internal_value=0.000206221 -0.000644591 -0.00128171 -0.00487308 -0.000929627 -0.00158394
internal_weight=36295 18043 13151 1173 11978 9077
internal_count=36295 18043 13151 1173 11978 9077
cat_boundaries=0 1 2
cat_threshold=2 168581992
is_linear=0
shrinkage=0.03


Tree=31
num_leaves=7
num_cat=2
split_feature=11 1 7 14 1 11
split_gain=33.2832 19.9082 12.7243 12.139 12.8096 12.0273
threshold=0.063178089679120322 0 0.27193371548364148 -0.032970501206505333 1 -0.3423574553856143
decision_type=10 9 10 10 9 8
left_child=3 -2 -3 4 5 -1
right_child=1 2 -4 -5 -6 -7
leaf_value=0.0041991561071980255 -0.0040262581090667326 -5.6205159505726195e-05 -0.0025346308200621969 0.003525492101741752 0.0013477835570726052 -0.0026588608606341923
leaf_weight=656 1469 10730 2850 9576 8454 2521
leaf_count=656 1469 10730 2850 9576 8454 2521
internal_value=0.000205698 -0.000873289 -0.000512103 0.000971379 0.000320065 -0.00130144
internal_weight=36256 15049 13580 21207 11631 3177
internal_count=36256 15049 13580 21207 11631 3177
cat_boundaries=0 1 2
cat_threshold=97587200 67358742
is_linear=0
shrinkage=0.03


Tree=32
num_leaves=7
num_cat=2
split_feature=11 12 1 9 1 2
split_gain=34.9493 16.0887 17.9248 15.5498 16.9001 16.6563
threshold=0.14440133325986973 0.18030009168971708 0 -0.11347341729362891 1 6.5000000000000009
decision_type=10 10 9 8 9 2
left_child=1 -1 -3 4 -2 -5
right_child=3 2 -4 5 -6 -7
leaf_value=0.0018216595025203495 -0.0097933416119674859 -0.015793246466424073 -0.00050784097209269677 0.00039826207630739847 -0.003177356429261939 -0.0023380205120029293
leaf_weight=22368 105 134 3139 4638 1169 4464
leaf_count=22368 105 134 3139 4638 1169 4464
internal_value=0.000181326 0.000775798 -0.00118845 -0.00128766 -0.00439059 -0.000852906
internal_weight=36017 25641 3273 10376 1274 9102
internal_count=36017 25641 3273 10376 1274 9102
cat_boundaries=0 1 2
cat_threshold=16842768 142672384
is_linear=0
shrinkage=0.03


Tree=33
num_leaves=7
num_cat=3
split_feature=11 0 2 1 1 14
split_gain=33.618 25.9577 28.666 24.6551 24.4425 15.2206
threshold=0.0023323424366328287 0 7.5000000000000009 1 2 0.23290382580781679
decision_type=10 1 2 9 9 10
left_child=-1 4 -3 5 -2 -4
right_child=1 2 3 -5 -6 -7
leaf_value=0.002025289262421316 -0.0037733863909370459 -0.00084996554148665201 -0.008872332122452883 -0.0035839504647267495 0.00076294829260774722 0.00038587849916075178
leaf_weight=17440 519 5282 544 2647 9664 109
leaf_count=17440 519 5282 544 2647 9664 109
internal_value=0.000181876 -0.000699403 -0.00191471 -0.00410785 0.000324922 -0.00929367
internal_weight=36205 18765 8582 3300 10183 653
internal_count=36205 18765 8582 3300 10183 653
cat_boundaries=0 1 2 3
cat_threshold=2 223683606 8454144
is_linear=0
shrinkage=0.03


Tree=34
num_leaves=7
num_cat=3
split_feature=11 0 2 1 14 1
split_gain=32.7924 15.5495 16.0123 14.4312 12.6367 11.5805
threshold=0.077804645507583828 0 8.5000000000000018 1 0.22329542714773548 2
decision_type=10 1 2 9 8 9
left_child=-1 3 -3 -2 5 -4
right_child=1 2 4 -5 -6 -7
leaf_value=0.0016094597845203239 -0.0037300923178110504 -0.0013413859445810196 -0.0034234092094103312 0.00047019343904527517 0.00011321560696400956 -0.007514856373618475
leaf_weight=22098 530 4793 708 6835 491 865
leaf_count=22098 530 4793 708 6835 491 865
internal_value=0.000225489 -0.000898123 -0.00192607 5.90552e-05 -0.00413462 -0.00544536
internal_weight=36320 14222 6857 7365 2064 1573
internal_count=36320 14222 6857 7365 2064 1573
cat_boundaries=0 1 2 3
cat_threshold=2 9506816 44599882
is_linear=0
shrinkage=0.03


Tree=35
num_leaves=7
num_cat=3
split_feature=11 1 12 9 1 1
split_gain=30.5567 20.952 18.9653 16.5482 16.3294 15.0777
threshold=0.24641175140547536 0 0.18030009168971708 -0.16437052129855842 1 2
decision_type=10 9 10 8 9 9
left_child=2 3 5 -2 -4 -1
right_child=1 -3 4 -5 -6 -7
leaf_value=0.00015576468662252622 -0.0090792289256053701 -0.00096038584770795896 -0.0098653577300722387 -0.0037498260676674176 -0.00085324575682805214 0.0023969192424314026
leaf_weight=12096 111 4620 213 1096 3802 14218
leaf_count=12096 111 4620 213 1096 3802 14218
internal_value=0.000212075 -0.00177745 0.000594362 -0.00527832 -0.00132595 0.000887403
internal_weight=36156 5827 30329 1207 4015 26314
internal_count=36156 5827 30329 1207 4015 26314
cat_boundaries=0 1 2 3
cat_threshold=164733568 16843280 71815462
is_linear=0
shrinkage=0.03


Tree=36
num_leaves=7
num_cat=2
split_feature=0 2 13 14 14 1
split_gain=25.1912 19.473 17.1156 28.6687 15.5162 18.9816
threshold=0 3.5000000000000004 -0.1068798998878198 -0.048273083442673795 -0.21807365200246628 1
decision_type=1 2 8 10 8 9
left_child=-1 -2 3 -3 5 -4
right_child=1 2 4 -5 -6 -7
leaf_value=0.0013575903944427531 0.0014624940208250528 -0.0015699950445555986 0.00093864909574153444 -0.0073185706242040295 -0.00065965227700250919 -0.0045313361641421378
leaf_weight=18240 4860 1184 260 270 11022 450
leaf_count=18240 4860 1184 260 270 11022 450
internal_value=0.000202221 -0.000592453 -0.00119072 -0.00425979 -0.000810023 -0.00510549
internal_weight=36286 18046 13186 1454 11732 710
internal_count=36286 18046 13186 1454 11732 710
cat_boundaries=0 1 2
cat_threshold=2 42206024
is_linear=0
shrinkage=0.03


Tree=37
num_leaves=7
num_cat=3
split_feature=11 0 2 1 1 3
split_gain=30.5913 22.3571 21.752 27.9307 21.5108 17.0839
threshold=0.0023323424366328287 0 6.5000000000000009 1 2 5.5000000000000009
decision_type=10 1 2 9 9 2
left_child=-1 4 -3 5 -2 -4
right_child=1 2 3 -5 -6 -7
leaf_value=0.0019892374696306022 -0.0033805373430138771 -0.0004535812712429015 -0.014004469337554847 -0.0034321345386832168 0.00071962821102359881 -0.005949160947591947
leaf_weight=17405 523 4617 122 3666 9642 196
leaf_count=17405 523 4617 122 3666 9642 196
internal_value=0.000204938 -0.000635264 -0.00176087 -0.00338469 0.000317234 -0.0117812
internal_weight=36171 18766 8601 3984 10165 318
internal_count=36171 18766 8601 3984 10165 318
cat_boundaries=0 1 2 3
cat_threshold=2 89194514 8454144
is_linear=0
shrinkage=0.03


Tree=38
num_leaves=7
num_cat=1
split_feature=11 0 2 4 4 14
split_gain=29.3342 22.1508 18.0198 17.2491 20.6557 30.6127
threshold=-0.015178990301058624 0 2.5000000000000004 7.5000000000000009 5.5000000000000009 0.1449228263077795
decision_type=8 1 2 2 2 8
left_child=-1 -2 -3 4 -4 -6
right_child=1 2 3 -5 5 -7
leaf_value=0.0022091984538035576 0.00046497270697374459 0.0017715788951204053 -0.0027217751933011456 -0.0005428279137566597 -0.0080356432988767379 -0.0028160277930086913
leaf_weight=13677 12224 1917 3511 3111 765 935
leaf_count=13677 12224 1917 3511 3111 765 935
internal_value=0.0001959 -0.00047102 -0.00150029 -0.00210429 -0.00315944 -0.00587302
internal_weight=36140 22463 10239 8322 5211 1700
internal_count=36140 22463 10239 8322 5211 1700
cat_boundaries=0 1
cat_threshold=2
is_linear=0
shrinkage=0.03


Tree=39
num_leaves=7
num_cat=3
split_feature=11 1 0 14 1 10
split_gain=26.5565 19.5809 17.2024 15.6355 23.3656 14.5677
threshold=0.0023323424366328287 0 1 -0.21807365200246628 2 0.58590673226246459
decision_type=10 9 1 8 9 10
left_child=3 -2 -3 4 -1 -4
right_child=1 2 5 -5 -6 -7
leaf_value=-0.0030664997921560589 -0.0032296773082313296 0.00065261784124079434 -0.0017272769479039229 0.0024318506202803607 0.00068072081071654056 -0.0076682364462921501
leaf_weight=496 1761 9137 7617 15752 1196 177
leaf_count=496 1761 9137 7617 15752 1196 177
internal_value=0.000164873 -0.000620767 -0.000306162 0.00100671 -0.00173302 -0.00134163
internal_weight=36136 18692 16931 17444 1692 7794
internal_count=36136 18692 16931 17444 1692 7794
cat_boundaries=0 1 2 3
cat_threshold=30474242 2 359892102
is_linear=0
shrinkage=0.03


Tree=40
num_leaves=7
num_cat=3
split_feature=12 1 0 13 13 1
split_gain=21.7521 18.7698 14.9644 16.3718 23.9746 13.5574
threshold=0.25134467548093703 0 1 -0.12013673608311015 -0.12125964492891932 2
decision_type=10 9 1 8 10 9
left_child=1 2 -1 4 -4 -2
right_child=5 -3 3 -5 -6 -7
leaf_value=0.00074541246802400018 -0.0005717053506955383 0.0016390264540397685 -0.0023579743654289446 -0.0012904202182139612 -0.0080366684756032897 -0.0043792749826583885
leaf_weight=7728 2017 17389 454 7058 114 1347
leaf_count=7728 2017 17389 454 7058 114 1347
internal_value=0.000187521 0.000423559 -0.000340905 -0.00128386 -0.00617926 -0.00210936
internal_weight=36107 32743 15354 7626 568 3364
internal_count=36107 32743 15354 7626 568 3364
cat_boundaries=0 1 2 3
cat_threshold=214159654 2 304629984
is_linear=0
shrinkage=0.03


Tree=41
num_leaves=7
num_cat=3
split_feature=12 1 1 0 12 7
split_gain=21.7462 24.0618 20.4764 16.2683 13.7379 9.57994
threshold=0.14747942981788545 0 1 2 -0.11655332700412478 0.37281293522946651
decision_type=10 9 9 1 8 10
left_child=2 -2 -1 -4 -5 -3
right_child=1 5 3 4 -6 -7
leaf_value=0.0028169855363360742 -0.005181110145382019 -0.00055455419017467144 0.0010372791820360183 0.00044377261718163609 -0.002227914686275831 -0.0057441316276720337
leaf_weight=9254 574 5882 9913 4650 5246 485
leaf_count=9254 574 5882 9913 4650 5246 485
internal_value=0.000173643 -0.00133492 0.00053396 -1.07466e-05 -0.000871173 -0.000796331
internal_weight=36004 6941 29063 19809 9896 6367
internal_count=36004 6941 29063 19809 9896 6367
cat_boundaries=0 1 2 3
cat_threshold=17891856 322440216 2
is_linear=0
shrinkage=0.03


Tree=42
num_leaves=7
num_cat=3
split_feature=11 1 12 14 1 0
split_gain=25.2742 18.3213 15.2219 14.5809 18.0639 14.2848
threshold=0.0023323424366328287 0 0.30445088704223006 -0.21807365200246628 1 2
decision_type=10 9 10 8 9 1
left_child=3 2 -2 4 -1 -3
right_child=1 5 -4 -5 -6 -7
leaf_value=0.0021745897391717006 -0.0025729670402421245 0.00066359783906699138 -0.015040937630869056 0.00239024618886141 -0.0026304120792490894 -0.0017487013917625593
leaf_weight=864 2160 8909 103 15686 801 7633
leaf_count=864 2160 8909 103 15686 801 7633
internal_value=0.000177227 -0.000584654 -0.0031095 0.00100294 -0.00166567 -0.000237057
internal_weight=36156 18805 2263 17351 1665 16542
internal_count=36156 18805 2263 17351 1665 16542
cat_boundaries=0 1 2 3
cat_threshold=30474258 34345336 2
is_linear=0
shrinkage=0.03


Tree=43
num_leaves=7
num_cat=1
split_feature=2 0 10 13 13 6
split_gain=19.4652 20.5245 14.4125 14.4594 22.5848 12.3512
threshold=2.5000000000000004 0 0.37230580720794221 -0.12013673608311015 -0.12125964492891932 0.0038464341039139431
decision_type=2 1 8 8 10 10
left_child=-1 -2 -3 4 -4 -5
right_child=1 2 3 5 -6 -7
leaf_value=0.0025477540097709832 0.00081283126153220277 0.00016413086212618139 -0.0025801778018020136 -0.00030876291812404589 -0.0079722852657810959 -0.0036654758392803645
leaf_weight=6612 14903 6481 559 4105 179 3280
leaf_count=6612 14903 6481 559 4105 179 3280
internal_value=0.000199253 -0.000130439 -0.000929681 -0.00177142 -0.00577267 -0.00137084
internal_weight=36119 29507 14604 8123 738 7385
internal_count=36119 29507 14604 8123 738 7385
cat_boundaries=0 1
cat_threshold=2
is_linear=0
shrinkage=0.03


Tree=44
num_leaves=7
num_cat=2
split_feature=11 1 14 1 12 13
split_gain=26.5119 17.5681 11.0401 16.6332 10.9815 10.3927
threshold=0.016276374640950667 0 -0.21807365200246628 1 0.52399055985091458 -0.018976251716189014
decision_type=10 9 8 9 10 10
left_child=2 -2 3 -1 -4 -5
right_child=1 -3 4 5 -6 -7
leaf_value=0.0023479235339013173 -0.0030285364299796605 -0.00041206373486673458 0.0023680952476959425 -0.0014097474997845703 -0.00070759461749714421 -0.0030306725421107576
leaf_weight=891 1803 16015 16547 480 148 362
leaf_count=891 1803 16015 16547 480 148 362
internal_value=0.000188374 -0.000636736 0.000986163 -0.00129239 0.00122275 -0.0042837
internal_weight=36246 17818 18428 1733 16695 842
internal_count=36246 17818 18428 1733 16695 842
cat_boundaries=0 1 2
cat_threshold=30478338 34345832
is_linear=0
shrinkage=0.03


Tree=45
num_leaves=7
num_cat=3
split_feature=11 9 0 1 1 14
split_gain=23.9122 17.4184 17.1719 20.3837 14.7797 12.9633
threshold=-0.015178990301058624 -0.040948941881520089 0 1 2 -0.21807365200246628
decision_type=8 8 1 9 9 8
left_child=5 4 -3 -4 -2 -1
right_child=1 2 3 -5 -6 -7
leaf_value=-0.001226140087346194 -0.0068581427655992041 0.0010265656567463785 -0.0034778104326290021 0.00013611909516688504 -0.0016061414096812359 0.0026809111677170792
leaf_weight=1420 411 9756 3198 5075 3999 12283
leaf_count=1420 411 9756 3198 5075 3999 12283
internal_value=0.000184434 -0.000418583 -5.15796e-06 -0.00101051 -0.00210837 0.00117185
internal_weight=36142 22439 18029 8273 4410 13703
internal_count=36142 22439 18029 8273 4410 13703
cat_boundaries=0 1 2 3
cat_threshold=2 89583668 142671890
is_linear=0
shrinkage=0.03


Tree=46
num_leaves=7
num_cat=1
split_feature=12 1 13 14 12 3
split_gain=21.431 17.6068 16.7066 25.3839 13.7105 12.935
threshold=0.25134467548093703 0 -0.1068798998878198 -0.056617461712858315 -0.17928688717850691 7.5000000000000009
decision_type=10 9 8 10 8 2
left_child=1 -1 3 -3 -4 -6
right_child=-2 2 4 -5 5 -7
leaf_value=0.0019812274637788256 -0.0022261899464191227 -0.00095678089873650206 0.0024380299381946036 -0.0059805176715492063 0.00058358087874835608 -0.0015274965436988543
leaf_weight=12749 3313 1101 4557 252 7945 6229
leaf_count=12749 3313 1101 4557 252 7945 6229
internal_value=0.000156528 0.000388591 -0.000165116 -0.00338331 6.74248e-05 -0.000392804
internal_weight=36146 32833 20084 1353 18731 14174
internal_count=36146 32833 20084 1353 18731 14174
cat_boundaries=0 1
cat_threshold=322440280
is_linear=0
shrinkage=0.03


Tree=47
num_leaves=7
num_cat=3
split_feature=12 1 1 0 11 13
split_gain=19.2223 24.193 19.0656 15.9104 21.9536 12.7358
threshold=0.11441314649183011 0 1 2 -0.3423574553856143 -0.12013673608311015
decision_type=10 9 9 1 8 8
left_child=2 -2 -1 -4 -5 -6
right_child=1 -3 3 4 5 -7
leaf_value=0.0026361374420629954 -0.0048159466437501016 -0.00056864386275653329 0.001083305351970439 0.0041584841456393726 -0.0034397533789428908 -0.0014997308016876296
leaf_weight=9937 949 7943 8671 1445 576 6743
leaf_count=9937 949 7943 8671 1445 576 6743
internal_value=0.000207142 -0.00100461 0.000600811 2.5795e-06 -0.000898802 -0.00156598
internal_weight=36264 8892 27372 17435 8764 7319
internal_count=36264 8892 27372 17435 8764 7319
cat_boundaries=0 1 2 3
cat_threshold=16892432 322440856 2
is_linear=0
shrinkage=0.03


Tree=48
num_leaves=7
num_cat=3
split_feature=11 2 0 1 8 1
split_gain=20.4181 17.5288 19.2319 17.7286 17.3112 19.4475
threshold=-0.032064364853905396 2.5000000000000004 0 1 0.0259743899132352 2
decision_type=8 2 1 9 8 9
left_child=-1 -2 -3 -4 5 -5
right_child=1 2 3 4 -6 -7
leaf_value=0.0019319471598910982 0.002157031374631638 0.00018334557796019732 -0.00067869623570456319 -0.0050022538017750456 -0.0034040894117649302 -0.014504670034433504
leaf_weight=12752 4279 10544 4925 315 3305 140
leaf_count=12752 4279 10544 4925 315 3305 140
internal_value=0.000210143 -0.000314177 -0.000700624 -0.00174591 -0.00329356 -0.00878289
internal_weight=36260 23508 19229 8685 3760 455
internal_count=36260 23508 19229 8685 3760 455
cat_boundaries=0 1 2 3
cat_threshold=2 313036232 29216
is_linear=0
shrinkage=0.03


Tree=49
num_leaves=7
num_cat=3
split_feature=11 0 1 14 1 11
split_gain=19.2965 14.6245 15.6056 13.9613 15.3908 12.7588
threshold=-0.015178990301058624 0 1 -0.21807365200246628 2 0.41072441202919846
decision_type=8 1 9 8 9 10
left_child=3 5 -3 4 -1 -2
right_child=1 2 -4 -5 -6 -7
leaf_value=-0.0027825973061888446 0.00068464020863107458 -0.00015575887551864257 -0.0033228229548089455 0.0025328486519952923 0.00078431670603768639 -0.0039971913649627351
leaf_weight=546 11799 6032 4231 12246 887 424
leaf_count=546 11799 6032 4231 12246 887 424
internal_value=0.00024512 -0.000295371 -0.00113026 0.00113355 -0.00166736 0.000405677
internal_weight=36165 22486 10263 13679 1433 12223
internal_count=36165 22486 10263 13679 1433 12223
cat_boundaries=0 1 2 3
cat_threshold=2 313036234 433307782
is_linear=0
shrinkage=0.03


Tree=50
num_leaves=7
num_cat=3
split_feature=11 1 12 1 1 11
split_gain=21.0016 16.8588 15.0771 12.4462 10.7848 8.80979
threshold=0.21639449652935919 0 0.18030009168971708 1 2 -0.1763191841191509
decision_type=10 9 10 9 9 8
left_child=2 -2 3 -1 -4 -6
right_child=1 -3 4 -5 5 -7
leaf_value=-0.00014606359867325093 -0.0045313404899183785 -0.00068681918539537036 0.0015091661684445356 0.0019506772480958527 0.0042823828811451563 -0.002757927684627722
leaf_weight=8741 1056 5978 975 16511 402 2391
leaf_count=8741 1056 5978 975 16511 402 2391
internal_value=0.000210013 -0.00126055 0.000566486 0.000830634 -0.0012035 -0.00214729
internal_weight=36054 7034 29020 25252 3768 2793
internal_count=36054 7034 29020 25252 3768 2793
cat_boundaries=0 1 2 3
cat_threshold=231809540 4444198 11577792
is_linear=0
shrinkage=0.03


Tree=51
num_leaves=7
num_cat=4
split_feature=12 1 1 0 3 1
split_gain=18.9819 17.6763 16.6788 10.0953 10.7164 10.6095
threshold=0.11441314649183011 0 1 2 6.5000000000000009 3
decision_type=10 9 9 1 2 9
left_child=1 -1 -2 4 -3 -6
right_child=2 3 -4 -5 5 -7
leaf_value=0.0024916474362902301 -0.0040127805036924008 0.0026848621655195999 -0.00055466234910234375 -0.0010013748772776047 -0.0045129148583378546 0.00025692667712287994
leaf_weight=10393 1183 3870 7606 8556 488 3899
leaf_count=10393 1183 3870 7606 8556 488 3899
internal_value=0.000194605 0.000586173 -0.00101741 -1.55134e-05 0.000732744 -0.000282361
internal_weight=35995 27206 8789 16813 8257 4387
internal_count=35995 27206 8789 16813 8257 4387
cat_boundaries=0 1 2 3 4
cat_threshold=322768408 18072080 2 8519680
is_linear=0
shrinkage=0.03


Tree=52
num_leaves=7
num_cat=0
split_feature=11 2 4 4 14 14
split_gain=18.5763 13.7961 14.1142 15.274 25.8134 29.8902
threshold=0.016276374640950667 2.5000000000000004 7.5000000000000009 3.5000000000000004 0.15536982916009345 0.098858969856131088
decision_type=10 2 2 2 10 10
left_child=-1 -2 3 -3 5 -5
right_child=1 2 -4 4 -6 -7
leaf_value=0.0014274651756176699 0.001679538396784627 0.00017351761118115455 0.00044151302210073632 -0.002099228752834378 -0.00070913133757301153 -0.0061723516748669873
leaf_weight=18431 3245 3025 5450 1861 2942 1184
leaf_count=18431 3245 3025 5450 1861 2942 1184
internal_value=0.000215667 -0.000478258 -0.000874922 -0.00160368 -0.00248146 -0.00441727
internal_weight=36138 17707 14462 9012 5987 3045
internal_count=36138 17707 14462 9012 5987 3045
is_linear=0
shrinkage=0.03


Tree=53
num_leaves=7
num_cat=2
split_feature=11 9 2 14 1 1
split_gain=17.9612 15.84 13.6861 12.7951 12.2047 11.8077
threshold=-0.013162711285183091 -0.040948941881520089 5.5000000000000009 -0.13849821623747985 0 1
decision_type=8 8 2 8 9 9
left_child=3 5 -3 -1 -4 -2
right_child=1 2 4 -5 -6 -7
leaf_value=-0.00043878902440693343 -0.0060178692604413416 0.001351374822343271 0.00088422320050152397 0.0031100392661989437 -0.0020317878347943141 -0.0013427160423087035
leaf_weight=3538 583 7639 4497 10249 5941 3757
leaf_count=3538 583 7639 4497 10249 5941 3757
internal_value=0.000243944 -0.000280087 0.000110687 0.00109595 -0.000595459 -0.00190739
internal_weight=36204 22417 18077 13787 10438 4340
internal_count=36204 22417 18077 13787 10438 4340
cat_boundaries=0 1 2
cat_threshold=438308572 142676498
is_linear=0
shrinkage=0.03


Tree=54
num_leaves=7
num_cat=4
split_feature=12 1 1 0 12 1
split_gain=17.7428 18.596 16.7689 11.2803 11.0779 9.04301
threshold=0.11621002391203562 0 1 2 -0.1680771930243736 3
decision_type=10 9 9 1 8 9
left_child=2 -2 -1 -4 -5 -3
right_child=1 5 3 4 -6 -7
leaf_value=0.0024324676180164464 -0.0046039254652563213 0.0010752936386897748 0.00083730394673019626 0.0010056002380082938 -0.0017150465306097862 -0.0012982951237850604
leaf_weight=9958 944 2283 8653 3358 5655 5497
leaf_count=9958 944 2283 8653 3358 5655 5497
internal_value=0.00021112 -0.000968252 0.000583602 2.81723e-05 -0.000714555 -0.000481324
internal_weight=36348 8724 27624 17666 9013 7780
internal_count=36348 8724 27624 17666 9013 7780
cat_boundaries=0 1 2 3 4
cat_threshold=17924624 322702872 2 413149510
is_linear=0
shrinkage=0.03


Tree=55
num_leaves=7
num_cat=3
split_feature=12 1 1 2 0 14
split_gain=17.0547 16.1158 14.6343 10.72 10.9803 12.7998
threshold=0.14747942981788545 0 1 3.5000000000000004 2 -0.21807365200246628
decision_type=10 9 9 2 1 8
left_child=1 3 -2 -1 -5 -6
right_child=2 -3 -4 4 5 -7
leaf_value=0.0012460502099233524 -0.0039605234311015204 0.0019393165530237927 -0.00070745899770851661 0.00033702969950009492 -0.003000736992425698 -0.0016870417676177116
leaf_weight=4306 692 13159 6350 5731 509 5312
leaf_count=4306 692 13159 6350 5731 509 5312
internal_value=0.000192097 0.000513509 -0.00113219 -0.000130821 -0.000607115 -0.00152473
internal_weight=36059 29017 7042 15858 11552 5821
internal_count=36059 29017 7042 15858 11552 5821
cat_boundaries=0 1 2 3
cat_threshold=214167846 17891888 2
is_linear=0
shrinkage=0.03


Tree=56
num_leaves=7
num_cat=2
split_feature=0 11 1 10 14 12
split_gain=17.9877 22.5619 20.6335 18.3586 12.7922 11.913
threshold=0 -0.3423574553856143 1 0.32542240043462872 -0.17016452810223601 0.073370377875970241
decision_type=1 8 9 8 8 8
left_child=-1 -2 3 -3 -5 -6
right_child=1 2 -4 4 5 -7
leaf_value=0.0010635909110105397 0.0041213882623654975 -0.00033573536467435157 -5.8871792645043669e-05 -0.0040466668499378388 -0.0025149910179454843 -0.0059543195595446749
leaf_weight=18166 2135 2368 9936 491 2291 693
leaf_count=18166 2135 2368 9936 491 2291 693
internal_value=0.000189574 -0.000484957 -0.000876616 -0.0022892 -0.00368095 -0.0029407
internal_weight=36080 17914 15779 5843 3475 2984
internal_count=36080 17914 15779 5843 3475 2984
cat_boundaries=0 1 2
cat_threshold=2 223760950
is_linear=0
shrinkage=0.03


Tree=57
num_leaves=7
num_cat=2
split_feature=11 9 0 11 1 10
split_gain=17.5983 16.6723 12.9904 17.5549 17.997 16.5349
threshold=0.15545873727501783 -0.0076834456196110948 0 -0.30967381029961411 1 0.056590859681420642
decision_type=10 8 1 8 9 8
left_child=2 -2 -1 -4 -5 -6
right_child=1 -3 3 4 5 -7
leaf_value=0.0017348254501585649 -0.003130785167642619 -0.00029421524987888127 0.0034006456014681347 0.00087204927393366813 0.0021325891586375162 -0.0026476233470069627
leaf_weight=13509 2097 7779 2722 4186 1574 4410
leaf_count=13509 2097 7779 2722 4186 1574 4410
internal_value=0.000189123 -0.000891161 0.000593251 -8.79546e-05 -0.000660702 -0.00171443
internal_weight=36277 9876 26401 12892 10170 5984
internal_count=36277 9876 26401 12892 10170 5984
cat_boundaries=0 1 2
cat_threshold=2 44117440
is_linear=0
shrinkage=0.03


Tree=58
num_leaves=7
num_cat=0
split_feature=2 12 7 13 14 14
split_gain=16.1961 15.416 13.3952 12.9617 20.2028 14.789
threshold=2.5000000000000004 0.25134467548093703 0.12224606985068444 -0.10038608231734832 -0.048273083442673795 -0.045580402839237984
decision_type=2 10 10 8 10 10
left_child=-1 2 3 4 -2 -6
right_child=1 -3 -4 -5 5 -7
leaf_value=0.002138383224079022 -0.0003789998815657247 -0.0022841848229228595 -0.0012157298219917794 0.0011208803155343318 -0.0071033955744642619 -0.00034727912813927917
leaf_weight=6566 1427 2757 6814 18268 171 100
leaf_count=6566 1427 2757 6814 18268 171 100
internal_value=0.000212968 -8.66341e-05 0.000133304 0.000525267 -0.00198117 -0.00947426
internal_weight=36103 29537 26780 19966 1698 271
internal_count=36103 29537 26780 19966 1698 271
is_linear=0
shrinkage=0.03


Tree=59
num_leaves=7
num_cat=1
split_feature=11 9 2 0 14 12
split_gain=16.9367 14.8198 13.2827 14.2317 12.6838 11.0924
threshold=0.0023323424366328287 -0.025334364001575956 6.5000000000000009 0 -0.21807365200246628 0.52399055985091458
decision_type=8 8 2 1 8 10
left_child=4 -2 -3 -4 -1 -6
right_child=1 2 3 -5 5 -7
leaf_value=-0.0011278858570498741 -0.0020213215204113672 0.0010899394388299824 0.00044813376188994157 -0.0026107600562906078 0.0021556288769186333 -0.00061603289864759652
leaf_weight=1616 4300 8558 4649 3804 13097 133
leaf_count=1616 4300 8558 4649 3804 13097 133
internal_value=0.000183113 -0.000358812 3.89726e-05 -0.000804471 0.000961002 0.00126748
internal_weight=36157 21311 17011 8453 14846 13230
internal_count=36157 21311 17011 8453 14846 13230
cat_boundaries=0 1
cat_threshold=2
is_linear=0
shrinkage=0.03


Tree=60
num_leaves=7
num_cat=0
split_feature=2 11 12 13 13 11
split_gain=15.0567 15.6839 15.3321 11.799 29.0057 12.0926
threshold=2.5000000000000004 -0.21701590015594882 0.2692708206256223 -0.12013673608311015 -0.12125964492891932 0.21338947451370818
decision_type=2 8 10 8 10 10
left_child=-1 -2 3 4 -3 -5
right_child=1 2 -4 5 -6 -7
leaf_value=0.0020206631369710866 0.0027003476279330299 -0.00067149480794802675 -0.0025528955220653314 0.00053794782829132636 -0.0068873672515018134 -0.0014228408606975372
leaf_weight=6593 4083 911 2138 17170 196 5119
leaf_count=6593 4083 911 2138 17170 196 5119
internal_value=0.000188065 -0.000100581 -0.000376659 -0.000154379 -0.00317599 -4.17216e-06
internal_weight=36210 29617 25534 23396 1107 22289
internal_count=36210 29617 25534 23396 1107 22289
is_linear=0
shrinkage=0.03


Tree=61
num_leaves=7
num_cat=1
split_feature=12 1 2 13 14 3
split_gain=13.4124 12.4682 11.3771 11.4496 20.134 11.2674
threshold=0.25134467548093703 0 2.5000000000000004 -0.1068798998878198 -0.048273083442673795 8.5000000000000018
decision_type=10 9 2 8 10 2
left_child=1 -1 -3 4 -4 -5
right_child=-2 2 3 5 -6 -7
leaf_value=0.0016014130530747673 -0.001743729784454718 0.001999119461556613 -0.0012562474977294879 0.00061246366578924236 -0.0058425664102014609 -0.0014560931397329959
leaf_weight=12832 3332 3701 894 9767 175 5390
leaf_count=12832 3332 3701 894 9767 175 5390
internal_value=0.000203729 0.000388187 -8.17032e-05 -0.000424108 -0.00342336 -0.000212363
internal_weight=36091 32759 19927 16226 1069 15157
internal_count=36091 32759 19927 16226 1069 15157
cat_boundaries=0 1
cat_threshold=322440280
is_linear=0
shrinkage=0.03


Tree=62
num_leaves=7
num_cat=3
split_feature=12 1 1 0 12 14
split_gain=13.3212 16.4221 16.3781 10.6246 10.1993 9.92152
threshold=0.11441314649183011 0 1 2 -0.31267888520113324 -0.21807365200246628
decision_type=10 9 9 1 8 8
left_child=1 -1 -2 -3 -5 -6
right_child=2 3 -4 4 5 -7
leaf_value=0.0022620524336192816 -0.0039942602314941636 0.00077628727323061984 -0.00035500399383318432 0.0045742113725521349 -0.0025271385492532908 -0.00098494625413919471
leaf_weight=9888 1103 8633 7734 909 707 7164
leaf_count=9888 1103 8633 7734 909 707 7164
internal_value=0.000193254 0.000520951 -0.000819077 -3.39186e-05 -0.000768705 -0.00111623
internal_weight=36138 27301 8837 17413 8780 7871
internal_count=36138 27301 8837 17413 8780 7871
cat_boundaries=0 1 2 3
cat_threshold=322440856 17941008 2
is_linear=0
shrinkage=0.03


Tree=63
num_leaves=7
num_cat=2
split_feature=0 1 12 14 13 14
split_gain=12.2775 13.722 16.0888 11.5632 11.6278 19.4911
threshold=0 1 0.11441314649183011 -0.21807365200246628 -0.1068798998878198 -0.056617461712858315
decision_type=1 9 10 8 8 10
left_child=-1 -2 3 -3 5 -5
right_child=1 2 -4 4 -6 -7
leaf_value=0.00089788973367384598 0.00055967239555718194 -0.0023025534072261301 -0.0048818460126675064 -0.00067872792086792419 2.4927641857866425e-06 -0.0057669206319691012
leaf_weight=18233 8309 780 1149 469 7058 187
leaf_count=18233 8309 780 1149 469 7058 187
internal_value=0.000167883 -0.000389016 -0.00115817 -0.000708417 -0.000356189 -0.00417352
internal_weight=36185 17952 9643 8494 7714 656
internal_count=36185 17952 9643 8494 7714 656
cat_boundaries=0 1 2
cat_threshold=2 313003336
is_linear=0
shrinkage=0.03


Tree=64
num_leaves=7
num_cat=2
split_feature=11 9 14 1 12 1
split_gain=15.7128 13.8098 10.7046 17.109 11.2436 10.3178
threshold=-0.015178990301058624 0.01352896499849532 -0.21807365200246628 0 0.52399055985091458 1
decision_type=8 8 8 9 10 9
left_child=2 5 3 -1 -4 -2
right_child=1 -3 4 -5 -6 -7
leaf_value=-0.0027599673422494656 -0.0040877245084057429 0.00015406850704344522 0.0020788292776573627 0.00097568078599573804 -0.00050250768970229952 -0.0011019234350199865
leaf_weight=516 1051 16294 12099 893 122 5153
leaf_count=516 1051 16294 12099 893 122 5153
internal_value=0.000180022 -0.000306947 0.000983787 -0.00149149 0.00126927 -0.00151136
internal_weight=36128 22498 13630 1409 12221 6204
internal_count=36128 22498 13630 1409 12221 6204
cat_boundaries=0 1 2
cat_threshold=471065734 142676626
is_linear=0
shrinkage=0.03


Tree=65
num_leaves=7
num_cat=0
split_feature=2 12 7 13 14 14
split_gain=12.9762 12.7961 9.27437 7.92047 14.2584 9.13158
threshold=2.5000000000000004 0.11441314649183011 0.16256186822423849 -0.10038608231734832 -0.048273083442673795 -0.20884324965966608
decision_type=2 10 10 8 10 8
left_child=-1 2 3 4 -2 -5
right_child=1 -3 -4 5 -6 -7
leaf_value=0.0020189005031601487 -0.00024609496507847236 -0.0012868323858436727 -0.0012808822577570773 -0.0012640389992894202 -0.0044618108347933829 0.0014591829387107422
leaf_weight=6584 1218 7131 4062 1146 228 15830
leaf_count=6584 1218 7131 4062 1146 228 15830
internal_value=0.000218702 -4.91287e-05 0.000302068 0.000588178 -0.0015425 0.000769747
internal_weight=36199 29615 22484 18422 1446 16976
internal_count=36199 29615 22484 18422 1446 16976
is_linear=0
shrinkage=0.03


Tree=66
num_leaves=7
num_cat=2
split_feature=11 2 0 1 13 13
split_gain=14.8515 17.1725 18.0133 17.4597 15.336 23.0913
threshold=-0.12574695785839338 4.5000000000000009 0 1 -0.12013673608311015 -0.12125964492891932
decision_type=8 2 1 9 8 10
left_child=-1 -2 -3 -4 5 -5
right_child=1 2 3 4 -6 -7
leaf_value=0.0020015405522892655 0.00096250277073346865 0.00012669546892239114 -0.00021613366739994355 -0.004076031340827237 -0.0031966904766409275 -0.006850267240822154
leaf_weight=7929 10106 10172 3261 268 4211 118
leaf_count=7929 10106 10172 3261 268 4211 118
internal_value=0.000154301 -0.000168888 -0.000723753 -0.00180252 -0.00299023 -0.00871318
internal_weight=36065 28136 18030 7858 4597 386
internal_count=36065 28136 18030 7858 4597 386
cat_boundaries=0 1 2
cat_threshold=2 313002056
is_linear=0
shrinkage=0.03


Tree=67
num_leaves=7
num_cat=2
split_feature=11 9 14 0 1 2
split_gain=13.8567 13.8042 11.3052 10.6544 14.943 10.9517
threshold=-0.032064364853905396 0.018551383403440095 -0.12595412072526249 0 1 7.5000000000000009
decision_type=8 8 8 1 9 2
left_child=2 -2 -1 -3 5 -5
right_child=1 3 -4 4 -6 -7
leaf_value=-0.00029517630038082999 -0.0015566975777184307 0.001249047608048318 0.002926889833622044 -0.0012058335878135801 0.00011537767130459555 -0.0047184627157127066
leaf_weight=4136 6768 9019 8514 1030 5932 762
leaf_count=4136 6768 9019 8514 1030 5932 762
internal_value=0.000185913 -0.000244854 0.000986483 0.000217332 -0.000600388 -0.00299168
internal_weight=36161 23511 12650 16743 7724 1792
internal_count=36161 23511 12650 16743 7724 1792
cat_boundaries=0 1 2
cat_threshold=2 89288708
is_linear=0
shrinkage=0.03


Tree=68
num_leaves=7
num_cat=2
split_feature=2 0 10 1 13 13
split_gain=13.0138 11.5275 12.2746 13.428 16.5568 18.2699
threshold=3.5000000000000004 0 0.056590859681420642 1 -0.12013673608311015 -0.12125964492891932
decision_type=2 1 8 9 8 10
left_child=-1 -2 -3 4 5 -4
right_child=1 2 3 -5 -6 -7
leaf_value=0.0014017977175143626 0.00057738611195358176 0.00095200816055686116 -0.0029376044735786025 -0.00048873026977190885 -0.0025185855293409485 -0.0076080290923362711
leaf_weight=9728 13339 3739 247 5638 3365 103
leaf_count=9728 13339 3739 247 5638 3365 103
internal_value=0.000189906 -0.00015538 -0.000787749 -0.00136851 -0.0027657 -0.00897436
internal_weight=36159 26431 13092 9353 3715 350
internal_count=36159 26431 13092 9353 3715 350
cat_boundaries=0 1 2
cat_threshold=2 223862806
is_linear=0
shrinkage=0.03


Tree=69
num_leaves=7
num_cat=2
split_feature=11 9 1 2 1 13
split_gain=13.8842 13.8463 15.4968 13.3815 11.5318 11.0924
threshold=-0.12574695785839338 -0.025334364001575956 0 7.5000000000000009 1 0.070150462194139548
decision_type=8 8 9 2 9 8
left_child=-1 2 -2 -3 -5 -4
right_child=1 3 5 4 -6 -7
leaf_value=0.0019075571753402352 0.0017293416805554203 0.0010547887617477539 -0.0028914227031298103 -0.0022302854845682681 0.00015550002499442438 0.00049684023562483173
leaf_weight=8018 1607 12731 4094 3170 5400 1179
leaf_count=8018 1607 12731 4094 3170 5400 1179
internal_value=0.000162348 -0.000151054 -0.00132103 0.00022688 -0.000689534 -0.00210466
internal_weight=36199 28181 6880 21301 8570 5273
internal_count=36199 28181 6880 21301 8570 5273
cat_boundaries=0 1 2
cat_threshold=360186948 98283778
is_linear=0
shrinkage=0.03


Tree=70
num_leaves=7
num_cat=1
split_feature=11 2 12 1 3 3
split_gain=13.7752 13.6881 12.6406 18.658 11.2831 10.9479
threshold=-0.21701590015594882 4.5000000000000009 0.17434446353625835 0 6.5000000000000009 10.500000000000002
decision_type=8 2 10 9 2 2
left_child=-1 4 3 5 -2 -3
right_child=1 2 -4 -5 -6 -7
leaf_value=0.0024593061606218011 0.0026641667376095185 -0.00067997517541071545 -0.0020324182443489896 0.0012910255123237241 -0.00010139215168720573 -0.0027039440674656674
leaf_weight=4937 5318 7417 3319 7704 5919 1627
leaf_count=4937 5318 7417 3319 7704 5919 1627
internal_value=0.000178053 -5.42404e-05 -0.000523669 -0.000188429 0.000784036 -0.00111187
internal_weight=36241 31304 20067 16748 11237 9044
internal_count=36241 31304 20067 16748 11237 9044
cat_boundaries=0 1
cat_threshold=214167970
is_linear=0
shrinkage=0.03


Tree=71
num_leaves=7
num_cat=1
split_feature=11 0 2 14 3 11
split_gain=13.3475 15.1152 15.2337 14.79 11.7396 10.1422
threshold=-0.21701590015594882 0 6.5000000000000009 0.0053391873014220831 6.5000000000000009 0.064153952532231898
decision_type=8 1 2 8 2 10
left_child=-1 4 -3 -4 -2 -5
right_child=1 2 3 5 -6 -7
leaf_value=0.002360554655419283 0.0017035235774006034 0.00017412927069319206 -0.002733260274175163 0.002095530531394392 -0.00021072478228053215 -0.002876690163091332
leaf_weight=4918 8343 7395 2641 1616 8930 2288
leaf_count=4918 8343 7395 2641 1616 8930 2288
internal_value=0.000186898 -4.20003e-05 -0.000776845 -0.00183089 0.000551059 -0.000657618
internal_weight=36131 31213 13940 6545 17273 3904
internal_count=36131 31213 13940 6545 17273 3904
cat_boundaries=0 1
cat_threshold=2
is_linear=0
shrinkage=0.03


Tree=72
num_leaves=7
num_cat=2
split_feature=12 1 1 14 2 12
split_gain=12.3747 12.9585 7.46522 7.89549 7.17561 6.64054
threshold=0.18030009168971708 0 1 -0.084295551858644249 2.5000000000000004 -0.17928688717850691
decision_type=10 9 9 10 2 10
left_child=1 4 3 -2 -1 -6
right_child=2 -3 -4 -5 5 -7
leaf_value=0.0016861595260644336 -0.011434682350567322 0.0013787313049825184 -0.00082925156053250684 -0.0027016674272835736 0.00077687364074519808 -0.0011315853242228908
leaf_weight=2578 104 16421 5097 203 3666 7986
leaf_count=2578 104 16421 5097 203 3666 7986
internal_value=0.000193449 0.000426824 -0.00113006 -0.00559434 -0.000235938 -0.000552991
internal_weight=36055 30651 5404 307 14230 11652
internal_count=36055 30651 5404 307 14230 11652
cat_boundaries=0 1 2
cat_threshold=8646950 16908816
is_linear=0
shrinkage=0.03


Tree=73
num_leaves=7
num_cat=2
split_feature=11 9 1 14 1 2
split_gain=12.1915 13.939 13.791 13.0397 14.3755 11.9372
threshold=0.063178089679120322 0.22434583399459121 0 -0.13849821623747985 1 1.5000000000000002
decision_type=10 8 9 10 9 2
left_child=3 5 -3 4 -1 -2
right_child=1 2 -4 -5 -6 -7
leaf_value=-0.0075177738228221561 0.0028510373217039428 -0.0020390819742967278 0.0012198887403811766 0.0018347216754725521 -0.00016031598248599253 -0.0018658676145771299
leaf_weight=253 930 1156 6305 14720 6110 6721
leaf_count=253 930 1156 6305 14720 6110 6721
internal_value=0.000170323 -0.000479984 0.000442643 0.000636454 -0.000498271 -0.00137964
internal_weight=36195 15112 7461 21083 6363 7651
internal_count=36195 15112 7461 21083 6363 7651
cat_boundaries=0 1 2
cat_threshold=97525764 131092
is_linear=0
shrinkage=0.03


Tree=74
num_leaves=7
num_cat=2
split_feature=11 9 1 13 1 2
split_gain=13.2594 11.9091 10.9089 10.5703 15.7892 12.9877
threshold=0.24641175140547536 -0.034762377333850118 0 -0.10038608231734832 1 5.5000000000000009
decision_type=10 8 9 8 9 2
left_child=3 2 -2 4 5 -1
right_child=1 -3 -4 -5 -6 -7
leaf_value=-0.0007211092035000438 -0.0069661198190233333 -0.00059320673485106236 -0.0025327855233900848 0.00076446634976681197 -0.00037430145626694172 -0.0064708609107084454
leaf_weight=226 115 4874 875 27702 2119 249
leaf_count=226 115 4874 875 27702 2119 249
internal_value=0.000126103 -0.00117954 -0.0041776 0.000378849 -0.00145202 -0.00632716
internal_weight=36160 5864 990 30296 2594 475
internal_count=36160 5864 990 30296 2594 475
cat_boundaries=0 1 2
cat_threshold=142680576 487752726
is_linear=0
shrinkage=0.03


Tree=75
num_leaves=7
num_cat=1
split_feature=11 2 1 9 14 12
split_gain=12.7695 12.226 11.0869 11.019 10.2965 8.6812
threshold=-0.015178990301058624 5.5000000000000009 0 -0.017608592454831037 -0.084295551858644249 0.11621002391203562
decision_type=10 2 9 8 10 10
left_child=4 3 5 -2 -1 -3
right_child=1 2 -4 -5 -6 -7
leaf_value=-4.5661249370881409e-05 -0.0011687371290885109 -0.0018431668114907008 -0.00051479252849981826 0.0014881833680304808 0.0024214645249254511 -0.0041598760767268357
leaf_weight=7027 2518 2737 7714 6292 9345 558
leaf_count=7027 2518 2737 7714 6292 9345 558
internal_value=0.000186588 -0.00032558 -0.000992098 0.00050732 0.000806572 -0.00244555
internal_weight=36191 19819 11009 8810 16372 3295
internal_count=36191 19819 11009 8810 16372 3295
cat_boundaries=0 1
cat_threshold=98009874
is_linear=0
shrinkage=0.03


Tree=76
num_leaves=7
num_cat=1
split_feature=11 2 0 14 8 3
split_gain=13.1671 12.3371 14.8258 14.8499 12.1121 10.9145
threshold=-0.14312379761655866 4.5000000000000009 0 0.0053391873014220831 1.0000000180025095e-35 6.5000000000000009
decision_type=8 2 1 10 8 2
left_child=-1 5 -3 4 -4 -2
right_child=1 2 3 -5 -6 -7
leaf_value=0.0019833618021856867 0.0025845714789710858 0.00016540779653383242 -0.0040564759552022918 -0.00079996009782269911 -0.0019802051416617362 -0.00013507443594140486
leaf_weight=7268 4815 10465 1125 4550 2440 5561
leaf_count=7268 4815 10465 1125 4550 2440 5561
internal_value=0.00015354 -0.000133025 -0.00059577 -0.00155803 -0.00300757 0.000695577
internal_weight=36224 28956 18580 8115 3565 10376
internal_count=36224 28956 18580 8115 3565 10376
cat_boundaries=0 1
cat_threshold=2
is_linear=0
shrinkage=0.03


Tree=77
num_leaves=7
num_cat=2
split_feature=11 0 14 1 2 3
split_gain=11.4003 12.8635 17.0132 23.2317 16.2426 13.3233
threshold=-0.3423574553856143 0 -0.032970501206505333 1 4.5000000000000009 6.5000000000000009
decision_type=8 1 8 9 2 2
left_child=-1 -2 3 4 -3 -6
right_child=1 2 -4 -5 5 -7
leaf_value=0.0033478878786070854 0.00068383596262090881 -0.00068836723711239944 0.00018593195706177913 -0.00098865197811390509 -0.0091766132415573836 -0.0021050976756379612
leaf_weight=2507 17997 329 9998 4870 262 312
leaf_count=2507 17997 329 9998 4870 262 312
internal_value=0.000198065 5.31258e-05 -0.000572343 -0.00186889 -0.0062593 -0.00937043
internal_weight=36275 33768 15771 5773 903 574
internal_count=36275 33768 15771 5773 903 574
cat_boundaries=0 1 2
cat_threshold=2 223543318
is_linear=0
shrinkage=0.03


Tree=78
num_leaves=7
num_cat=3
split_feature=11 9 1 13 1 1
split_gain=11.8484 13.2644 9.93081 9.87366 13.812 10.0764
threshold=0.21338947451370818 0.13353139262452321 0 -0.10038608231734832 1 2
decision_type=10 8 9 8 9 9
left_child=3 -2 -3 4 -1 -5
right_child=1 2 -4 5 -6 -7
leaf_value=-0.0078764125486542012 -0.0023142115848078129 -0.0028316066235966717 0.00055654504926635389 -3.2428839806350514e-05 -0.00070910374986059115 0.0015171977365025591
leaf_weight=112 2571 543 4028 12185 2384 14299
leaf_count=112 2571 543 4028 12185 2384 14299
internal_value=0.000171248 -0.000923141 4.6588e-05 0.000440979 -0.00136243 0.000610987
internal_weight=36122 7142 4571 28980 2496 26484
internal_count=36122 7142 4571 28980 2496 26484
cat_boundaries=0 1 2 3
cat_threshold=97525760 131092 774714
is_linear=0
shrinkage=0.03


Tree=79
num_leaves=7
num_cat=2
split_feature=2 7 0 14 1 3
split_gain=10.6556 9.84601 9.10189 14.9541 16.8726 10.6532
threshold=1.5000000000000002 0.26332573173744406 0 -0.026937717924103603 1 7.5000000000000009
decision_type=2 10 1 10 9 2
left_child=-1 2 5 4 -4 -2
right_child=1 -3 3 -5 -6 -7
leaf_value=0.0026061759869292099 0.001696094917893784 -0.0016596300564891806 -0.003530376977455819 0.001082256843888976 -0.00045096031066570619 -0.00024485422491900169
leaf_weight=3336 8572 3779 1717 6896 5387 6440
leaf_count=3336 8572 3779 1717 6896 5387 6440
internal_value=0.000143407 -2.09501e-05 0.000166684 -0.000383544 -0.00134947 0.000679811
internal_weight=36127 32791 29012 14000 7104 15012
internal_count=36127 32791 29012 14000 7104 15012
cat_boundaries=0 1 2
cat_threshold=2 471023636
is_linear=0
shrinkage=0.03


Tree=80
num_leaves=7
num_cat=1
split_feature=12 1 12 2 3 13
split_gain=10.592 10.2842 8.56118 7.95094 7.54517 7.83065
threshold=0.28304854962685916 0 -0.31267888520113324 1.5000000000000002 8.5000000000000018 -0.1068798998878198
decision_type=10 9 8 2 2 8
left_child=1 -1 -3 -4 5 -5
right_child=-2 2 3 4 -6 -7
leaf_value=0.0012238870060994728 -0.0015200169544256922 0.0041768742553790657 0.0023492337826714078 -0.0025869538403801577 -0.0014896836944787932 0.00018798225965420808
leaf_weight=14981 2658 1350 1575 598 5545 9389
leaf_count=14981 2658 1350 1575 598 5545 9389
internal_value=0.000184171 0.000329077 -0.000145062 -0.000326689 -0.000532672 -3.99478e-05
internal_weight=36096 33438 18457 17107 15532 9987
internal_count=36096 33438 18457 17107 15532 9987
cat_boundaries=0 1
cat_threshold=389811288
is_linear=0
shrinkage=0.03


Tree=81
num_leaves=7
num_cat=2
split_feature=11 9 1 13 13 0
split_gain=11.8488 11.4706 11.6833 10.7298 17.3806 9.98692
threshold=-0.12574695785839338 -0.025334364001575956 0 0.070150462194139548 0.058367103392011815 1
decision_type=8 8 9 8 10 1
left_child=-1 2 -2 4 -4 -3
right_child=1 5 3 -5 -6 -7
leaf_value=0.0016582497600985172 0.00095199133462002192 0.00099263478357648803 -0.0023184961345718512 0.00052425999841265464 -0.0099905491745591324 -0.0006098627032663066
leaf_weight=7980 2051 11893 3532 1138 179 9386
leaf_count=7980 2051 11893 3532 1138 179 9386
internal_value=0.000182439 -0.000106565 -0.0011694 -0.00196975 -0.00275512 0.000238111
internal_weight=36159 28179 6900 4849 3711 21279
internal_count=36159 28179 6900 4849 3711 21279
cat_boundaries=0 1 2
cat_threshold=360197188 2
is_linear=0
shrinkage=0.03


Tree=82
num_leaves=7
num_cat=2
split_feature=11 0 1 14 8 11
split_gain=11.1284 12.4402 14.7969 16.647 12.1425 11.7825
threshold=-0.3423574553856143 0 1 -0.17016452810223601 -0.40921096844267474 0.42955182210888015
decision_type=8 1 9 8 8 10
left_child=-1 5 -3 4 -4 -2
right_child=1 2 3 -5 -6 -7
leaf_value=0.003204709456276465 0.00080480263316268696 0.00043209455658482044 -0.0046963512883005957 -0.0013161461941841388 -0.0030507211655383037 -0.003477058180656118
leaf_weight=2446 17527 8111 128 6711 838 363
leaf_count=2446 17527 8111 128 6711 838 363
internal_value=0.000187183 4.52509e-05 -0.000568497 -0.00151132 -0.00519338 0.000586887
internal_weight=36124 33678 15788 7677 966 17890
internal_count=36124 33678 15788 7677 966 17890
cat_boundaries=0 1 2
cat_threshold=2 44568008
is_linear=0
shrinkage=0.03


Tree=83
num_leaves=7
num_cat=2
split_feature=11 2 9 1 1 11
split_gain=11.2586 11.1223 12.2389 17.3729 14.7452 10.3793
threshold=-0.12574695785839338 1.5000000000000002 0.22434583399459121 0 1 0.1506498632723399
decision_type=8 2 8 9 9 10
left_child=-1 -2 3 -3 -4 -5
right_child=1 2 4 5 -6 -7
leaf_value=0.0015954371399281595 0.0025516768352971215 -0.0031909504602746024 0.001971086770293284 0.00016110039088077999 -0.00074149267919071404 -0.0016849671666017384
leaf_weight=8019 2627 1805 5976 7761 6454 3514
leaf_count=8019 2627 1805 5976 7761 6454 3514
internal_value=0.000178887 -0.000103739 -0.000295167 -0.000935708 0.000378892 -0.000495747
internal_weight=36156 28137 25510 13080 12430 11275
internal_count=36156 28137 25510 13080 12430 11275
cat_boundaries=0 1 2
cat_threshold=134709778 439094998
is_linear=0
shrinkage=0.03


Tree=84
num_leaves=7
num_cat=2
split_feature=7 1 1 12 8 8
split_gain=9.72862 9.5068 7.47014 7.61053 11.2311 7.32487
threshold=0.3798184609143887 0 1 0.28304854962685916 0.016573250268018484 -0.28768207245178118
decision_type=10 9 9 10 8 10
left_child=2 -2 -1 -4 5 -5
right_child=1 -3 3 4 -6 -7
leaf_value=0.0015010470610575415 -0.0041760540866974489 0.00051985254063010515 0.00024834957744525473 0.0012564455842485175 0.00033764796726509002 -0.0040140197057869182
leaf_weight=4820 1033 862 27577 208 1137 590
leaf_count=4820 1033 862 27577 208 1137 590
internal_value=0.00016951 -0.00192247 0.000285032 0.000105884 -0.00171229 -0.00443805
internal_weight=36227 1895 34332 29512 1935 798
internal_count=36227 1895 34332 29512 1935 798
cat_boundaries=0 1 2
cat_threshold=186773604 287312960
is_linear=0
shrinkage=0.03


Tree=85
num_leaves=7
num_cat=2
split_feature=11 0 2 1 3 3
split_gain=11.8002 10.9465 13.0991 13.7891 16.0013 11.5749
threshold=-0.14312379761655866 0 7.5000000000000009 1 5.5000000000000009 6.5000000000000009
decision_type=8 1 2 9 2 2
left_child=-1 5 -3 4 -4 -2
right_child=1 2 3 -5 -6 -7
leaf_value=0.0017895223382335807 0.00144072736373018 3.4673038860372478e-05 -0.0095823684478261069 -0.001548540664485297 -0.0026472748851420085 -0.00038932302995508682
leaf_weight=7284 7936 7787 190 4322 383 8394
leaf_count=7284 7936 7787 190 4322 383 8394
internal_value=0.000178197 -9.28548e-05 -0.00075408 -0.00196998 -0.00630308 0.000420672
internal_weight=36296 29012 12682 4895 573 16330
internal_count=36296 29012 12682 4895 573 16330
cat_boundaries=0 1 2
cat_threshold=2 223477780
is_linear=0
shrinkage=0.03


Tree=86
num_leaves=7
num_cat=1
split_feature=11 0 8 3 2 10
split_gain=11.6146 13.0557 11.7283 11.2615 10.8909 8.91714
threshold=-0.21701590015594882 0 -0.22314355131420924 6.5000000000000009 9.5000000000000018 0.66710590035436612
decision_type=8 1 8 2 2 8
left_child=-1 3 -3 -2 -4 -5
right_child=1 2 4 5 -6 -7
leaf_value=0.0020679591442939972 0.0015468326515447077 -0.0020558426382379642 0.00012020309883019288 -0.0010159822576364689 -0.0025269254840144615 0.0010646525129339513
leaf_weight=4935 8366 1478 9601 4807 2820 4096
leaf_count=4935 8366 1478 9601 4807 2820 4096
internal_value=0.000194688 -1.94423e-05 -0.000703813 0.000531384 -0.000403075 -0.000211253
internal_weight=36103 31168 13899 17269 12421 8903
internal_count=36103 31168 13899 17269 12421 8903
cat_boundaries=0 1
cat_threshold=2
is_linear=0
shrinkage=0.03


Tree=87
num_leaves=7
num_cat=1
split_feature=11 0 14 11 8 3
split_gain=10.5048 12.7372 15.0984 13.1177 11.2012 10.2985
threshold=-0.32596505613497312 0 0.0053391873014220831 0.063178089679120322 0.016573250268018484 6.5000000000000009
decision_type=8 1 10 8 8 2
left_child=-1 5 4 -4 -3 -2
right_child=1 2 3 -5 -6 -7
leaf_value=0.0029361421888732175 0.0015249424750395275 -0.0019304511543145387 0.0040118874570367934 -0.00080037279272968294 -0.00055829022208652552 -0.00012615381630876372
leaf_weight=2737 8656 3478 2470 5588 4114 9290
leaf_count=2737 8656 3478 2470 5588 4114 9290
internal_value=0.000171162 2.55381e-05 -0.000599962 0.000304504 -0.00155986 0.000571015
internal_weight=36333 33596 15650 8058 7592 17946
internal_count=36333 33596 15650 8058 7592 17946
cat_boundaries=0 1
cat_threshold=2
is_linear=0
shrinkage=0.03


Tree=88
num_leaves=7
num_cat=3
split_feature=12 11 1 1 12 1
split_gain=10.0224 9.98893 9.17398 8.48398 7.27125 6.52861
threshold=0.25134467548093703 0.21338947451370818 0 1 0.11441314649183011 2
decision_type=10 10 9 9 10 9
left_child=1 2 4 -2 -1 -3
right_child=3 5 -4 -5 -6 -7
leaf_value=-5.2558707894574136e-05 0.0010008567567103173 0.00081310199739265229 0.0012130053758345083 -0.0018506809503833928 -0.0029845885988693498 -0.0016706176149787414
leaf_weight=7706 696 2173 18318 2656 466 4043
leaf_count=7706 696 2173 18318 2656 466 4043
internal_value=0.000177043 0.000337176 0.000591144 -0.00138503 -0.000244898 -0.000745054
internal_weight=36058 32706 26490 3352 8172 6216
internal_count=36058 32706 26490 3352 8172 6216
cat_boundaries=0 1 2 3
cat_threshold=249906 2132448 269356122
is_linear=0
shrinkage=0.03


Tree=89
num_leaves=7
num_cat=2
split_feature=11 0 14 1 2 11
split_gain=9.17172 10.639 14.1748 21.7338 14.0576 12.981
threshold=-0.3423574553856143 0 -0.026937717924103603 1 4.5000000000000009 0.063178089679120322
decision_type=8 1 10 9 2 10
left_child=-1 -2 3 4 -3 -4
right_child=1 2 5 -5 -6 -7
leaf_value=0.0029475601142612147 0.00059862107387333944 -0.00062186845651767471 0.0027463019475562401 -0.00076793201422143418 -0.0054824563971313254 -0.0010435743434096271
leaf_weight=2480 17809 390 3975 5663 651 5121
leaf_count=2480 17809 390 3975 5663 651 5121
internal_value=0.000174481 4.45404e-05 -0.000522119 -0.00156868 -0.00552947 0.000249313
internal_weight=36089 33609 15800 6704 1041 9096
internal_count=36089 33609 15800 6704 1041 9096
cat_boundaries=0 1 2
cat_threshold=2 223547414
is_linear=0
shrinkage=0.03


Tree=90
num_leaves=7
num_cat=1
split_feature=11 9 0 11 14 14
split_gain=8.71399 10.8896 9.01852 8.53767 11.9487 6.32026
threshold=-0.21701590015594882 0.018551383403440095 0 0.16341048980260989 -0.078181144969142288 -0.11328037949167755
decision_type=8 8 1 10 10 8
left_child=5 3 -3 4 -2 -1
right_child=1 2 -4 -5 -6 -7
leaf_value=0.00016706157731577565 -0.0015613516967880492 0.0011962040605061819 -0.00031152925670640614 -0.001969052660061608 0.00043750467578067921 0.0037830968578283141
leaf_weight=1995 2556 11261 9225 2447 5776 2889
leaf_count=1995 2556 11261 9225 2447 5776 2889
internal_value=0.000218174 3.40627e-05 0.000440182 -0.000737755 -0.000280091 0.00139652
internal_weight=36149 31265 20486 10779 8332 4884
internal_count=36149 31265 20486 10779 8332 4884
cat_boundaries=0 1
cat_threshold=2
is_linear=0
shrinkage=0.03


Tree=91
num_leaves=7
num_cat=0
split_feature=11 4 4 14 14 13
split_gain=9.69001 10.605 18.3019 23.635 30.5178 20.7543
threshold=-0.047984122943401701 7.5000000000000009 3.5000000000000004 0.15536982916009345 0.086602373224679396 0.0085053990659349297
decision_type=8 2 2 10 8 10
left_child=-1 2 -2 4 -4 -6
right_child=1 -3 3 -5 5 -7
leaf_value=0.001103286628388394 0.0011371411157011808 0.00070458619653523383 -0.00086240094863762574 0.00029406851734222383 -0.0015839210343554205 -0.0057913784179846736
leaf_weight=11663 5541 9469 2934 4164 977 1290
leaf_count=11663 5541 9469 2934 4164 977 1290
internal_value=0.000182136 -0.000158147 -0.000656872 -0.00146541 -0.00281373 -0.00542725
internal_weight=36038 24375 14906 9365 5201 2267
internal_count=36038 24375 14906 9365 5201 2267
is_linear=0
shrinkage=0.03


Tree=92
num_leaves=7
num_cat=2
split_feature=11 2 9 1 1 11
split_gain=10.1018 10.179 12.4211 16.672 12.4523 9.58875
threshold=-0.14312379761655866 1.5000000000000002 0.22434583399459121 0 1 0.099556557356379485
decision_type=8 2 8 9 9 10
left_child=-1 -2 3 -3 -4 -5
right_child=1 2 4 5 -6 -7
leaf_value=0.0015809129449342863 0.0024068955142371321 -0.0024414130832642817 0.0017517056306295838 0.00067744851070810404 -0.00057914324844573518 -0.0012676433988718641
leaf_weight=7167 2675 3428 5998 6169 6553 4034
leaf_count=7167 2675 3428 5998 6169 6553 4034
internal_value=0.000175212 -7.5161e-05 -0.00025528 -0.000882262 0.000425669 -0.000272273
internal_weight=36024 28857 26182 13631 12551 10203
internal_count=36024 28857 26182 13631 12551 10203
cat_boundaries=0 1 2
cat_threshold=143098770 439094998
is_linear=0
shrinkage=0.03


Tree=93
num_leaves=7
num_cat=1
split_feature=11 0 14 11 11 6
split_gain=7.99803 10.9963 12.6135 12.1157 10.698 9.68896
threshold=-0.3423574553856143 0 0.0053391873014220831 0.063178089679120322 0.49988310602673286 0.010449857882699034
decision_type=8 1 10 8 10 10
left_child=-1 4 -3 -4 -2 -5
right_child=1 2 3 5 -6 -7
leaf_value=0.0026459750596749222 0.00074945066250231226 -0.001220632617155616 0.0038041180879427 0.0018729116907522055 -0.0039295812288854355 -0.0018156219389575338
leaf_weight=2456 17748 7683 2514 1729 101 3814
leaf_count=2456 17748 7683 2514 1729 101 3814
internal_value=0.000210981 9.01162e-05 -0.000487898 0.0003414 0.000599832 -0.000442099
internal_weight=36045 33589 15740 8057 17849 5543
internal_count=36045 33589 15740 8057 17849 5543
cat_boundaries=0 1
cat_threshold=2
is_linear=0
shrinkage=0.03


Tree=94
num_leaves=7
num_cat=0
split_feature=11 14 9 4 6 14
split_gain=7.81791 11.3049 10.5585 9.03984 8.93718 6.78458
threshold=-0.06621950140804643 -0.13849821623747985 -0.024172373461926352 8.5000000000000018 0.45319042766140122 -0.32894240251914902
decision_type=8 8 8 2 8 10
left_child=1 3 4 -1 -2 -5
right_child=2 -3 -4 5 -6 -7
leaf_value=0.00088549152438063339 -0.00094479704382142114 0.0026254632706538108 0.00027648204290554521 0.0052275759350453362 -0.0049428764431930228 -0.001554614142489686
leaf_weight=1497 5412 7598 19441 224 536 1350
leaf_count=1497 5412 7598 19441 224 536 1350
internal_value=0.00020117 0.000882568 -8.51909e-05 -0.00065332 -0.00119112 -0.00224
internal_weight=36058 10669 25389 3071 5948 1574
internal_count=36058 10669 25389 3071 5948 1574
is_linear=0
shrinkage=0.03


Tree=95
num_leaves=7
num_cat=0
split_feature=6 12 4 4 14 14
split_gain=8.71767 12.1165 8.64127 12.8365 20.1718 24.7658
threshold=1.0000000180025095e-35 0.56156039056861717 7.5000000000000009 3.5000000000000004 0.15536982916009345 0.086602373224679396
decision_type=8 10 2 2 10 8
left_child=1 -1 3 -2 5 -5
right_child=2 -3 -4 4 -6 -7
leaf_value=0.0008058938976525916 0.00084992863093700697 -0.0013204856981694454 0.00071390371859871796 -0.00094481772794196824 0.00013889522347910335 -0.0044187035102666592
leaf_weight=16511 4829 110 6778 2161 3836 1851
leaf_count=16511 4829 110 6778 2161 3836 1851
internal_value=0.000185104 0.000689628 -0.000245939 -0.000708235 -0.001457 -0.00294393
internal_weight=36076 16621 19455 12677 7848 4012
internal_count=36076 16621 19455 12677 7848 4012
is_linear=0
shrinkage=0.03


Tree=96
num_leaves=7
num_cat=3
split_feature=11 2 0 1 10 1
split_gain=8.95221 9.97548 9.22667 14.1995 13.5238 11.2744
threshold=-0.3423574553856143 2.5000000000000004 0 1 -1.0000000180025095e-35 2
decision_type=8 2 1 9 8 9
left_child=-1 -2 5 4 -4 -3
right_child=1 2 3 -5 -6 -7
leaf_value=0.0027041029698584031 0.0014104557362051662 0.0014647253910574866 0.0007918811534972501 2.6010507045606205e-06 -0.0032367268686874493 -0.00031318973554986186
leaf_weight=2471 6154 5222 1251 7861 3733 9444
leaf_count=2471 6154 5222 1251 7861 3733 9444
internal_value=0.000164043 3.60899e-05 -0.000208164 -0.000795189 -0.00204565 0.000305993
internal_weight=36136 33665 27511 12845 4984 14666
internal_count=36136 33665 27511 12845 4984 14666
cat_boundaries=0 1 2 3
cat_threshold=2 222810676 494144628
is_linear=0
shrinkage=0.03


Tree=97
num_leaves=7
num_cat=0
split_feature=11 14 9 2 2 11
split_gain=8.53613 10.9386 10.3716 8.13158 7.15449 8.43729
threshold=-0.1763191841191509 -0.13849821623747985 0.023453031082659063 8.5000000000000018 1.5000000000000002 0.18626590482105956
decision_type=8 8 8 2 2 10
left_child=1 -1 4 -4 -2 -6
right_child=2 -3 3 -5 5 -7
leaf_value=-0.00053561979506359979 0.0018196010130295899 0.0033086574386899511 0.0010285416623025019 -0.00052129388480885567 -0.00058124100327645607 -0.002830880221577254
leaf_weight=1888 1230 4135 13164 6613 7282 1877
leaf_count=1888 1230 4135 13164 6613 7282 1877
internal_value=0.000190578 0.00122161 -1.53146e-05 0.000387855 -0.000782772 -0.00107129
internal_weight=36189 6023 30166 19777 10389 9159
internal_count=36189 6023 30166 19777 10389 9159
is_linear=0
shrinkage=0.03


Tree=98
num_leaves=7
num_cat=3
split_feature=12 1 1 1 7 12
split_gain=7.19413 11.3249 10.9989 6.24227 6.01851 5.51044
threshold=0.11441314649183011 0 1 2 0.26332573173744406 -0.042009019968745058
decision_type=10 9 9 9 10 8
left_child=2 -2 5 -3 -4 -1
right_child=1 3 4 -5 -6 -7
leaf_value=0.0029514036336250448 -0.0031285912381544081 0.0014537759048514631 0.00017102501288213906 -0.0006475757643958518 -0.0022491782115780365 0.0008371706123448951
leaf_weight=4339 1201 1721 14170 5939 1688 7240
leaf_count=4339 1201 1721 14170 5939 1688 7240
internal_value=0.000222155 -0.000520988 0.000462169 -9.38599e-05 -5.14209e-05 0.00116454
internal_weight=36298 8861 27437 7660 15858 11579
internal_count=36298 8861 27437 7660 15858 11579
cat_boundaries=0 1 2 3
cat_threshold=84394512 326897304 144714050
is_linear=0
shrinkage=0.03


Tree=99
num_leaves=7
num_cat=3
split_feature=11 1 12 1 1 12
split_gain=8.93667 9.18688 9.72007 7.84415 7.71217 6.36103
threshold=0.21639449652935919 0 0.1119014638185143 1 2 0.37830549004446917
decision_type=10 9 10 9 9 10
left_child=1 -1 -3 -4 -2 -5
right_child=4 2 3 5 -6 -7
leaf_value=0.0010789192263911394 0.00031255426043548171 0.00046780319961866495 -0.004980026577340051 -0.00074239111323843015 -0.001748621329389341 -0.0017589691810613499
leaf_weight=12831 3193 12965 353 2532 3883 505
leaf_count=12831 3193 12965 353 2532 3883 505
internal_value=0.000174724 0.000406619 -6.50738e-05 -0.00149513 -0.000781687 -0.000987205
internal_weight=36262 29186 16355 3390 7076 3037
internal_count=36262 29186 16355 3390 7076 3037
cat_boundaries=0 1 2 3
cat_threshold=401616196 197136 269356154
is_linear=0
shrinkage=0.03


Tree=100
num_leaves=7
num_cat=1
split_feature=11 2 4 14 4 1
split_gain=7.3988 8.90984 8.42964 17.0704 16.8987 15.1646
threshold=-0.31934060946156156 1.5000000000000002 7.5000000000000009 -0.13849821623747985 3.5000000000000004 0
decision_type=8 2 2 8 2 9
left_child=-1 -2 4 5 -3 -4
right_child=1 2 3 -5 -6 -7
leaf_value=0.0023844638702392941 0.0021202316444977913 0.00075274379293915319 -0.0034847704711534126 0.0013691173312888288 -0.0014004724238510795 -0.00054644341604786117
leaf_weight=2873 3062 7176 562 9914 10276 2276
leaf_count=2873 3062 7176 562 9914 10276 2276
internal_value=0.000202463 7.62919e-05 -8.00529e-05 0.000506234 -0.000508451 -0.00154491
internal_weight=36139 33266 30204 12752 17452 2838
internal_count=36139 33266 30204 12752 17452 2838
cat_boundaries=0 1
cat_threshold=9864342
is_linear=0
shrinkage=0.03


Tree=101
num_leaves=7
num_cat=2
split_feature=11 9 1 1 2 11
split_gain=7.40426 8.69181 13.1768 11.802 9.86788 8.01802
threshold=-0.30967381029961411 0.22434583399459121 0 1 3.5000000000000004 0.14240411029154035
decision_type=8 8 9 9 2 10
left_child=-1 3 -3 4 -2 -5
right_child=1 2 -4 5 -6 -7
leaf_value=0.0020153821178928873 0.00027409972653996353 -0.002313585707121953 0.0011394750191113024 0.0010873319180645822 -0.0017655751929044083 -0.0010342230662043403
leaf_weight=3164 3164 1604 12768 6462 6772 2168
leaf_count=3164 3164 1604 12768 6462 6772 2168
internal_value=0.000191286 5.81075e-05 0.000611981 -0.000370657 -0.0010749 0.000440921
internal_weight=36102 32938 14372 18566 9936 8630
internal_count=36102 32938 14372 18566 9936 8630
cat_boundaries=0 1 2
cat_threshold=89264128 143639474
is_linear=0
shrinkage=0.03


Tree=102
num_leaves=7
num_cat=2
split_feature=11 2 9 14 0 1
split_gain=7.54057 11.445 10.0318 9.65252 8.19742 11.0696
threshold=-0.052801332949107486 6.5000000000000009 -0.068992871486951199 -0.032970501206505333 0 1
decision_type=10 2 8 10 1 9
left_child=3 2 -2 4 -1 -6
right_child=1 -3 -4 -5 5 -7
leaf_value=0.0016975307097699581 -0.001424806946542551 -0.00097863297204538592 0.0010604899991969584 0.0029124917744618008 -0.0020623700076274607 0.00012681037607618776
leaf_weight=3596 2605 10395 9020 5742 1490 3342
leaf_count=3596 2605 10395 9020 5742 1490 3342
internal_value=0.0001948 -0.000152582 0.000494151 0.000734599 8.82668e-05 -0.000718808
internal_weight=36190 22020 11625 14170 8428 4832
internal_count=36190 22020 11625 14170 8428 4832
cat_boundaries=0 1 2
cat_threshold=2 412274708
is_linear=0
shrinkage=0.03


Tree=103
num_leaves=7
num_cat=2
split_feature=7 14 0 1 3 7
split_gain=6.34498 8.66066 8.75635 11.5041 15.2271 6.85789
threshold=0.16097106850991996 -0.010547056409956807 0 1 6.5000000000000009 0.072413676183187295
decision_type=10 10 1 9 2 8
left_child=1 2 5 4 -4 -1
right_child=-2 -3 3 -5 -6 -7
leaf_value=0.0010691076783737466 -0.0007122825040436361 0.0014821794195320191 -0.0095770492053102885 -0.00050139442090970374 -0.00056201280281155679 -0.0011723127354194632
leaf_weight=6675 7437 11908 200 7860 257 1737
leaf_count=6675 7437 11908 200 7860 257 1737
internal_value=0.000158337 0.000361094 -7.90794e-05 -0.000769295 -0.00533974 0.000603352
internal_weight=36074 28637 16729 8317 457 8412
internal_count=36074 28637 16729 8317 457 8412
cat_boundaries=0 1 2
cat_threshold=2 131092
is_linear=0
shrinkage=0.03


Tree=104
num_leaves=7
num_cat=2
split_feature=11 0 14 1 4 4
split_gain=7.5326 8.05091 12.1426 13.6919 11.3218 18.4267
threshold=-0.30967381029961411 0 0.0053391873014220831 1 3.5000000000000004 7.5000000000000009
decision_type=8 1 10 9 2 2
left_child=-1 -2 3 -3 -4 -6
right_child=1 2 4 -5 5 -7
leaf_value=0.0020037260411018419 0.00053235677571825623 -0.00040833876329870284 0.0054074869288447593 -0.0028693288702707604 -0.0020364028193374491 0.0031208567963899076
leaf_weight=3101 17767 4891 1534 2334 3677 2771
leaf_count=3101 17767 4891 1534 2334 3677 2771
internal_value=0.000183363 5.04019e-05 -0.000456273 -0.00134722 0.000350244 -0.000200961
internal_weight=36075 32974 15207 7225 7982 6448
internal_count=36075 32974 15207 7225 7982 6448
cat_boundaries=0 1 2
cat_threshold=2 44601320
is_linear=0
shrinkage=0.03


Tree=105
num_leaves=7
num_cat=1
split_feature=6 12 13 1 3 11
split_gain=7.10241 10.724 8.457 15.2825 8.83264 7.76949
threshold=0.0038464341039139431 0.52399055985091458 -0.10038608231734832 0 6.5000000000000009 0.21338947451370818
decision_type=10 10 8 9 2 8
left_child=1 2 3 4 -1 -2
right_child=5 -3 -4 -5 -6 -7
leaf_value=-0.0066814701176678903 0.00020485748787150586 -0.0011273867733681802 0.0010301600367711632 -5.1178879014475835e-05 -0.0011218394753335903 -0.0012764404019439094
leaf_weight=155 10298 172 17513 2008 212 5844
leaf_count=155 10298 172 17513 2008 212 5844
internal_value=0.00015844 0.000535367 0.00060003 -0.00107955 -0.00661111 -0.000309979
internal_weight=36202 20060 19888 2375 367 16142
internal_count=36202 20060 19888 2375 367 16142
cat_boundaries=0 1
cat_threshold=67338388
is_linear=0
shrinkage=0.03


Tree=106
num_leaves=7
num_cat=2
split_feature=2 3 1 3 1 14
split_gain=6.26671 6.66934 17.5331 8.86917 12.0563 7.49495
threshold=1.5000000000000002 8.5000000000000018 0 2.5000000000000004 1 -0.13849821623747985
decision_type=2 2 9 2 9 8
left_child=-1 3 -3 4 -2 -5
right_child=1 2 -4 5 -6 -7
leaf_value=0.0018392635970727346 -0.0033540981872699121 0.0016288270265043363 -0.0011069237926579207 -0.00055525447579470803 -3.2866990462575008e-05 0.0013761675077759896
leaf_weight=3308 918 2753 8739 2613 4293 13491
leaf_count=3308 918 2753 8739 2613 4293 13491
internal_value=0.000168208 4.27031e-05 -0.000539807 0.000356774 -0.000718918 0.000704874
internal_weight=36115 32807 11492 21315 5211 16104
internal_count=36115 32807 11492 21315 5211 16104
cat_boundaries=0 1 2
cat_threshold=355544084 235666
is_linear=0
shrinkage=0.03


Tree=107
num_leaves=7
num_cat=3
split_feature=12 1 12 1 1 3
split_gain=6.63678 10.0423 6.77897 5.69027 5.64304 5.6471
threshold=0.13605256361529608 0 -0.26924935128296607 1 2 6.5000000000000009
decision_type=10 9 8 9 9 2
left_child=1 -1 -3 -2 -4 -6
right_child=3 2 4 -5 5 -7
leaf_value=0.0014807134694246218 0.000239632079374402 0.002166126406167855 -0.0030518289554583656 -0.0013822514108032468 0.00062310079641785671 -0.00055006679059412227
leaf_weight=9961 3886 2225 868 3603 7391 8246
leaf_count=9961 3886 2225 868 3603 7391 8246
internal_value=0.00021807 0.000425659 1.60078e-05 -0.000577169 -0.000193566 -6.19247e-05
internal_weight=36180 28691 18730 7489 16505 15637
internal_count=36180 28691 18730 7489 16505 15637
cat_boundaries=0 1 2 3
cat_threshold=322702360 480258508 135168
is_linear=0
shrinkage=0.03


Tree=108
num_leaves=7
num_cat=1
split_feature=2 6 4 4 1 13
split_gain=6.51661 6.7155 7.82318 10.233 6.86089 6.15656
threshold=1.5000000000000002 1.0000000180025095e-35 7.5000000000000009 4.5000000000000009 0 -0.10038608231734832
decision_type=2 8 2 2 9 8
left_child=-1 4 3 -3 -2 -6
right_child=1 2 -4 -5 5 -7
leaf_value=0.0016906631301339848 0.0013457614214696456 -4.5226606286549831e-05 0.00057055850645164211 -0.0020243330506641982 -0.0017350971734814411 0.00022335283024210373
leaf_weight=3321 7015 6740 6151 4785 927 7204
leaf_count=3321 7015 6740 6151 4785 927 7204
internal_value=0.000188662 6.05065e-05 -0.000336709 -0.000797761 0.000524064 -6.96388e-05
internal_weight=36143 32822 17676 11525 15146 8131
internal_count=36143 32822 17676 11525 15146 8131
cat_boundaries=0 1
cat_threshold=527441000
is_linear=0
shrinkage=0.03


Tree=109
num_leaves=7
num_cat=1
split_feature=4 4 14 1 11 14
split_gain=7.24831 9.54834 16.7629 18.5007 10.3935 13.969
threshold=2.5000000000000004 7.5000000000000009 -0.13849821623747985 0 -0.1763191841191509 0.15536982916009345
decision_type=2 2 8 9 8 10
left_child=-1 4 3 -3 -2 -6
right_child=1 2 -4 -5 5 -7
leaf_value=0.0016343494520724461 0.0020131397093160522 -0.00503793880547195 0.0014863689674613604 -0.00040791501574076515 -0.0016181998724141933 0.0006187475966715403
leaf_weight=5772 1959 321 11715 3401 8028 4994
leaf_count=5772 1959 321 11715 3401 8028 4994
internal_value=0.000232102 4.71417e-05 0.000570735 -0.00118292 -0.000492391 -0.000798894
internal_weight=36190 30418 15437 3722 14981 13022
internal_count=36190 30418 15437 3722 14981 13022
cat_boundaries=0 1
cat_threshold=33812
is_linear=0
shrinkage=0.03


Tree=110
num_leaves=7
num_cat=2
split_feature=11 9 1 1 3 10
split_gain=7.57629 7.78078 9.0622 8.36702 6.51074 10.0919
threshold=-0.32596505613497312 0.095310179804325226 0 1 6.5000000000000009 0.59783700075562118
decision_type=8 8 9 9 2 8
left_child=-1 2 4 -3 5 -2
right_child=1 3 -4 -5 -6 -7
leaf_value=0.0021071495953613535 0.0013374841825491786 -0.00098100681304803101 0.00035801592294143724 0.00097018368891805152 -0.0015393738152342808 -0.0029917051512621997
leaf_weight=2768 2317 4049 7026 14249 4630 1048
leaf_count=2768 2317 4049 7026 14249 4630 1048
internal_value=0.000180143 5.4832e-05 -0.000451138 0.00047019 -0.00114102 -0.000138146
internal_weight=36087 33319 15021 18298 7995 3365
internal_count=36087 33319 15021 18298 7995 3365
cat_boundaries=0 1 2
cat_threshold=176409270 89362688
is_linear=0
shrinkage=0.03


Tree=111
num_leaves=7
num_cat=1
split_feature=11 2 3 1 10 12
split_gain=7.11079 9.33929 9.40279 15.3956 13.9206 10.4557
threshold=-0.14312379761655866 4.5000000000000009 10.500000000000002 0 -0.20522745603260081 0.24353745067195745
decision_type=8 2 2 9 10 10
left_child=-1 -2 -3 4 -4 -5
right_child=1 2 3 5 -6 -7
leaf_value=0.0012630091178026251 0.00085303022672453634 -8.3256057553214206e-05 -0.0025390909598071391 0.00076370755644835622 -0.0049911547115932906 -0.002585036368704048
leaf_weight=7258 10455 15284 934 1677 394 277
leaf_count=7258 10455 15284 934 1677 394 277
internal_value=0.000217393 7.33937e-06 -0.00039651 -0.00185318 -0.0043286 -0.000146565
internal_weight=36279 29021 18566 3282 1328 1954
internal_count=36279 29021 18566 3282 1328 1954
cat_boundaries=0 1
cat_threshold=134468514
is_linear=0
shrinkage=0.03


Tree=112
num_leaves=7
num_cat=4
split_feature=12 1 1 12 1 1
split_gain=6.86455 9.27424 6.8338 6.33204 5.31475 4.73682
threshold=0.13605256361529608 0 1 -0.17928688717850691 2 3
decision_type=10 9 9 8 9 9
left_child=1 -1 -2 5 -5 -3
right_child=2 3 -4 4 -6 -7
leaf_value=0.0013529087101889694 -0.0031793489206568431 0.00025688218916794042 -0.00027930349071446012 -0.0026133327875405912 -0.00019930082316440786 0.0031683280822220922
leaf_weight=9636 1130 3441 6498 998 12968 1601
leaf_count=9636 1130 3441 6498 998 12968 1601
internal_value=0.000153999 0.000366975 -0.000645694 -1.76664e-05 -0.000346674 0.000893516
internal_weight=36272 28644 7628 19008 13966 5042
internal_count=36272 28644 7628 19008 13966 5042
cat_boundaries=0 1 2 3 4
cat_threshold=326634520 18334256 135680 142733346
is_linear=0
shrinkage=0.03


Tree=113
num_leaves=7
num_cat=1
split_feature=6 12 14 1 10 12
split_gain=6.11823 9.05288 5.87092 5.60474 7.20552 5.61396
threshold=1.0000000180025095e-35 0.56156039056861717 -0.036615603849319271 0 0.34958449237489392 -0.098889156486852134
decision_type=10 10 10 9 8 8
left_child=1 2 3 4 -1 -6
right_child=-2 -3 -4 -5 5 -7
leaf_value=0.00084931299844862886 -0.00029361035374874165 -0.0010187078746969368 0.001532619362551045 0.00039018573329044332 -0.00078209216361507783 -0.0048699657907406131
leaf_weight=852 16219 111 8462 9316 535 615
leaf_count=852 16219 111 8462 9316 535 615
internal_value=0.000143724 0.00049633 0.000544462 9.75352e-05 -0.0013383 -0.00289314
internal_weight=36110 19891 19780 11318 2002 1150
internal_count=36110 19891 19780 11318 2002 1150
cat_boundaries=0 1
cat_threshold=213012
is_linear=0
shrinkage=0.03


Tree=114
num_leaves=7
num_cat=1
split_feature=11 14 1 2 3 10
split_gain=6.69977 8.60121 9.0346 7.70582 9.30666 9.15127
threshold=-0.14312379761655866 -0.13849821623747985 0 5.5000000000000009 6.5000000000000009 0.056590859681420642
decision_type=8 8 9 2 2 10
left_child=1 2 -1 4 -2 -5
right_child=3 -3 -4 5 -6 -7
leaf_value=-0.0010845503913627947 0.0018186577714607152 0.0027119830753635789 0.00057560764017109561 -7.521781383049973e-05 -0.00020958145759312187 -0.0018345471508981091
leaf_weight=732 5922 5015 1430 12475 6920 3630
leaf_count=732 5922 5015 1430 12475 6920 3630
internal_value=0.00018137 0.00100181 -0.00057975 -2.2074e-05 0.000526045 -0.000459146
internal_weight=36124 7177 2162 28947 12842 16105
internal_count=36124 7177 2162 28947 12842 16105
cat_boundaries=0 1
cat_threshold=496140310
is_linear=0
shrinkage=0.03


Tree=115
num_leaves=7
num_cat=1
split_feature=7 11 14 0 11 8
split_gain=6.7305 9.41771 7.28567 6.26033 8.19209 9.09682
threshold=0.16097106850991996 0.18626590482105956 -0.010547056409956807 0 -0.39314300242522376 1.0000000180025095e-35
decision_type=10 8 10 1 8 8
left_child=2 -2 3 -1 -5 -6
right_child=1 -3 -4 4 5 -7
leaf_value=0.00058547905872817984 0.00099377439712491932 -0.0015676051262915832 0.0013606341787214696 0.0024983453317631655 -0.0013415208998155171 3.8041696345121766e-05
leaf_weight=8425 2818 4619 11866 1236 3477 3551
leaf_count=8425 2818 4619 11866 1236 3477 3551
internal_value=0.000169366 -0.000634445 0.00037873 -2.53444e-05 -0.000611978 -0.00100811
internal_weight=35992 7437 28555 16689 8264 7028
internal_count=35992 7437 28555 16689 8264 7028
cat_boundaries=0 1
cat_threshold=2
is_linear=0
shrinkage=0.03


Tree=116
num_leaves=7
num_cat=2
split_feature=11 2 3 1 3 1
split_gain=7.5316 8.0324 7.04431 19.3165 11.1678 13.7902
threshold=-0.14312379761655866 1.5000000000000002 7.5000000000000009 0 2.5000000000000004 1
decision_type=8 2 2 9 2 9
left_child=-1 -2 4 -4 5 -3
right_child=1 2 3 -5 -6 -7
leaf_value=0.0012147772290791695 0.0019584977874890887 -0.0034933808513002815 0.0015403624050704509 -0.0012604475516438728 0.0010295235550215735 -9.6570235960292882e-05
leaf_weight=7255 2690 1005 2265 9290 10532 3223
leaf_count=7255 2690 1005 2265 9290 10532 3223
internal_value=0.000171258 -4.49906e-05 -0.000204628 -0.000759346 0.000229659 -0.00107259
internal_weight=36260 29005 26315 11555 14760 4228
internal_count=36260 29005 26315 11555 14760 4228
cat_boundaries=0 1 2
cat_threshold=354429972 71547926
is_linear=0
shrinkage=0.03


Tree=117
num_leaves=7
num_cat=0
split_feature=6 12 13 4 11 3
split_gain=6.89905 8.40943 5.65475 5.64811 5.58698 5.6188
threshold=1.0000000180025095e-35 0.56156039056861717 -0.089244468661052193 10.500000000000002 -0.1802760734144426 2.5000000000000004
decision_type=10 10 8 2 8 2
left_child=1 2 3 -1 -2 -6
right_child=4 -3 -4 -5 5 -7
leaf_value=-8.5867896360686775e-05 0.0019263308302217559 -0.0010802993140898399 0.00096406065937845557 -0.0027212146381634405 -0.0017441808154713039 -0.00017424579341691917
leaf_weight=2719 1243 108 16679 369 2407 12588
leaf_count=2719 1243 108 16679 369 2407 12588
internal_value=0.000173866 0.000548652 0.000594446 -0.000584655 -0.00028487 -0.000445119
internal_weight=36113 19875 19767 3088 16238 14995
internal_count=36113 19875 19767 3088 16238 14995
is_linear=0
shrinkage=0.03


Tree=118
num_leaves=7
num_cat=0
split_feature=11 3 2 10 3 2
split_gain=7.32944 7.08783 7.02674 8.54969 6.3538 6.62012
threshold=-0.13065478172693187 10.500000000000002 4.5000000000000009 0.043396380207092917 1.5000000000000002 8.5000000000000018
decision_type=8 2 2 10 2 2
left_child=-1 4 -3 -4 -2 -6
right_child=1 2 3 -5 5 -7
leaf_value=0.0010998725974420318 -0.0013136510355056007 0.0004360617527581128 -0.00094147990713712871 -0.0035751063722722696 0.0009177462296337146 -0.00052807565884402602
leaf_weight=7657 2406 1780 2751 487 14339 6603
leaf_count=7657 2406 1780 2751 487 14339 6603
internal_value=0.000185959 -3.63802e-05 -0.00105917 -0.00189132 0.000183477 0.000351239
internal_weight=36023 28366 5018 3238 23348 20942
internal_count=36023 28366 5018 3238 23348 20942
is_linear=0
shrinkage=0.03


Tree=119
num_leaves=7
num_cat=0
split_feature=4 4 14 14 14 13
split_gain=6.26505 13.4932 14.2615 19.2327 13.473 10.6168
threshold=3.5000000000000004 6.5000000000000009 0.21091601974081706 0.075536168689225941 0.10286820159705161 -0.0084626913641326889
decision_type=2 2 10 8 8 8
left_child=-1 2 3 -2 -5 -3
right_child=1 5 -4 4 -6 -7
leaf_value=0.0011960610248245027 -0.00013115632079229247 -0.00025040216244390473 0.00066813243641269623 -0.0060972771722728998 -0.0023369859338856084 0.0014505845609361469
leaf_weight=8510 2899 8907 3449 430 2386 9457
leaf_count=8510 2899 8907 3449 430 2386 9457
internal_value=0.00016632 -5.36161e-05 -0.000993781 -0.00191305 -0.00367838 0.000415573
internal_weight=36038 27528 9164 5715 2816 18364
internal_count=36038 27528 9164 5715 2816 18364
is_linear=0
shrinkage=0.03


Tree=120
num_leaves=7
num_cat=1
split_feature=4 4 14 1 3 11
split_gain=5.79937 9.0227 12.8928 17.6297 11.935 8.98683
threshold=2.5000000000000004 7.5000000000000009 -0.13849821623747985 0 8.5000000000000018 -0.31934060946156156
decision_type=2 2 8 9 2 8
left_child=-1 5 3 4 -3 -2
right_child=1 2 -4 -5 -6 -7
leaf_value=0.001314766674497934 0.0024349346518684682 -0.0062726854191214312 0.0012733278122023593 -0.00020200703864353936 -0.00044594938746234293 -0.00072779815948454025
leaf_weight=5755 1056 238 11683 3253 169 13963
leaf_count=5755 1056 238 11683 3253 169 13963
internal_value=0.000166704 1.18577e-06 0.000512839 -0.0010407 -0.00683971 -0.000521505
internal_weight=36117 30362 15343 3660 407 15019
internal_count=36117 30362 15343 3660 407 15019
cat_boundaries=0 1
cat_threshold=164884
is_linear=0
shrinkage=0.03


Tree=121
num_leaves=7
num_cat=3
split_feature=11 3 1 0 1 14
split_gain=6.46608 7.19662 16.2258 11.0813 16.3481 16.4493
threshold=-0.31934060946156156 6.5000000000000009 0 1 2 -0.045580402839237984
decision_type=8 2 9 1 9 8
left_child=-1 3 -3 -2 5 -5
right_child=1 2 -4 4 -6 -7
leaf_value=0.0017155552089914237 0.0013304359217594655 0.0015401638270482404 -0.00067153106578059652 -0.0055852156301562953 0.00055122421621009866 -0.0016892114507582594
leaf_weight=2891 8588 3072 14285 399 6026 922
leaf_count=2891 8588 3072 14285 399 6026 922
internal_value=0.000144511 2.63119e-05 -0.000396301 0.000486634 -0.000368672 -0.00337613
internal_weight=36183 33292 17357 15935 7347 1321
internal_count=36183 33292 17357 15935 7347 1321
cat_boundaries=0 1 2 3
cat_threshold=287321108 2 336802836
is_linear=0
shrinkage=0.03


Tree=122
num_leaves=7
num_cat=1
split_feature=11 9 2 0 14 6
split_gain=7.07133 8.48184 7.40319 6.98335 7.86737 6.75218
threshold=-0.21701590015594882 0.018551383403440095 9.5000000000000018 0 0.22329542714773548 0.49212223357740653
decision_type=8 8 2 1 8 10
left_child=-1 -2 5 -4 -5 -3
right_child=1 2 3 4 -6 -7
leaf_value=0.0013112509693818805 -0.00056871075632452465 0.00086894930352637899 0.00043766407582159758 -0.0028647333420753524 0.002653403473088629 -0.010009837784188316
leaf_weight=4938 10773 15168 2800 1745 568 159
leaf_count=4938 10773 15168 2800 1745 568 159
internal_value=0.000152772 -1.41282e-05 0.000344895 -0.000643527 -0.00186301 0.000674648
internal_weight=36151 31213 20440 5113 2313 15327
internal_count=36151 31213 20440 5113 2313 15327
cat_boundaries=0 1
cat_threshold=2
is_linear=0
shrinkage=0.03


Tree=123
num_leaves=7
num_cat=2
split_feature=12 1 12 11 12 1
split_gain=6.04107 6.81387 7.04667 6.38694 5.58462 5.47048
threshold=-0.31267888520113324 0 -0.06279665181390913 0.5149966840602983 0.44093611626177337 1
decision_type=8 9 8 10 10 9
left_child=-1 2 -2 -3 -4 -6
right_child=1 3 4 -5 5 -7
leaf_value=0.0031494967565666812 0.0024773803682055749 -0.00027324177444478409 0.00035633024668639128 -0.0055068952731654039 -0.0032264871577008512 0.00061580575949412685
leaf_weight=1619 2971 15637 14959 365 385 290
leaf_count=1619 2971 15637 14959 365 385 290
internal_value=0.000152041 6.82213e-05 0.000458477 -0.000385562 0.000204157 -0.00246302
internal_weight=36226 34607 18605 16002 15634 675
internal_count=36226 34607 18605 16002 15634 675
cat_boundaries=0 1 2
cat_threshold=389811404 17301512
is_linear=0
shrinkage=0.03


Tree=124
num_leaves=7
num_cat=1
split_feature=4 4 14 1 3 11
split_gain=6.03458 7.70952 13.3019 15.5931 12.8038 8.628
threshold=2.5000000000000004 7.5000000000000009 -0.13849821623747985 0 8.5000000000000018 -0.069636337923880007
decision_type=2 2 8 9 2 8
left_child=-1 5 3 4 -3 -2
right_child=1 2 -4 -5 -6 -7
leaf_value=0.0013534485694962162 0.00092091173560695974 -0.0060679101782933342 0.0012339161027476906 -0.00027462269728274573 -0.0003081254443761591 -0.00093759627258741972
leaf_weight=5774 3223 242 11644 3293 170 11797
leaf_count=5774 3223 242 11644 3293 170 11797
internal_value=0.000172892 3.8526e-06 0.000476678 -0.00108877 -0.00651064 -0.000479329
internal_weight=36143 30369 15349 3705 412 15020
internal_count=36143 30369 15349 3705 412 15020
cat_boundaries=0 1
cat_threshold=164884
is_linear=0
shrinkage=0.03


Tree=125
num_leaves=7
num_cat=3
split_feature=12 1 1 11 3 1
split_gain=6.49082 9.46892 8.54423 6.5385 4.95493 8.38586
threshold=0.11441314649183011 0 1 -0.33217278236961473 6.5000000000000009 2
decision_type=10 9 9 8 2 9
left_child=1 -1 -2 -3 5 -5
right_child=2 3 -4 4 -6 -7
leaf_value=0.0012444852726515836 0.00011046404533572039 0.0017589016767063095 -0.0018750977617389053 -0.0013122781474864671 -0.00073073788188941096 0.0012006357571665814
leaf_weight=11228 5908 1510 2950 2080 7795 4713
leaf_count=11228 5908 1510 2950 2080 7795 4713
internal_value=0.000146249 0.000375014 -0.000559431 -9.16257e-05 -0.000286243 0.000306005
internal_weight=36184 27326 8858 16098 14588 6793
internal_count=36184 27326 8858 16098 14588 6793
cat_boundaries=0 1 2 3
cat_threshold=322703004 446705102 134459394
is_linear=0
shrinkage=0.03


Tree=126
num_leaves=7
num_cat=2
split_feature=7 11 1 5 1 12
split_gain=5.32994 8.02413 8.09266 6.92266 6.35719 6.20436
threshold=0.16097106850991996 0.079361573444843195 0 0.31494589323996453 1 0.11441314649183011
decision_type=10 8 9 8 9 10
left_child=4 -2 3 -3 -1 -6
right_child=1 2 -4 -5 5 -7
leaf_value=0.00087436045267695833 0.0021164098519493553 -0.0017893408247981349 4.8104947948470492e-05 -0.0041654557460262748 0.00021501245245719456 -0.0015251578682736885
leaf_weight=11226 1645 2442 2969 456 15045 2429
leaf_count=11226 1645 2442 2969 456 15045 2429
internal_value=0.000145141 -0.000566218 -0.00108538 -0.00220901 0.000331347 -2.67657e-05
internal_weight=36212 7512 5867 2898 28700 17474
internal_count=36212 7512 5867 2898 28700 17474
cat_boundaries=0 1 2
cat_threshold=255963944 526388300
is_linear=0
shrinkage=0.03


Tree=127
num_leaves=7
num_cat=1
split_feature=6 11 1 14 13 11
split_gain=5.4155 5.43099 7.78277 7.72594 8.30248 5.45651
threshold=1.0000000180025095e-35 0.21338947451370818 0 -0.1724174446753455 -0.051260918856846811 0.23270259402703844
decision_type=10 8 9 8 10 8
left_child=-1 3 5 4 -2 -3
right_child=1 2 -4 -5 -6 -7
leaf_value=0.00051952195731976882 0.00093985680919331477 0.0034825001848729936 -0.00039615089265914837 0.00039857529120971576 -0.0030741846490603573 -0.0035734672645415175
leaf_weight=19917 286 112 4770 9762 357 977
leaf_count=19917 286 112 4770 9762 357 977
internal_value=0.000163424 -0.00024273 -0.000973208 0.000168653 -0.00301397 -0.00324818
internal_weight=36181 16264 5859 10405 643 1089
internal_count=36181 16264 5859 10405 643 1089
cat_boundaries=0 1
cat_threshold=83931968
is_linear=0
shrinkage=0.03


Tree=128
num_leaves=7
num_cat=1
split_feature=12 1 5 13 14 6
split_gain=4.92654 6.1927 5.74654 5.96496 5.32547 7.08386
threshold=-0.31267888520113324 0 0.045035911571367666 0.027428149956945817 -0.17016452810223601 0.49212223357740653
decision_type=8 9 8 8 10 10
left_child=-1 -2 3 -3 -4 -6
right_child=1 2 4 -5 5 -7
leaf_value=0.0028702175590449063 -0.00050172738995066886 0.00030348552895098456 -0.0015069773834144127 0.0019277677131763486 0.00040476720071818773 -0.0064221960825141854
leaf_weight=1594 9387 11534 1485 4294 7636 166
leaf_count=1594 9387 11534 1485 4294 7636 166
internal_value=0.000220739 0.000145379 0.000391029 0.000738771 -0.000201227 0.000112265
internal_weight=36096 34502 25115 15828 9287 7802
internal_count=36096 34502 25115 15828 9287 7802
cat_boundaries=0 1
cat_threshold=8647170
is_linear=0
shrinkage=0.03


Tree=129
num_leaves=7
num_cat=2
split_feature=11 14 1 9 2 0
split_gain=6.08234 9.6104 9.64322 6.85357 8.60368 8.17799
threshold=-0.12574695785839338 -0.13849821623747985 0 0.025329265231572421 9.5000000000000018 1
decision_type=8 8 9 8 2 1
left_child=1 2 -1 -2 -5 -6
right_child=3 -3 -4 4 5 -7
leaf_value=-0.0014143720500296095 -0.000669821309764804 0.0022136213360762816 0.00044356726720672627 0.00081069603450553327 0.00035219604615367218 -0.0023623617524981483
leaf_weight=1017 9286 5604 1405 13996 2657 2158
leaf_count=1017 9286 5604 1405 13996 2657 2158
internal_value=0.0001597 0.000888003 -0.000690879 -4.83663e-05 0.000280831 -0.000812915
internal_weight=36123 8026 2422 28097 18811 4815
internal_count=36123 8026 2422 28097 18811 4815
cat_boundaries=0 1 2
cat_threshold=429310102 2
is_linear=0
shrinkage=0.03


Tree=130
num_leaves=7
num_cat=1
split_feature=12 2 1 5 13 7
split_gain=5.77498 6.39783 6.56822 5.53202 5.62192 5.21431
threshold=-0.26924935128296607 1.5000000000000002 0 0.061795821788322776 -0.10038608231734832 -0.096277323055937711
decision_type=8 2 9 8 8 8
left_child=-1 -2 3 4 5 -3
right_child=1 2 -4 -5 -6 -7
leaf_value=0.0021473937338514978 0.0014711475473763935 0.00071478472715304176 -0.00048498333120403975 -0.00046762765028287158 0.0010549354264055 -0.002284321767676361
leaf_weight=2483 3144 512 15681 4829 9122 473
leaf_count=2483 3144 512 15681 4829 9122 473
internal_value=0.000153456 5.07376e-05 -8.16185e-05 0.000368502 0.000767808 -0.00138438
internal_weight=36244 33761 30617 14936 10107 985
internal_count=36244 33761 30617 14936 10107 985
cat_boundaries=0 1
cat_threshold=523504844
is_linear=0
shrinkage=0.03


Tree=131
num_leaves=7
num_cat=3
split_feature=9 1 11 2 1 1
split_gain=5.61158 8.98969 8.72067 10.082 8.28565 7.76549
threshold=0.22434583399459121 0 -0.1763191841191509 2.5000000000000004 1 2
decision_type=8 9 10 2 9 9
left_child=1 -1 -3 -4 -2 -5
right_child=4 2 3 5 -6 -7
leaf_value=0.0012426013045614907 0.0015534542166239786 0.00084696568050603919 0.00081697384956883772 -0.0022082248579141234 -0.00012451510890802302 -0.00072907578913503318
leaf_weight=2805 7479 3940 3137 1759 7700 9353
leaf_count=2805 7479 3940 3137 1759 7700 9353
internal_value=0.000119672 -0.000198047 -0.000441923 -0.000787579 0.000559091 -0.00121155
internal_weight=36173 20994 18189 14249 15179 11112
internal_count=36173 20994 18189 14249 15179 11112
cat_boundaries=0 1 2 3
cat_threshold=357568576 439094966 142836242
is_linear=0
shrinkage=0.03


Tree=132
num_leaves=7
num_cat=0
split_feature=4 4 13 13 13 13
split_gain=5.7006 12.1348 10.0013 21.4058 12.5135 9.10309
threshold=3.5000000000000004 6.5000000000000009 0.075715587391772712 0.04971985034785735 0.059390965961923524 -0.0030242362176403754
decision_type=2 2 8 10 10 8
left_child=-1 2 3 -2 -5 -3
right_child=1 5 -4 4 -6 -7
leaf_value=0.00098273472399487498 -0.00091755519733749619 -0.00028649714862808063 0.00056331878615570926 -0.0063903139398695241 -0.0023484316522548992 0.0012718272907901284
leaf_weight=8532 5042 9248 3074 441 551 9201
leaf_count=8532 5042 9248 3074 441 551 9201
internal_value=0.000107149 -0.000102656 -0.000998573 -0.00170804 -0.00573414 0.000339675
internal_weight=36089 27557 9108 6034 992 18449
internal_count=36089 27557 9108 6034 992 18449
is_linear=0
shrinkage=0.03


Tree=133
num_leaves=7
num_cat=3
split_feature=11 14 1 9 1 1
split_gain=5.3447 8.32752 9.47722 8.11329 9.22415 6.81034
threshold=-0.14312379761655866 -0.13849821623747985 0 0.095310179804325226 1 2
decision_type=8 8 9 8 9 9
left_child=1 2 -1 4 -2 -5
right_child=3 -3 -4 5 -6 -7
leaf_value=-0.0014107315466069248 -0.0015044314954945333 0.0021333488210814964 0.00028666836605603489 -0.0014590451614825998 -7.3863510114490424e-05 0.0006964914596097328
leaf_weight=643 3906 5076 1504 1506 8126 15438
leaf_count=643 3906 5076 1504 1506 8126 15438
internal_value=0.000147431 0.000877492 -0.000688547 -3.4579e-05 -0.000630267 0.000388433
internal_weight=36199 7223 2147 28976 12032 16944
internal_count=36199 7223 2147 28976 12032 16944
cat_boundaries=0 1 2 3
cat_threshold=488013844 142838706 71503872
is_linear=0
shrinkage=0.03


Tree=134
num_leaves=7
num_cat=3
split_feature=12 1 1 3 10 1
split_gain=6.60846 7.9011 7.06892 5.48156 6.88414 9.01841
threshold=0.11441314649183011 0 1 6.5000000000000009 0.37230580720794221 2
decision_type=10 9 9 2 8 9
left_child=1 -1 -2 4 -3 -6
right_child=2 3 -4 -5 5 -7
leaf_value=0.0011964038301715038 -0.0026247314053680468 0.0019743435358089726 -0.00020514946858979851 -0.00052842894633419748 -0.0019860744232263563 0.0008040539929300458
leaf_weight=11153 1062 3037 7839 8515 1312 3280
leaf_count=11153 1062 3037 7839 8515 1312 3280
internal_value=0.000147352 0.000378819 -0.000562458 -4.56823e-05 0.00053827 -0.000194644
internal_weight=36198 27297 8901 16144 7629 4592
internal_count=36198 27297 8901 16144 7629 4592
cat_boundaries=0 1 2 3
cat_threshold=389615256 84361744 134389766
is_linear=0
shrinkage=0.03


Tree=135
num_leaves=7
num_cat=1
split_feature=12 1 10 12 5 8
split_gain=5.14096 5.46071 5.11926 5.01632 4.97909 4.08241
threshold=-0.31267888520113324 0 0.58590673226246459 -0.098889156486852134 0.25892072805909599 -0.048975183397323978
decision_type=8 9 10 8 8 8
left_child=-1 3 -3 -2 5 -5
right_child=1 2 -4 4 -6 -7
leaf_value=0.0026802949085806401 0.0020106955022482983 -0.00021233015462247489 -0.0022175893493988205 -0.00039103202742048421 -0.0011848157978996915 0.00077908997888320611
leaf_weight=1607 2889 16623 273 4027 1411 9308
leaf_count=1607 2889 16623 273 4027 1411 9308
internal_value=0.000183292 0.000106076 -0.000279292 0.000475179 0.000251441 0.000430789
internal_weight=36138 34531 16896 17635 14746 13335
internal_count=36138 34531 16896 17635 14746 13335
cat_boundaries=0 1
cat_threshold=389286364
is_linear=0
shrinkage=0.03


Tree=136
num_leaves=7
num_cat=0
split_feature=4 4 14 13 13 14
split_gain=5.25297 10.6784 13.1134 21.0316 22.2413 10.1797
threshold=3.5000000000000004 6.5000000000000009 0.16941954803148948 0.04971985034785735 0.066479789549000398 -0.037846231628569663
decision_type=2 2 10 10 10 8
left_child=-1 2 3 -2 -5 -3
right_child=1 5 -4 4 -6 -7
leaf_value=0.0010005179375251036 -0.0010132579248848298 -0.00030546182159829611 0.00057467945692339043 -0.007376845013700571 -0.0015293341465833531 0.0013572463306751696
leaf_weight=8568 4512 9135 3703 407 503 9322
leaf_count=8568 4512 9135 3703 407 503 9322
internal_value=0.000145224 -5.63389e-05 -0.000895792 -0.00183552 -0.00599341 0.000358706
internal_weight=36150 27582 9125 5422 910 18457
internal_count=36150 27582 9125 5422 910 18457
is_linear=0
shrinkage=0.03


Tree=137
num_leaves=7
num_cat=0
split_feature=4 4 14 14 13 14
split_gain=5.67479 10.0892 11.2097 18.3008 10.8118 10.1865
threshold=3.5000000000000004 6.5000000000000009 0.16941954803148948 0.075536168689225941 0.14348034830914042 -0.00026895975234974049
decision_type=2 2 10 8 8 8
left_child=-1 2 3 -2 -5 -3
right_child=1 5 -4 4 -6 -7
leaf_value=0.0009860858919088424 -0.00015889934650637367 -0.00020743517637286605 0.00049361331613259759 -0.0035409534442113148 0.00068553156748778665 0.0018340094200742394
leaf_weight=8547 2889 11748 3722 2073 409 6709
leaf_count=8547 2889 11748 3722 2073 409 6709
internal_value=0.000134384 -7.51333e-05 -0.000893006 -0.00176973 -0.00365848 0.000327825
internal_weight=36097 27550 9093 5371 2482 18457
internal_count=36097 27550 9093 5371 2482 18457
is_linear=0
shrinkage=0.03


Tree=138
num_leaves=7
num_cat=1
split_feature=12 3 3 0 10 8
split_gain=5.86237 5.14874 9.64658 8.69781 10.0924 8.37434
threshold=-0.12706952755095544 1.5000000000000002 6.5000000000000009 0 0.58590673226246459 0.12784648609198926
decision_type=8 2 2 1 8 8
left_child=-1 -2 3 -3 -5 -6
right_child=1 2 -4 4 5 -7
leaf_value=0.00098527483535749993 -0.001358319660875965 0.0015027340440908817 -0.00041287089811159255 0.0017772630948969181 -0.0029088318087809786 -0.0003660932076316442
leaf_weight=8487 2352 5923 14288 2417 967 1742
leaf_count=8487 2352 5923 14288 2417 967 1742
internal_value=0.00015391 -5.75297e-05 6.71325e-05 0.00073276 -0.00017203 -0.00142915
internal_weight=36176 27689 25337 11049 5126 2709
internal_count=36176 27689 25337 11049 5126 2709
cat_boundaries=0 1
cat_threshold=2
is_linear=0
shrinkage=0.03


Tree=139
num_leaves=7
num_cat=0
split_feature=11 9 3 2 11 13
split_gain=5.01602 5.14378 6.69706 5.5057 5.85894 8.58996
threshold=-0.42641460105018053 0.22434583399459121 2.5000000000000004 1.5000000000000002 0.1506498632723399 0.070150462194139548
decision_type=8 8 2 2 10 10
left_child=-1 3 -3 -2 5 -5
right_child=1 2 -4 4 -6 -7
leaf_value=0.0026490037519508684 0.0012187791697777248 -0.0010475402599184269 0.00092537655743281475 -0.00033459912258970031 -0.0013018707063194997 0.0029864780852617836
leaf_weight=1224 2288 2162 12567 12359 4075 1371
leaf_count=1224 2288 2162 12567 12359 4075 1371
internal_value=0.000131162 6.47849e-05 0.000490631 -0.000247387 -0.000425418 -0.000128905
internal_weight=36046 34822 14729 20093 17805 13730
internal_count=36046 34822 14729 20093 17805 13730
is_linear=0
shrinkage=0.03


Tree=140
num_leaves=7
num_cat=2
split_feature=4 14 4 14 0 1
split_gain=5.21858 8.57479 7.95993 9.35742 9.79279 17.424
threshold=3.5000000000000004 0.049083307253068718 6.5000000000000009 -0.040896917622203481 0 1
decision_type=2 10 2 8 1 9
left_child=1 -1 -2 4 -4 -6
right_child=2 -3 3 -5 5 -7
leaf_value=5.1322856591538282e-05 -0.00078737056741962303 0.0030372360766401764 0.0005628657232935396 0.0012610533425742425 -0.0084637934784654988 -0.00076858901407213405
leaf_weight=5301 9080 3290 4683 9654 138 4007
leaf_count=5301 9080 3290 4683 9654 138 4007
internal_value=0.000175333 0.00082088 -2.59042e-05 0.00033144 -0.000374448 -0.00143632
internal_weight=36153 8591 27562 18482 8828 4145
internal_count=36153 8591 27562 18482 8828 4145
cat_boundaries=0 1 2
cat_threshold=2 20
is_linear=0
shrinkage=0.03


Tree=141
num_leaves=7
num_cat=1
split_feature=14 7 1 4 4 6
split_gain=5.30535 6.56518 7.85878 6.42888 8.79769 6.41031
threshold=-0.010547056409956807 0.012311024668847816 0 7.5000000000000009 2.5000000000000004 0.10536051565782635
decision_type=10 10 9 2 2 10
left_child=5 -2 -3 4 -4 -1
right_child=1 2 3 -5 -6 -7
leaf_value=8.3258765328337669e-06 0.0017256800950275813 0.001120200249073596 0.0018058060036386923 0.001685902303435526 -0.0015438991050283431 -0.0016516687030588039
leaf_weight=15595 6671 4931 922 1665 4124 2313
leaf_count=15595 6671 4931 922 1665 4124 2313
internal_value=0.000159102 0.000518128 8.81217e-05 -0.000579738 -0.00111393 -0.000208052
internal_weight=36221 18313 11642 6711 5046 17908
internal_count=36221 18313 11642 6711 5046 17908
cat_boundaries=0 1
cat_threshold=322702360
is_linear=0
shrinkage=0.03


Tree=142
num_leaves=7
num_cat=2
split_feature=12 1 12 8 3 1
split_gain=4.85387 5.12565 6.79759 5.91302 5.8477 10.6594
threshold=-0.31267888520113324 0 0.28947294125141726 1.0000000180025095e-35 6.5000000000000009 1
decision_type=8 9 10 10 2 9
left_child=-1 -2 4 -4 -3 -6
right_child=1 2 3 -5 5 -7
leaf_value=0.0028904334517004301 0.00046730145729946917 0.00054044231876134677 -0.0047512721509359139 -0.00025639084148471199 0.00045703779651273856 -0.001453448282975688
leaf_weight=1601 16290 8268 447 400 3732 5430
leaf_count=1601 16290 8268 447 400 3732 5430
internal_value=0.000166552 9.17323e-05 -0.000253117 -0.00287618 -0.000125638 -0.000647604
internal_weight=36168 34567 18277 847 17430 9162
internal_count=36168 34567 18277 847 17430 9162
cat_boundaries=0 1 2
cat_threshold=461114564 67215386
is_linear=0
shrinkage=0.03


Tree=143
num_leaves=7
num_cat=1
split_feature=11 14 4 4 14 0
split_gain=5.5503 7.33108 10.0565 10.4325 11.4953 21.114
threshold=-0.31934060946156156 0.044146771497768841 3.5000000000000004 7.5000000000000009 0.15536982916009345 0
decision_type=8 10 2 2 10 1
left_child=-1 -2 -3 4 5 -4
right_child=1 2 3 -5 -6 -7
leaf_value=0.001365353044968181 -0.00031626412430904387 0.0029460647681826746 -4.4809280889312045e-05 0.002380406499952623 0.00062814565754562373 -0.0040849986105402098
leaf_weight=2903 19827 3299 1916 2814 4389 1035
leaf_count=2903 19827 3299 1916 2814 4389 1035
internal_value=0.000129588 1.98312e-05 0.000560354 9.27623e-05 -0.000502656 -0.0019502
internal_weight=36183 33280 13453 10154 7340 2951
internal_count=36183 33280 13453 10154 7340 2951
cat_boundaries=0 1
cat_threshold=2
is_linear=0
shrinkage=0.03


Tree=144
num_leaves=7
num_cat=0
split_feature=11 14 4 8 3 3
split_gain=5.22351 7.05263 5.71612 5.68169 5.17778 10.5502
threshold=-0.12574695785839338 -0.13849821623747985 8.5000000000000018 -0.032414588283804051 2.5000000000000004 6.5000000000000009
decision_type=8 8 2 8 2 2
left_child=1 2 -1 -4 -2 -6
right_child=4 -3 3 -5 5 -7
leaf_value=0.00053693597326156693 -0.00099477922243010786 0.0018676493701433941 -0.0012816828626105558 0.0023806218243787544 0.0012524994076389246 -0.00032991434891799497
leaf_weight=1201 4553 5600 994 277 8920 14697
leaf_count=1201 4553 5600 994 277 8920 14697
internal_value=0.000178959 0.000851728 -0.000482814 -0.00188443 -1.38439e-05 0.000164747
internal_weight=36242 8072 2472 1271 28170 23617
internal_count=36242 8072 2472 1271 28170 23617
is_linear=0
shrinkage=0.03


Tree=145
num_leaves=7
num_cat=0
split_feature=13 13 2 13 13 13
split_gain=4.61317 19.0117 13.7023 14.877 7.30681 6.60555
threshold=0.070150462194139548 0.058367103392011815 6.5000000000000009 0.059390965961923524 0.027428149956945817 0.022192832273456729
decision_type=10 10 2 10 10 10
left_child=1 4 -3 -4 5 -1
right_child=-2 2 3 -5 -6 -7
leaf_value=5.5188663630959262e-05 0.0015765870549896764 -0.00071037577876025329 -0.0086708182107888762 -0.0043247874587402308 0.0015735927835463538 -0.0016115130147708458
leaf_weight=21564 5858 557 125 351 5943 1709
leaf_count=21564 5858 557 125 351 5943 1709
internal_value=0.000180874 3.16365e-05 -0.00396615 -0.00769811 0.000173118 -6.66408e-05
internal_weight=36107 30249 1033 476 29216 23273
internal_count=36107 30249 1033 476 29216 23273
is_linear=0
shrinkage=0.03


Tree=146
num_leaves=7
num_cat=2
split_feature=3 3 1 1 13 4
split_gain=5.58978 6.35718 13.2474 12.0095 10.5994 6.94323
threshold=1.5000000000000002 6.5000000000000009 0 1 -0.099157410108652422 6.5000000000000009
decision_type=2 2 9 9 8 2
left_child=-1 3 -3 4 5 -2
right_child=1 2 -4 -5 -6 -7
leaf_value=-0.0010210002490330637 -0.0011694105697956072 0.001250803325124531 -0.00049378186391276543 0.0015698940385516639 -0.00013292525808785444 -0.0048030966363267038
leaf_weight=3086 134 4478 14262 10052 3918 186
leaf_count=3086 134 4478 14262 10052 3918 186
internal_value=0.000196528 0.000310617 -5.28252e-05 0.000787209 -0.00055213 -0.00579439
internal_weight=36116 33030 18740 14290 4238 320
internal_count=36116 33030 18740 14290 4238 320
cat_boundaries=0 1 2
cat_threshold=355544084 473412626
is_linear=0
shrinkage=0.03


Tree=147
num_leaves=7
num_cat=3
split_feature=14 11 1 11 0 1
split_gain=4.82685 7.68142 6.63762 5.26001 5.88439 13.7601
threshold=-0.010547056409956807 0.027713301393427873 0 -0.44962178108781353 1 2
decision_type=10 10 9 8 1 9
left_child=3 -2 -3 -1 -5 -6
right_child=1 2 -4 4 5 -7
leaf_value=0.0028107846430620435 0.0017066415893293827 -0.0013021442092443155 0.00036481329947201258 0.00026300834468476501 -0.002353292479829234 -9.5850879898052571e-05
leaf_weight=855 7174 1655 9517 8779 2213 5950
leaf_count=855 7174 1655 9517 8779 2213 5950
internal_value=0.000177872 0.000519322 2.73876e-05 -0.000174121 -0.000290031 -0.000869794
internal_weight=36143 18346 11172 17797 16942 8163
internal_count=36143 18346 11172 17797 16942 8163
cat_boundaries=0 1 2 3
cat_threshold=13733894 2 219594772
is_linear=0
shrinkage=0.03


Tree=148
num_leaves=7
num_cat=1
split_feature=11 2 1 12 9 13
split_gain=4.63294 5.13662 5.2933 5.84089 4.56791 5.13104
threshold=-0.42641460105018053 1.5000000000000002 0 0.28304854962685916 0.24299212674884355 0.070150462194139548
decision_type=8 2 9 10 8 8
left_child=-1 -2 -3 4 5 -4
right_child=1 2 3 -5 -6 -7
leaf_value=0.0023957723997440608 0.0012940927069178185 0.00049958045947547688 -0.00075591480580069397 -0.002243900477492065 0.0004074631662816215 0.0011887965952383493
leaf_weight=1224 3234 9265 9905 1481 8976 1967
leaf_count=1224 3234 9265 9905 1481 8976 1967
internal_value=0.000106676 4.28954e-05 -7.36824e-05 -0.000323769 -0.000194542 -0.000580645
internal_weight=36052 34828 31594 22329 20848 11872
internal_count=36052 34828 31594 22329 20848 11872
cat_boundaries=0 1
cat_threshold=392170564
is_linear=0
shrinkage=0.03


Tree=149
num_leaves=7
num_cat=3
split_feature=1 5 3 1 12 1
split_gain=4.78833 6.77847 6.08101 6.86752 5.78238 5.33306
threshold=0 0.14663290009256127 10.500000000000002 1 -0.028107415444061697 2
decision_type=9 8 2 9 10 9
left_child=1 -1 -2 -4 -5 -6
right_child=2 -3 3 4 5 -7
leaf_value=0.00080347937016438077 0.00011661286042996522 -0.0009770780570445294 0.00012779373673527491 -0.0010058370271280057 -0.0022094982956217279 -0.0061211860722817819
leaf_weight=13075 17053 2280 1808 1228 373 272
leaf_count=13075 17053 2280 1808 1228 373 272
internal_value=0.000173649 0.000574971 -0.000123789 -0.00122949 -0.00249522 -0.0048065
internal_weight=36089 15355 20734 3681 1873 645
internal_count=36089 15355 20734 3681 1873 645
cat_boundaries=0 1 2 3
cat_threshold=393227340 9273392 16514
is_linear=0
shrinkage=0.03


Tree=150
num_leaves=7
num_cat=0
split_feature=4 14 4 14 13 13
split_gain=4.5577 6.74629 5.9265 9.39958 9.02964 14.8277
threshold=2.5000000000000004 -0.192337871593486 6.5000000000000009 0.16941954803148948 0.058367103392011815 0.060394368543006401
decision_type=2 10 2 10 10 10
left_child=1 -1 3 4 -2 -6
right_child=2 -3 -4 -5 5 -7
leaf_value=-0.0018682459137392296 -0.00061136964750401965 0.0016140608568762647 0.00038493158725947676 0.00084665974668139221 -0.0064097413766378885 -0.0017013527469238803
leaf_weight=565 6571 5213 18452 4054 264 1049
leaf_count=565 6571 5213 18452 4054 264 1049
internal_value=0.000192264 0.000964527 4.54083e-05 -0.000475417 -0.00107901 -0.00334931
internal_weight=36168 5778 30390 11938 7884 1313
internal_count=36168 5778 30390 11938 7884 1313
is_linear=0
shrinkage=0.03


Tree=151
num_leaves=7
num_cat=0
split_feature=11 14 2 3 14 3
split_gain=5.37841 7.34865 5.71458 7.94581 6.09577 5.77485
threshold=-0.12167476422413957 -0.13849821623747985 5.5000000000000009 6.5000000000000009 0.38889227436015961 2.5000000000000004
decision_type=8 8 2 2 8 2
left_child=1 -1 3 5 -5 -2
right_child=2 -3 -4 4 -6 -7
leaf_value=-0.00031807035868016082 -8.7796347518972757e-05 0.0018105472812421589 -0.00043678519123162279 2.8946274434523829e-05 -0.0032563973457807975 0.0026755928244742216
leaf_weight=2456 1910 5742 15646 6115 625 3784
leaf_count=2456 1910 5742 15646 6115 625 3784
internal_value=0.000142893 0.00081888 -5.44851e-05 0.000425573 -0.000271473 0.00125057
internal_weight=36278 8198 28080 12434 6740 5694
internal_count=36278 8198 28080 12434 6740 5694
is_linear=0
shrinkage=0.03


Tree=152
num_leaves=7
num_cat=4
split_feature=12 1 1 6 1 1
split_gain=5.2072 7.22014 6.87374 4.67603 4.66325 4.25927
threshold=0.11441314649183011 0 1 0.33129954448260929 2 3
decision_type=10 9 9 10 9 9
left_child=1 -1 -2 -3 -4 -5
right_child=2 3 4 5 -6 -7
leaf_value=0.0011308835331832886 -0.0028127670296121043 0.00011166915958744293 0.001192172853896719 -0.0060903425906979882 -0.00047966951604830826 -0.0011117659393552581
leaf_weight=10300 907 16350 1724 128 6184 528
leaf_count=10300 907 16350 1724 128 6184 528
internal_value=0.000172831 0.000377486 -0.000461093 -2.46801e-06 -0.000175022 -0.00248402
internal_weight=36121 27306 8815 17006 7908 656
internal_count=36121 27306 8815 17006 7908 656
cat_boundaries=0 1 2 3 4
cat_threshold=322440860 84115984 142616902 69696
is_linear=0
shrinkage=0.03


Tree=153
num_leaves=7
num_cat=2
split_feature=9 1 1 11 2 12
split_gain=4.9403 7.07789 7.00081 6.52907 6.80975 6.04555
threshold=0.22434583399459121 0 1 -0.1763191841191509 2.5000000000000004 -0.16121501308276184
decision_type=8 9 9 10 2 8
left_child=1 -1 -2 -3 -5 -4
right_child=2 3 5 4 -6 -7
leaf_value=0.00094485582940311214 0.0014732175880929753 0.00058883738952034582 0.0023317314761795303 0.0007575026479733505 -0.0009310288260809521 -0.0005595157632353881
leaf_weight=3278 7591 3906 1597 3073 10878 5968
leaf_count=3278 7591 3906 1597 3073 10878 5968
internal_value=0.00012821 -0.000168196 0.000541532 -0.000403459 -0.00070721 -0.000104937
internal_weight=36291 21135 15156 17857 13951 7565
internal_count=36291 21135 15156 17857 13951 7565
cat_boundaries=0 1 2
cat_threshold=357569600 439126710
is_linear=0
shrinkage=0.03


Tree=154
num_leaves=7
num_cat=2
split_feature=11 14 9 1 1 2
split_gain=4.84001 6.51354 6.02544 9.09679 6.91054 5.90703
threshold=-0.12167476422413957 -0.064772685004500022 0.13353139262452321 0 1 3.5000000000000004
decision_type=8 8 8 9 9 2
left_child=1 -1 3 5 -4 -2
right_child=2 -3 4 -5 -6 -7
leaf_value=-8.3012455847766554e-05 -0.00010903941193676222 0.0020839923045559679 0.0016671189646431071 -8.7024433753425347e-05 -3.8666837095086667e-05 -0.0024730939854394384
leaf_weight=3976 1054 4121 4225 9663 11215 1834
leaf_count=3976 1054 4121 4225 9663 11215 1834
internal_value=0.000149464 0.000795382 -3.74034e-05 -0.000525573 0.000359433 -0.00199931
internal_weight=36088 8097 27991 12551 15440 2888
internal_count=36088 8097 27991 12551 15440 2888
cat_boundaries=0 1 2
cat_threshold=142836626 438307476
is_linear=0
shrinkage=0.03


Tree=155
num_leaves=7
num_cat=1
split_feature=7 14 11 1 11 14
split_gain=5.18879 7.43596 5.46254 5.78806 7.13715 5.52323
threshold=0.21624216008045141 -0.010547056409956807 0.17206090249802489 0 0.75691384571231668 0.15284156761521248
decision_type=10 10 8 9 8 8
left_child=1 -1 -2 4 5 -4
right_child=2 -3 3 -5 -6 -7
leaf_value=-7.8632451999150634e-05 0.0011775886426186894 0.00097103447641499086 -0.0038390372189165255 1.3411486382909603e-06 -0.010225043897988581 -0.00061238415377932087
leaf_weight=17068 1620 13541 580 1758 163 1354
leaf_count=17068 1620 13541 580 1758 163 1354
internal_value=0.000184897 0.000337047 -0.000665632 -0.00127982 -0.00233824 -0.00183876
internal_weight=36084 30609 5475 3855 2097 1934
internal_count=36084 30609 5475 3855 2097 1934
cat_boundaries=0 1
cat_threshold=84603756
is_linear=0
shrinkage=0.03


Tree=156
num_leaves=7
num_cat=1
split_feature=6 14 14 12 5 1
split_gain=5.71094 5.56272 9.20972 4.93007 4.81734 6.46473
threshold=1.0000000180025095e-35 0.044146771497768841 0.041906297311964623 0.56156039056861717 0.25892072805909599 0
decision_type=10 10 10 10 8 9
left_child=1 2 3 -1 -2 -6
right_child=4 -3 -4 -5 5 -7
leaf_value=0.00030178770236125203 -0.0001149257158391129 0.0016155329729526007 -0.00533166200767635 -0.00092752951394172172 -0.0047773992626422117 -0.0010205281769296948
leaf_weight=15059 14332 4659 105 113 314 1517
leaf_count=15059 14332 4659 105 113 314 1517
internal_value=0.000117092 0.000456839 0.000180063 0.000241613 -0.000301967 -0.00175055
internal_weight=36099 19936 15277 15172 16163 1831
internal_count=36099 19936 15277 15172 16163 1831
cat_boundaries=0 1
cat_threshold=408981570
is_linear=0
shrinkage=0.03


Tree=157
num_leaves=7
num_cat=1
split_feature=14 11 14 9 11 0
split_gain=5.14942 7.61194 5.99401 5.49509 6.69175 5.77551
threshold=-0.010547056409956807 0.027713301393427873 0.4317430939327323 0.17970004226586236 -0.41661957778182573 0
decision_type=10 10 10 10 8 1
left_child=3 2 -2 4 -1 -6
right_child=1 -3 -4 -5 5 -7
leaf_value=0.0020050186860182547 0.0017549914434329917 2.0939282354463365e-05 -0.006973971637440339 0.0007817012274413677 -3.347661525413715e-05 -0.0011343633925174576
leaf_weight=1053 7016 11205 123 3316 7081 6389
leaf_count=1053 7016 11205 123 3316 7081 6389
internal_value=0.000171043 0.000523958 0.0012895 -0.000191872 -0.000443473 -0.000623562
internal_weight=36183 18344 7139 17839 14523 13470
internal_count=36183 18344 7139 17839 14523 13470
cat_boundaries=0 1
cat_threshold=2
is_linear=0
shrinkage=0.03


Tree=158
num_leaves=7
num_cat=3
split_feature=3 1 3 1 1 14
split_gain=4.97553 9.51883 9.06001 11.9913 8.29478 10.4048
threshold=2.5000000000000004 0 6.5000000000000009 1 2 -0.17016452810223601
decision_type=2 9 2 9 9 8
left_child=1 -1 4 -4 5 -2
right_child=2 -3 3 -5 -6 -7
leaf_value=0.00085274783138858238 -0.0027587099060397023 -0.0014264346383538369 0.00097184851754339441 -0.00054965671362482702 0.001960160887846557 0.00059222005716127264
leaf_weight=1953 492 3827 5858 12953 7478 3539
leaf_count=1953 492 3827 5858 12953 7478 3539
internal_value=0.000178666 -0.000627919 0.000332443 -7.31978e-05 0.000995395 -0.000103167
internal_weight=36100 5780 30320 18811 11509 4031
internal_count=36100 5780 30320 18811 11509 4031
cat_boundaries=0 1 2 3
cat_threshold=431243584 489237524 473932816
is_linear=0
shrinkage=0.03


Tree=159
num_leaves=7
num_cat=0
split_feature=12 7 9 7 11 13
split_gain=4.78255 5.01758 3.66048 3.67874 7.81989 4.23934
threshold=0.13605256361529608 -0.080910579581380912 0.289608656454798 0.37281293522946651 0.44016740255081738 0.047610511774005958
decision_type=10 8 10 10 10 10
left_child=-1 -2 3 5 -5 -3
right_child=1 2 -4 4 -6 -7
leaf_value=0.00033605240121426601 0.00081788042663366329 -0.0011695501645479119 0.001171562011866785 -0.00043078547126335645 -0.0057774997761545618 0.0012219440699992499
leaf_weight=28442 1274 4160 595 367 202 997
leaf_count=28442 1274 4160 595 367 202 997
internal_value=0.000161247 -0.000507504 -0.000853685 -0.00108643 -0.00337368 -0.000833462
internal_weight=36037 7595 6321 5726 569 5157
internal_count=36037 7595 6321 5726 569 5157
is_linear=0
shrinkage=0.03


Tree=160
num_leaves=7
num_cat=2
split_feature=11 14 11 0 1 10
split_gain=4.31342 4.21892 6.88138 6.80013 12.3373 8.0557
threshold=-0.42641460105018053 -0.010547056409956807 0.027713301393427873 0 1 -0.025317807984289949
decision_type=8 10 10 1 9 8
left_child=-1 3 -3 -2 5 -5
right_child=1 2 -4 4 -6 -7
leaf_value=0.0022112059299250549 0.00029826922757812593 0.001428079371446192 -8.3047804881914271e-05 0.00084423932977194607 -0.00014680080263374594 -0.0029205488250315988
leaf_weight=1240 8762 6992 11189 298 5863 1823
leaf_count=1240 8762 6992 11189 298 5863 1823
internal_value=0.000123341 6.15839e-05 0.000378011 -0.000281961 -0.000915216 -0.00286914
internal_weight=36167 34927 18181 16746 7984 2121
internal_count=36167 34927 18181 16746 7984 2121
cat_boundaries=0 1 2
cat_threshold=2 202821652
is_linear=0
shrinkage=0.03


Tree=161
num_leaves=7
num_cat=3
split_feature=3 1 3 1 1 14
split_gain=4.55167 10.1937 9.65402 11.9668 9.13471 11.9615
threshold=2.5000000000000004 0 6.5000000000000009 1 2 -0.13849821623747985
decision_type=2 9 2 9 9 8
left_child=1 -1 4 -4 5 -2
right_child=2 -3 3 -5 -6 -7
leaf_value=0.00052493600013772332 -0.0025517864486198079 -0.0018626389187986203 0.00074611291556446393 -0.00065394027480439993 0.0018542087827065853 0.00066823340810227784
leaf_weight=2906 642 2864 7022 11833 7276 3663
leaf_count=2906 642 2864 7022 11833 7276 3663
internal_value=0.000133068 -0.000639404 0.000279528 -0.000139213 0.000961233 -0.000135542
internal_weight=36206 5770 30436 18855 11581 4305
internal_count=36206 5770 30436 18855 11581 4305
cat_boundaries=0 1 2 3
cat_threshold=536101696 490286228 473932820
is_linear=0
shrinkage=0.03


Tree=162
num_leaves=7
num_cat=3
split_feature=3 1 3 1 1 14
split_gain=4.91335 8.79761 8.76226 11.5863 8.92905 14.3587
threshold=2.5000000000000004 0 6.5000000000000009 1 2 -0.13778715735331173
decision_type=2 9 2 9 9 8
left_child=1 -1 4 -4 5 -2
right_child=2 -3 3 -5 -6 -7
leaf_value=0.00053886210007297419 -0.0046336329361143331 -0.0017532555934026473 0.00084727340737776374 -0.00061834284419621925 0.0015275515484943496 0.0001863380527067636
leaf_weight=2697 288 3136 6566 12148 9980 1370
leaf_count=2697 288 3136 6566 12148 9980 1370
internal_value=0.00013555 -0.00066181 0.000288802 -0.000113171 0.000935132 -0.00110006
internal_weight=36185 5833 30352 18714 11638 1658
internal_count=36185 5833 30352 18714 11638 1658
cat_boundaries=0 1 2 3
cat_threshold=468992320 494480404 404955152
is_linear=0
shrinkage=0.03


Tree=163
num_leaves=7
num_cat=2
split_feature=4 4 13 0 1 13
split_gain=4.54858 6.37349 8.7014 12.1215 13.4363 7.47224
threshold=3.5000000000000004 6.5000000000000009 0.0081185777378686326 0 1 0.091143940607181229
decision_type=2 2 8 1 9 10
left_child=-1 5 3 -3 -5 -2
right_child=1 2 -4 4 -6 -7
leaf_value=0.00080149812331231315 -0.0011407940208386061 0.00074980678948554454 0.0011541407869912301 4.9956302831682325e-05 -0.001876221534626645 0.00087631822577230456
leaf_weight=8494 6526 5860 7457 2772 2375 2625
leaf_count=8494 6526 5860 7457 2772 2375 2625
internal_value=0.000139491 -4.72551e-05 0.000273599 -0.000262445 -0.00132459 -0.000694602
internal_weight=36109 27615 18464 11007 5147 9151
internal_count=36109 27615 18464 11007 5147 9151
cat_boundaries=0 1 2
cat_threshold=2 44583394
is_linear=0
shrinkage=0.03


Tree=164
num_leaves=7
num_cat=3
split_feature=3 1 10 3 1 1
split_gain=4.46897 8.85493 8.45033 8.08607 12.0609 7.5205
threshold=2.5000000000000004 0 -0.79760081960207596 6.5000000000000009 1 2
decision_type=2 9 10 2 9 9
left_child=1 2 -1 5 -5 -2
right_child=3 -3 -4 4 -6 -7
leaf_value=-0.0035252471563320732 -0.00092654750958282212 -1.6171673871177698e-05 0.0010394792451499948 -0.00083634500669317613 0.00047728025432611872 0.00147347273642815
leaf_weight=754 1849 4646 382 8370 10322 9718
leaf_count=754 1849 4646 382 8370 10322 9718
internal_value=0.000158232 -0.000605914 -0.002966 0.000304263 -8.15277e-05 0.000927645
internal_weight=36041 5782 1136 30259 18692 11567
internal_count=36041 5782 1136 30259 18692 11567
cat_boundaries=0 1 2 3
cat_threshold=235670 42357538 472064016
is_linear=0
shrinkage=0.03


Tree=165
num_leaves=7
num_cat=0
split_feature=11 14 14 4 4 14
split_gain=4.45113 5.84906 8.6237 7.68516 8.34096 8.43627
threshold=-0.31934060946156156 0.044146771497768841 0.041906297311964623 3.5000000000000004 7.5000000000000009 0.15536982916009345
decision_type=8 10 10 2 2 10
left_child=-1 2 -2 -3 5 -5
right_child=1 3 -4 4 -6 -7
leaf_value=0.0010692723122754184 -0.00019567317369831568 0.0023940424331373783 -0.0048682572944111404 -0.0016162201338475745 0.0021323628056986051 0.00054975583180368656
leaf_weight=2850 19835 3287 123 2931 2832 4372
leaf_count=2850 19835 3287 123 2931 2832 4372
internal_value=0.000156496 5.93153e-05 -0.000266346 0.000543545 0.000134669 -0.000401287
internal_weight=36230 33380 19958 13422 10135 7303
internal_count=36230 33380 19958 13422 10135 7303
is_linear=0
shrinkage=0.03


Tree=166
num_leaves=7
num_cat=2
split_feature=12 1 1 10 5 13
split_gain=4.29654 5.90093 5.13693 5.31457 4.90424 4.61358
threshold=-0.17928688717850691 0 1 0.43078291609245506 0.060624621816435027 0.02824336288449503
decision_type=8 9 9 10 8 10
left_child=1 -1 3 -2 5 -4
right_child=2 -3 4 -5 -6 -7
leaf_value=-2.8229478572361888e-05 -0.00055128078774632858 0.0018901588114363602 0.00018150029777130243 -0.00274859128148848 -0.00040487910350543423 0.0017398935547119822
leaf_weight=2959 5140 2876 12396 154 8450 4071
leaf_count=2959 5140 2876 12396 154 8450 4071
internal_value=0.000156962 0.000902159 1.30082e-05 -0.000834684 0.000193397 0.00049496
internal_weight=36046 5835 30211 5294 24917 16467
internal_count=36046 5835 30211 5294 24917 16467
cat_boundaries=0 1 2
cat_threshold=142991392 12784402
is_linear=0
shrinkage=0.03


Tree=167
num_leaves=7
num_cat=3
split_feature=11 9 1 1 3 1
split_gain=4.75039 5.41791 7.95112 7.59591 7.0374 6.17877
threshold=-0.31934060946156156 0.22434583399459121 0 1 6.5000000000000009 2
decision_type=8 8 9 9 2 9
left_child=-1 3 -3 -2 5 -5
right_child=1 2 -4 4 -6 -7
leaf_value=0.0012090490015360354 0.00047838194365890107 0.0013203389949970946 -0.00023900834086305097 -0.0042391106753188849 -0.0011817564316126581 0.00044522130006842007
leaf_weight=2842 5942 7307 7127 552 7053 5302
leaf_count=2842 5942 7307 7127 552 7053 5302
internal_value=0.000144079 4.35345e-05 0.000480915 -0.000291406 -0.000699721 6.86594e-05
internal_weight=36125 33283 14434 18849 12907 5854
internal_count=36125 33283 14434 18849 12907 5854
cat_boundaries=0 1 2 3
cat_threshold=439094006 359675980 98320
is_linear=0
shrinkage=0.03


Tree=168
num_leaves=7
num_cat=2
split_feature=12 1 1 11 2 10
split_gain=4.14471 7.21252 5.93981 5.06711 5.18109 5.18744
threshold=0.11441314649183011 0 1 -0.33217278236961473 5.5000000000000009 0.30850977980999478
decision_type=10 9 9 8 2 10
left_child=1 -1 -2 -3 -5 -6
right_child=2 3 -4 4 5 -7
leaf_value=0.00091595904842992385 0.00040078586720017963 0.0012324156946409339 -0.0011633681622584056 0.00040538655753494284 -0.00047642887051746328 -0.0032250059590121761
leaf_weight=10901 4098 1522 4800 6630 7644 754
leaf_count=10901 4098 1522 4800 6630 7644 754
internal_value=0.000123714 0.000306098 -0.000438926 -8.87626e-05 -0.000255905 -0.000750804
internal_weight=36349 27451 8898 16550 15028 8398
internal_count=36349 27451 8898 16550 15028 8398
cat_boundaries=0 1 2
cat_threshold=322506396 413149518
is_linear=0
shrinkage=0.03


Tree=169
num_leaves=7
num_cat=2
split_feature=11 2 10 1 3 1
split_gain=4.52064 5.82521 12.1263 10.1644 12.6523 7.68427
threshold=-0.12574695785839338 6.5000000000000009 0.056590859681420642 0 9.5000000000000018 1
decision_type=8 2 10 9 2 9
left_child=-1 -2 5 4 -4 -3
right_child=1 2 3 -5 -6 -7
leaf_value=0.00056808323965876412 0.00041205260885919358 -0.0015833759075070798 -0.0023222785651858951 9.6904658844376387e-05 -0.0040716000049311829 0.00033539248299410955
leaf_weight=8063 14771 1510 1577 1066 371 8822
leaf_count=8063 14771 1510 1577 1066 371 8822
internal_value=0.000122716 -5.68674e-05 -0.000511126 -0.00218507 -0.00346401 -2.26458e-05
internal_weight=36180 28117 13346 3014 1948 10332
internal_count=36180 28117 13346 3014 1948 10332
cat_boundaries=0 1 2
cat_threshold=135250360 71536642
is_linear=0
shrinkage=0.03


Tree=170
num_leaves=7
num_cat=1
split_feature=13 13 2 14 11 1
split_gain=5.00663 7.1955 10.3518 8.92236 6.70125 7.0381
threshold=0.027428149956945817 0.022192832273456729 6.5000000000000009 0.14543668605011026 0.17517829926623832 0
decision_type=10 10 2 10 10 9
left_child=1 -1 -3 -4 -2 -6
right_child=4 2 3 -5 5 -7
leaf_value=8.2779570310124015e-07 0.0014462757417221528 1.5410682230698987e-05 -0.0017061037626049718 -0.0052583753248276431 -0.001860512172738558 0.0007806287221309334
leaf_weight=21577 8423 981 489 269 1773 2602
leaf_count=21577 8423 981 489 269 1773 2602
internal_value=0.000115797 -0.000145902 -0.00200172 -0.00463241 0.000592546 -0.000359918
internal_weight=36114 23316 1739 758 12798 4375
internal_count=36114 23316 1739 758 12798 4375
cat_boundaries=0 1
cat_threshold=131113252
is_linear=0
shrinkage=0.03


Tree=171
num_leaves=7
num_cat=4
split_feature=3 1 3 1 1 0
split_gain=4.96234 6.46921 4.89582 10.5991 10.0504 7.02383
threshold=1.5000000000000002 0 6.5000000000000009 1 2 3
decision_type=2 9 2 9 9 1
left_child=1 -1 3 5 -4 -2
right_child=2 -3 4 -5 -6 -7
leaf_value=0.00077315714630330954 0.0006882379482935953 -0.0017464527072232827 0.0007084312243519188 0.0013744480205010292 -0.0005774517683937606 -0.0016062003704000885
leaf_weight=870 2566 2199 6967 9291 11726 2507
leaf_count=870 2566 2199 6967 9291 11726 2507
internal_value=0.00012672 -0.00102704 0.000233862 0.000650331 -8.61773e-05 -0.000452596
internal_weight=36126 3069 33057 14364 18693 5073
internal_count=36126 3069 33057 14364 18693 5073
cat_boundaries=0 1 2 3 4
cat_threshold=435422466 410756118 490286228 2
is_linear=0
shrinkage=0.03


Tree=172
num_leaves=7
num_cat=0
split_feature=12 5 13 14 8 14
split_gain=4.6287 4.43724 4.55173 4.8493 7.63621 3.87976
threshold=0.11441314649183011 0.097616110234412204 -0.089244468661052193 -0.13947793569534792 -0.028975874929672237 0.4317430939327323
decision_type=10 8 8 8 10 10
left_child=1 2 3 -1 -5 -3
right_child=-2 5 -4 4 -6 -7
leaf_value=0.00063155439065750688 -0.00040323915430094654 -0.00029407507339607321 0.00064849445425791926 -0.0021917903475070352 0.00077179576563052201 -0.0061764246834169539
leaf_weight=991 8789 5932 18752 820 636 167
leaf_count=991 8789 5932 18752 820 636 167
internal_value=0.000141072 0.000333858 0.00053901 -0.000677696 -0.001779 -0.00037918
internal_weight=36087 27298 21199 2447 1456 6099
internal_count=36087 27298 21199 2447 1456 6099
is_linear=0
shrinkage=0.03


Tree=173
num_leaves=7
num_cat=1
split_feature=12 1 5 6 11 6
split_gain=4.06977 3.89135 5.77519 4.35515 3.98905 4.3885
threshold=-0.22852393076375496 0 0.061795821788322776 0.49212223357740653 0.5149966840602983 0.23748025611460835
decision_type=8 9 8 10 10 10
left_child=-1 2 -2 -4 -3 -6
right_child=1 4 3 -5 5 -7
leaf_value=0.0011297101387551663 0.00061476605051705266 -0.00023605696775720223 -0.00033594866030316466 -0.0055717249144844284 -3.0629949742070071e-05 -0.0063042123764789479
leaf_weight=3611 11998 14497 5494 132 217 210
leaf_count=3611 11998 14497 5494 132 217 210
internal_value=0.000141787 3.57616e-05 0.000337511 -0.000455305 -0.000320589 -0.00317523
internal_weight=36159 32548 17624 5626 14924 427
internal_count=36159 32548 17624 5626 14924 427
cat_boundaries=0 1
cat_threshold=527960268
is_linear=0
shrinkage=0.03


Tree=174
num_leaves=7
num_cat=0
split_feature=13 13 13 2 13 13
split_gain=5.54137 19.0797 12.9638 11.7728 6.64375 6.01388
threshold=0.070150462194139548 0.058367103392011815 0.059390965961923524 6.5000000000000009 0.027428149956945817 0.022192832273456729
decision_type=10 10 10 2 10 10
left_child=1 4 3 -3 5 -1
right_child=-2 2 -4 -5 -6 -7
leaf_value=-1.1702274901695811e-06 0.0013126467908636424 -0.0018913355559008191 -0.0022156343865727388 -0.0076843077980132367 0.0013436024208762416 -0.0015366731568268164
leaf_weight=21578 5950 131 794 131 5941 1744
leaf_count=21578 5950 131 794 131 5941 1744
internal_value=0.000110753 -5.35289e-05 -0.00401324 -0.00978707 8.94957e-05 -0.000138661
internal_weight=36269 30319 1056 262 29263 23322
internal_count=36269 30319 1056 262 29263 23322
is_linear=0
shrinkage=0.03


Tree=175
num_leaves=7
num_cat=0
split_feature=12 4 4 13 13 2
split_gain=4.41467 4.06717 4.45261 5.64545 13.385 9.74345
threshold=-0.25473080626624428 2.5000000000000004 6.5000000000000009 0.074419155845551879 0.058367103392011815 6.5000000000000009
decision_type=8 2 2 10 10 2
left_child=-1 -2 3 4 -3 -6
right_child=1 2 -4 -5 5 -7
leaf_value=0.0014760859139676113 0.00084496855763175293 -0.00054918730929844463 0.00019017263539679457 0.00058553230430814231 -0.0012403160827379738 -0.0061995064561397193
leaf_weight=2921 5302 7088 16811 3292 367 322
leaf_count=2921 5302 7088 16811 3292 367 322
internal_value=0.000135691 3.72481e-05 -0.0001076 -0.000574797 -0.00101556 -0.00500435
internal_weight=36103 33182 27880 11069 7777 689
internal_count=36103 33182 27880 11069 7777 689
is_linear=0
shrinkage=0.03


Tree=176
num_leaves=7
num_cat=1
split_feature=4 14 6 0 11 4
split_gain=4.39564 8.26625 5.64015 6.22931 4.23581 4.8632
threshold=2.5000000000000004 -0.192337871593486 -0.053012531064666295 0 -0.32596505613497312 7.5000000000000009
decision_type=2 10 8 1 8 2
left_child=1 2 -1 -4 -2 -6
right_child=4 -3 3 -5 5 -7
leaf_value=0.00036466455939889732 0.0011044515671705054 0.001520709139644428 0.00024452581494939827 -0.0055437973542139703 -0.00052250742665369714 0.0002613884274132762
leaf_weight=227 2240 5192 124 195 13970 14142
leaf_count=227 2240 5192 124 195 13970 14142
internal_value=0.000147128 0.000908521 -0.00259963 -0.00516562 3.1629e-06 -9.68946e-05
internal_weight=36090 5738 546 319 30352 28112
internal_count=36090 5738 546 319 30352 28112
cat_boundaries=0 1
cat_threshold=2
is_linear=0
shrinkage=0.03


Tree=177
num_leaves=7
num_cat=0
split_feature=3 3 14 9 9 11
split_gain=4.12913 8.59963 6.67599 4.635 4.59576 6.13085
threshold=2.5000000000000004 6.5000000000000009 -0.17016452810223601 -0.032789822822990804 0.095310179804325226 -0.31934060946156156
decision_type=2 2 8 8 8 10
left_child=-1 2 3 -2 5 -3
right_child=1 4 -4 -5 -6 -7
leaf_value=-0.00056376034948113789 -0.0021333447230819759 0.0010199142766605873 0.0014026239117312868 -0.00014700398333716727 0.00037882663628271518 -0.0006691470227565263
leaf_weight=5742 238 1158 10171 1185 9332 8157
leaf_count=5742 238 1158 10171 1185 9332 8157
internal_value=0.000158654 0.000298691 0.000940233 -0.000983848 -0.000100225 -0.000571597
internal_weight=35983 30241 11594 1423 18647 9315
internal_count=35983 30241 11594 1423 18647 9315
is_linear=0
shrinkage=0.03


Tree=178
num_leaves=7
num_cat=2
split_feature=12 1 3 10 1 3
split_gain=3.69739 5.24679 5.18147 8.37175 8.82117 10.2152
threshold=0.18030009168971708 0 6.5000000000000009 0.33050147083195563 1 3.5000000000000004
decision_type=10 9 2 8 9 2
left_child=1 -1 3 -3 5 -5
right_child=-2 2 -4 4 -6 -7
leaf_value=0.00084119396087794151 -0.00051879516281768897 0.0017607316857224172 -0.00041206342779614709 -0.0032592564369400751 0.00063733143829030367 0.00042138079312341119
leaf_weight=10292 5361 3618 10893 1008 4047 1053
leaf_count=10292 5361 3618 10893 1008 4047 1053
internal_value=0.000151518 0.000277659 1.30889e-06 0.000504575 -0.00017286 -0.00176496
internal_weight=36272 30911 20619 9726 6108 2061
internal_count=36272 30911 20619 9726 6108 2061
cat_boundaries=0 1 2
cat_threshold=322440216 67346566
is_linear=0
shrinkage=0.03


Tree=179
num_leaves=7
num_cat=1
split_feature=4 4 13 13 13 0
split_gain=4.30202 5.07591 8.2338 13.4705 6.91604 9.02448
threshold=3.5000000000000004 6.5000000000000009 0.091143940607181229 0.04971985034785735 -0.0030242362176403754 0
decision_type=2 2 10 10 8 1
left_child=-1 2 3 -2 5 -3
right_child=1 4 -4 -5 -6 -7
leaf_value=0.00076014589268922413 -0.00055509863805759143 0.00057424872969926777 0.0010985987950640123 -0.0032231103083413233 0.00092324392908793205 -0.00092874455977708657
leaf_weight=8603 5527 4870 2659 968 9190 4384
leaf_count=8603 5527 4870 2659 968 9190 4384
internal_value=0.000164991 -1.76092e-05 -0.000595085 -0.00117072 0.000269016 -0.000309886
internal_weight=36201 27598 9154 6495 18444 9254
internal_count=36201 27598 9154 6495 18444 9254
cat_boundaries=0 1
cat_threshold=2
is_linear=0
shrinkage=0.03


Tree=180
num_leaves=7
num_cat=3
split_feature=12 1 1 14 3 1
split_gain=4.47245 9.26593 6.72014 5.89232 5.25756 5.20079
threshold=-0.12706952755095544 0 1 -0.3019931236561153 10.500000000000002 2
decision_type=8 9 9 10 2 9
left_child=1 -1 3 -2 -5 -6
right_child=2 -3 -4 4 5 -7
leaf_value=-6.5413246344685718e-05 -0.005133577563744854 0.0020790337741225739 8.9378849210509703e-05 -0.00076945081320224944 0.0016626088818163236 -0.0051021139623441169
leaf_weight=5076 100 3405 25076 2034 116 365
leaf_count=5076 100 3405 25076 2034 116 365
internal_value=0.000126227 0.000728956 -5.83922e-05 -0.00150228 -0.00122218 -0.00403942
internal_weight=36172 8481 27691 2615 2515 481
internal_count=36172 8481 27691 2615 2515 481
cat_boundaries=0 1 2 3
cat_threshold=143126562 135952 16
is_linear=0
shrinkage=0.03


Tree=181
num_leaves=7
num_cat=1
split_feature=14 4 4 14 14 1
split_gain=4.12921 8.2903 7.28216 7.75368 12.3352 12.5607
threshold=0.044146771497768841 3.5000000000000004 7.5000000000000009 0.15536982916009345 0.098858969856131088 0
decision_type=10 2 2 10 10 9
left_child=-1 -2 3 4 -3 -6
right_child=1 2 -4 -5 5 -7
leaf_value=-6.6048030919593534e-05 0.0024113148113780632 0.0005507603439145794 0.0020106386087061878 0.00041366497126665342 -0.0039245684677607622 -0.0010866760417158699
leaf_weight=22649 3328 1357 2863 4387 686 891
leaf_count=22649 3328 1357 2863 4387 686 891
internal_value=0.000175958 0.000590987 0.000166127 -0.000335564 -0.00152913 -0.0033327
internal_weight=36161 13512 10184 7321 2934 1577
internal_count=36161 13512 10184 7321 2934 1577
cat_boundaries=0 1
cat_threshold=155632038
is_linear=0
shrinkage=0.03


Tree=182
num_leaves=7
num_cat=3
split_feature=3 1 10 3 1 1
split_gain=4.37504 6.62301 7.03358 6.62162 11.1222 7.23976
threshold=2.5000000000000004 0 -0.79760081960207596 6.5000000000000009 1 2
decision_type=2 9 10 2 9 9
left_child=1 2 -1 5 -5 -2
right_child=3 -3 -4 4 -6 -7
leaf_value=-0.0033457899271080662 -1.145185926640941e-05 -6.2310925335350869e-05 0.00075721687694387115 0.00083048543971909626 -0.00047989453944868811 0.0016476810771970812
leaf_weight=757 4641 4615 388 6624 12116 7056
leaf_count=757 4641 4615 388 6624 12116 7056
internal_value=0.000206116 -0.000551987 -0.00258218 0.000349596 1.11753e-10 0.000909643
internal_weight=36197 5760 1145 30437 18740 11697
internal_count=36197 5760 1145 30437 18740 11697
cat_boundaries=0 1 2 3
cat_threshold=236180 494480404 473932050
is_linear=0
shrinkage=0.03


Tree=183
num_leaves=7
num_cat=4
split_feature=12 1 0 1 1 5
split_gain=4.19166 3.5278 4.77834 6.03548 5.75794 4.20038
threshold=-0.25856278541841687 0 1 2 3 0.061795821788322776
decision_type=8 9 1 9 9 8
left_child=-1 5 4 -4 -3 -2
right_child=1 2 3 -5 -6 -7
leaf_value=0.0013912778925747504 0.00061161539386560867 0.00080187497233447807 0.00019744292723116596 -0.0014279560665394935 -0.0004517184654718447 -0.00037173054132534655
leaf_weight=2740 9678 5698 3161 5879 4399 4523
leaf_count=2740 9678 5698 3161 5879 4399 4523
internal_value=0.000152831 6.01099e-05 -0.000205713 -0.00070678 0.000242721 0.000418168
internal_weight=36078 33338 19137 9040 10097 14201
internal_count=36078 33338 19137 9040 10097 14201
cat_boundaries=0 1 2 3 4
cat_threshold=326109516 2 8978562 201614896
is_linear=0
shrinkage=0.03


Tree=184
num_leaves=7
num_cat=2
split_feature=12 11 1 3 1 10
split_gain=3.54573 5.4792 4.83846 4.4456 5.77351 6.32169
threshold=0.13605256361529608 -0.18559176280361497 0 6.5000000000000009 1 0.53921392039954752
decision_type=10 8 9 2 9 8
left_child=2 -2 -1 4 5 -4
right_child=1 -3 3 -5 -6 -7
leaf_value=0.00075752322742211995 0.0019191999779623193 -0.0006313532085862175 0.0014488399269264151 -0.00038578176050925591 0.0011387267731526789 -0.0015802093441017696
leaf_weight=10817 686 6891 1069 9393 5527 1808
leaf_count=10817 686 6891 1069 9393 5527 1808
internal_value=0.000144314 -0.0004327 0.000297117 -7.24382e-06 0.000493992 -0.000595221
internal_weight=36191 7577 28614 17797 8404 2877
internal_count=36191 7577 28614 17797 8404 2877
cat_boundaries=0 1 2
cat_threshold=393808920 134393990
is_linear=0
shrinkage=0.03


Tree=185
num_leaves=7
num_cat=2
split_feature=12 1 11 8 1 11
split_gain=4.0067 5.1351 5.09027 7.26809 4.47948 4.28252
threshold=0.13605256361529608 0 -0.18559176280361497 -0.19177349900101734 1 -0.12574695785839338
decision_type=10 9 8 8 9 8
left_child=4 -2 -3 -4 -1 -6
right_child=1 2 3 -5 5 -7
leaf_value=0.00076504746765818088 0.0010721768055026611 0.0015648084006160724 -0.0022158630041082344 -0.0007866979889619432 0.00056918455089506961 -0.0002551764282020736
leaf_weight=10229 1136 611 515 5269 4599 13776
leaf_count=10229 1136 611 515 5269 4599 13776
internal_value=0.000114152 -0.00050146 -0.000831252 -0.00110769 0.000276246 -4.07908e-06
internal_weight=36135 7531 6395 5784 28604 18375
internal_count=36135 7531 6395 5784 28604 18375
cat_boundaries=0 1 2
cat_threshold=142614598 322506264
is_linear=0
shrinkage=0.03


Tree=186
num_leaves=7
num_cat=1
split_feature=4 14 2 13 1 4
split_gain=4.0567 7.34195 5.52663 12.4911 6.68569 4.81849
threshold=3.5000000000000004 0.049083307253068718 7.5000000000000009 0.1043705213473667 0 6.5000000000000009
decision_type=2 10 2 10 9 2
left_child=1 2 -1 4 -4 -2
right_child=5 -3 3 -5 -6 -7
leaf_value=0.00074656698754856283 -0.00057422588304840701 0.0022182804003794739 -0.0017747325022320611 -0.0062859710506915443 0.00083303801508184346 0.00026187531199259925
leaf_weight=3130 9123 3333 999 112 1035 18420
leaf_count=3130 9123 3333 999 112 1035 18420
internal_value=0.000176915 0.000745296 4.88915e-05 -0.00112343 -0.000583784 -7.62305e-07
internal_weight=36152 8609 5276 2146 2034 27543
internal_count=36152 8609 5276 2146 2034 27543
cat_boundaries=0 1
cat_threshold=143278890
is_linear=0
shrinkage=0.03


Tree=187
num_leaves=7
num_cat=2
split_feature=14 11 5 1 3 1
split_gain=4.83479 5.96233 4.90245 5.28107 4.21172 6.4233
threshold=-0.010547056409956807 0.22024184044151876 0.064538521137571983 0 9.5000000000000018 1
decision_type=10 10 10 9 2 9
left_child=2 4 3 -1 -2 -6
right_child=1 -3 -4 -5 5 -7
leaf_value=-0.00054630357369249167 0.0012604701047551979 -0.00042158234876776591 -0.0011822579929330989 0.00035452223488437298 -0.0014123242521988286 0.0010239117756577366
leaf_weight=6329 9610 5321 3296 8256 1096 2231
leaf_count=6329 9610 5321 3296 8256 1096 2231
internal_value=0.000136054 0.000479435 -0.000214573 2.15962e-05 0.000827099 -9.28484e-05
internal_weight=36139 18258 17881 14585 12937 3327
internal_count=36139 18258 17881 14585 12937 3327
cat_boundaries=0 1 2
cat_threshold=3073300 134387618
is_linear=0
shrinkage=0.03


Tree=188
num_leaves=7
num_cat=0
split_feature=11 14 14 4 4 14
split_gain=3.78354 4.17228 7.65208 6.85192 5.81712 6.82344
threshold=-0.44962178108781353 0.044146771497768841 0.041906297311964623 3.5000000000000004 7.5000000000000009 0.15536982916009345
decision_type=8 10 10 2 2 10
left_child=-1 2 -2 -3 5 -5
right_child=1 3 -4 4 -6 -7
leaf_value=0.0021949317097963404 -0.0001127079858140505 0.0020271600348585319 -0.0049509310049400228 -0.0014000778444581031 0.0016337608992102232 0.00039282951893187992
leaf_weight=978 21516 3268 120 2931 2827 4365
leaf_count=978 21516 3268 120 2931 2827 4365
internal_value=0.000146226 9.481e-05 -0.000162777 0.000510977 0.000125346 -0.000322324
internal_weight=36005 35027 21636 13391 10123 7296
internal_count=36005 35027 21636 13391 10123 7296
is_linear=0
shrinkage=0.03


Tree=189
num_leaves=7
num_cat=1
split_feature=14 11 14 1 6 11
split_gain=3.75658 8.10536 6.54765 4.87548 4.51898 5.65652
threshold=0.044146771497768841 0.058253202010536416 0.041906297311964623 0 0.0090304480057659137 -0.18559176280361497
decision_type=10 10 10 9 8 8
left_child=2 -2 4 -3 -1 -6
right_child=1 3 -4 -5 5 -7
leaf_value=0.0002216263481839734 0.0015420032613480618 0.0014755135781815596 -0.0045899403097045023 -0.00044742969051477741 0.0011167851178569839 -0.00092465967859082772
leaf_weight=13767 4947 2132 122 6443 1250 7436
leaf_count=13767 4947 2132 122 6443 1250 7436
internal_value=0.00011527 0.000510686 -0.000121589 -4.72247e-05 -8.37712e-05 -0.000619546
internal_weight=36097 13522 22575 8575 22453 8686
internal_count=36097 13522 22575 8575 22453 8686
cat_boundaries=0 1
cat_threshold=136775704
is_linear=0
shrinkage=0.03


Tree=190
num_leaves=7
num_cat=0
split_feature=14 14 4 4 14 14
split_gain=4.14379 7.7506 6.53821 6.03581 7.06296 12.5662
threshold=0.044146771497768841 0.041906297311964623 3.5000000000000004 7.5000000000000009 0.15536982916009345 0.076979570667073546
decision_type=10 10 2 2 10 10
left_child=1 -1 -2 4 5 -4
right_child=2 -3 3 -5 -6 -7
leaf_value=-5.5398723058147902e-05 0.0019100067550895526 -0.0042152890697074261 0.001025421438520567 0.0017402806072699373 0.00048306781209386172 -0.0021959276091894852
leaf_weight=22519 3349 129 1185 2907 4360 1758
leaf_count=22519 3349 129 1185 2907 4360 1758
internal_value=0.000144747 -0.000103581 0.000559513 0.000182157 -0.000278067 -0.00141338
internal_weight=36207 22648 13559 10210 7303 2943
internal_count=36207 22648 13559 10210 7303 2943
is_linear=0
shrinkage=0.03


Tree=191
num_leaves=7
num_cat=1
split_feature=11 14 7 11 1 6
split_gain=3.65827 4.40562 5.82188 4.71594 4.94537 4.65883
threshold=-0.42641460105018053 -0.010547056409956807 0.16097106850991996 0.079361573444843195 0 0.47118148609196547
decision_type=8 10 10 8 9 10
left_child=-1 -2 -3 -4 5 -5
right_child=1 2 3 4 -6 -7
leaf_value=0.0016777934636019577 -0.00023329905160526356 0.0009337244821253721 0.0018487768647977238 -0.0010019414627781041 0.00044517692666566768 -0.0060478164612462297
leaf_weight=1236 16725 11664 1252 2960 1945 208
leaf_count=1236 16725 11664 1252 2960 1945 208
internal_value=0.000157539 0.000100475 0.00042579 -0.000303958 -0.000708056 -0.0014363
internal_weight=35990 34754 18029 6365 5113 3168
internal_count=35990 34754 18029 6365 5113 3168
cat_boundaries=0 1
cat_threshold=113881960
is_linear=0
shrinkage=0.03


Tree=192
num_leaves=7
num_cat=3
split_feature=3 1 3 1 14 1
split_gain=3.79703 6.40545 5.43049 9.79517 16.3763 9.03626
threshold=1.5000000000000002 0 6.5000000000000009 1 -0.13849821623747985 2
decision_type=2 9 2 9 8 9
left_child=1 -1 3 4 -2 -4
right_child=2 -3 5 -5 -6 -7
leaf_value=0.0008656834770077083 -0.0026862601088919716 -0.0015368359179465025 0.00064351906639863838 0.0011724988440860173 0.00029162601273202238 -0.00050301030726330521
leaf_weight=798 647 2290 6982 10029 3649 11757
leaf_count=798 647 2290 6982 10029 3649 11757
internal_value=0.000139574 -0.0008663 0.00023354 0.000673252 -0.000525191 -0.000102615
internal_weight=36152 3088 33064 14325 4296 18739
internal_count=36152 3088 33064 14325 4296 18739
cat_boundaries=0 1 2 3
cat_threshold=435421442 406303766 490286228
is_linear=0
shrinkage=0.03


Tree=193
num_leaves=7
num_cat=2
split_feature=11 14 11 14 0 1
split_gain=3.88567 4.47111 7.3274 5.05556 5.46307 13.3196
threshold=-0.36464654208861885 0.044146771497768841 0.064153952532231898 0.041906297311964623 0 1
decision_type=8 10 10 10 1 9
left_child=-1 3 -3 4 -2 -6
right_child=1 2 -4 -5 5 -7
leaf_value=0.0011673421942153331 0.00023582183792845792 0.0013817284100279229 -0.00011221131842078608 -0.0045613031083902656 0.00031992277182448208 -0.0014815051251349212
leaf_weight=2026 11256 5086 8337 122 4151 5145
leaf_count=2026 11256 5086 8337 122 4151 5145
internal_value=0.00012399 4.81261e-05 0.000474449 -0.000228682 -0.000192381 -0.000730558
internal_weight=36123 34097 13423 20674 20552 9296
internal_count=36123 34097 13423 20674 20552 9296
cat_boundaries=0 1 2
cat_threshold=2 44633536
is_linear=0
shrinkage=0.03


Tree=194
num_leaves=7
num_cat=0
split_feature=3 3 14 2 10 2
split_gain=3.80349 6.91989 4.63232 3.86558 3.7298 3.68132
threshold=2.5000000000000004 6.5000000000000009 -0.13778715735331173 8.5000000000000018 -0.015650694232507863 6.5000000000000009
decision_type=2 2 8 2 10 2
left_child=-1 2 -2 -4 -3 -6
right_child=1 4 3 -5 5 -7
leaf_value=-0.00048808286207056427 -0.000322793785864891 0.00022611272827226218 0.0018173009690903557 0.00025108681504876299 5.7698068639235472e-05 -0.0011471067600088061
leaf_weight=5758 1930 13245 6490 3144 2752 2720
leaf_count=5758 1930 13245 6490 3144 2752 2720
internal_value=0.000163901 0.000298296 0.000875227 0.00114395 -5.81792e-05 -0.000716974
internal_weight=36039 30281 11564 9634 18717 5472
internal_count=36039 30281 11564 9634 18717 5472
is_linear=0
shrinkage=0.03


Tree=195
num_leaves=7
num_cat=3
split_feature=3 1 3 1 1 13
split_gain=4.26031 5.46333 4.61964 9.18326 9.03993 9.08842
threshold=1.5000000000000002 0 6.5000000000000009 1 2 -0.1068798998878198
decision_type=2 9 2 9 9 8
left_child=1 -1 4 -4 5 -2
right_child=2 -3 3 -5 -6 -7
leaf_value=0.00089184734686079353 -0.0044410803963367248 -0.0016444189516562448 0.00089694322439761007 -0.00041302604334764149 0.00095290915199729327 -0.0003700138341115964
leaf_weight=718 210 2334 4490 14316 11184 2964
leaf_count=718 210 2334 4490 14316 11184 2964
internal_value=0.000101555 -0.000970848 0.000200271 -0.000109108 0.000605474 -0.000806279
internal_weight=36216 3052 33164 18806 14358 3174
internal_count=36216 3052 33164 18806 14358 3174
cat_boundaries=0 1 2 3
cat_threshold=301203714 422652948 406040594
is_linear=0
shrinkage=0.03


Tree=196
num_leaves=7
num_cat=2
split_feature=12 1 1 6 14 14
split_gain=4.2204 6.52469 5.70613 4.54027 5.70965 4.53337
threshold=-0.12706952755095544 0 1 0.0090304480057659137 -0.00026895975234974049 -0.16753560899519718
decision_type=8 9 9 8 10 10
left_child=1 -1 5 -4 -5 -2
right_child=2 -3 3 4 -6 -7
leaf_value=-0.00011719049301150072 -0.0016598384245416346 0.0015828995812510154 0.00054486255506192862 -0.0011802117179353698 0.00026671915779794074 -0.00047619625226301133
leaf_weight=4095 691 4379 9877 4552 8165 4394
leaf_count=4095 691 4379 9877 4552 8165 4394
internal_value=0.000141312 0.00072708 -3.80418e-05 0.000166423 -0.000208287 -0.000944859
internal_weight=36153 8474 27679 22594 12717 5085
internal_count=36153 8474 27679 22594 12717 5085
cat_boundaries=0 1 2
cat_threshold=134471714 12785426
is_linear=0
shrinkage=0.03


Tree=197
num_leaves=7
num_cat=2
split_feature=12 1 1 3 12 8
split_gain=3.91074 7.19181 6.10212 8.82226 6.15067 4.77436
threshold=-0.11655332700412478 0 1 9.5000000000000018 0.0015444903471832918 -0.45712403322498835
decision_type=8 9 9 2 10 10
left_child=1 -1 3 5 -5 -2
right_child=2 -3 -4 4 -6 -7
leaf_value=-1.0658888818894698e-05 -0.0028376040686886165 0.0017478100768616486 5.6260866772788486e-05 -0.0013320488802812506 -0.007595123472817383 0.0015013069314228317
leaf_weight=5284 235 3695 26355 126 139 427
leaf_count=5284 235 3695 26355 126 139 427
internal_value=0.000148172 0.000691203 -3.05684e-05 -0.00240832 -0.00704887 -0.000579185
internal_weight=36261 8979 27282 927 265 662
internal_count=36261 8979 27282 927 265 662
cat_boundaries=0 1 2
cat_threshold=142864418 135680
is_linear=0
shrinkage=0.03


Tree=198
num_leaves=7
num_cat=2
split_feature=12 1 1 11 11 10
split_gain=3.28245 6.34252 5.75917 3.9095 6.8616 3.40711
threshold=-0.11655332700412478 0 1 0.030576112063330111 -0.0759927996221723 -0.17894674232642591
decision_type=8 9 9 10 8 8
left_child=1 5 3 4 -2 -1
right_child=2 -3 -4 -5 -6 -7
leaf_value=0.002050990373313394 0.0002267583724400662 0.0015703089947558297 8.6013516324445267e-05 -0.00053398878073363323 -0.0044484800591033883 -0.00026344972681143554
leaf_weight=634 345 3720 24605 1694 516 4719
leaf_count=634 345 3720 24605 1694 516 4719
internal_value=0.00010871 0.000602711 -5.63307e-05 -0.00140881 -0.00305916 -5.98433e-05
internal_weight=36233 9073 27160 2555 861 5353
internal_count=36233 9073 27160 2555 861 5353
cat_boundaries=0 1 2
cat_threshold=143912994 135952
is_linear=0
shrinkage=0.03


Tree=199
num_leaves=7
num_cat=3
split_feature=12 1 1 5 13 1
split_gain=4.0853 6.45123 4.5163 4.10963 4.17849 3.62071
threshold=-0.11655332700412478 0 1 0.060624621816435027 0.02824336288449503 2
decision_type=8 9 9 8 10 9
left_child=1 -1 -2 4 5 -4
right_child=2 -3 3 -5 -6 -7
leaf_value=-0.00029237117619638082 -0.00091404505668151294 0.0012659934245569579 0.00056897279506535063 -0.00039798310283687907 0.0013141574248819359 -0.00034255184308039154
leaf_weight=3658 3535 5442 4906 8113 3758 6777
leaf_count=3658 3535 5442 4906 8113 3758 6777
internal_value=0.000112656 0.000662565 -7.20929e-05 7.81669e-05 0.000365432 8.55017e-05
internal_weight=36189 9100 27089 23554 15441 11683
internal_count=36189 9100 27089 23554 15441 11683
cat_boundaries=0 1 2 3
cat_threshold=134340640 8590096 527444032
is_linear=0
shrinkage=0.03


Tree=200
num_leaves=7
num_cat=0
split_feature=6 8 14 13 14 4
split_gain=3.55938 4.45843 3.7453 6.73703 3.67173 8.02577
threshold=0.0090304480057659137 -0.04665654311607436 -0.18583750853859338 -0.051260918856846811 -0.13849821623747985 8.5000000000000018
decision_type=10 8 8 10 8 2
left_child=1 4 3 -2 5 -1
right_child=2 -3 -4 -5 -6 -7
leaf_value=0.00019926174611597437 0.00072114839157690796 0.00078682567635649891 -0.00010526091039121273 -0.0028999251157218143 0.00027604722627775117 -0.0012122734022010741
leaf_weight=1307 287 12127 15316 294 5673 1100
leaf_count=1307 287 12127 15316 294 5673 1100
internal_value=0.0001258 0.000389994 -0.000210026 -0.00257216 -0.000155921 -0.00113746
internal_weight=36104 20207 15897 581 8080 2407
internal_count=36104 20207 15897 581 8080 2407
is_linear=0
shrinkage=0.03


Tree=201
num_leaves=7
num_cat=4
split_feature=3 1 3 1 1 0
split_gain=3.71304 6.04269 3.76944 9.00756 8.81993 4.84471
threshold=1.5000000000000002 0 6.5000000000000009 1 2 3
decision_type=2 9 2 9 9 1
left_child=1 -1 3 5 -4 -2
right_child=2 -3 4 -5 -6 -7
leaf_value=0.0009311269036417387 0.0004722067645619202 -0.0015865727687723711 0.0007653921250278089 0.0011248680110405736 -0.00037749574242652156 -0.0014328637731742719
leaf_weight=748 2578 2265 5211 9203 13528 2531
leaf_count=748 2578 2265 5211 9203 13528 2531
internal_value=0.00013509 -0.000872926 0.000227006 0.000593586 -5.29881e-05 -0.000416601
internal_weight=36064 3013 33051 14312 18739 5109
internal_count=36064 3013 33051 14312 18739 5109
cat_boundaries=0 1 2 3 4
cat_threshold=431236098 410756118 493956116 2
is_linear=0
shrinkage=0.03


Tree=202
num_leaves=7
num_cat=0
split_feature=13 13 2 13 13 13
split_gain=3.9421 13.7316 10.5855 9.57761 6.27477 6.22388
threshold=0.070150462194139548 0.058367103392011815 5.5000000000000009 0.059390965961923524 0.10136324727194838 0.10627458796064949
decision_type=10 10 2 10 10 10
left_child=1 -1 -3 -4 -2 -6
right_child=4 2 3 -5 5 -7
leaf_value=5.6984687928018765e-05 0.0021663836650569943 -0.00024239471442674202 -0.0065128712731756392 -0.003815772089700522 -0.0029832909692278247 0.00039215219492828266
leaf_weight=29166 2930 489 145 417 363 2625
leaf_count=29166 2930 489 145 417 363 2625
internal_value=8.67557e-05 -5.19226e-05 -0.0034192 -0.0062238 0.000794729 -0.000172633
internal_weight=36135 30217 1051 562 5918 2988
internal_count=36135 30217 1051 562 5918 2988
is_linear=0
shrinkage=0.03


Tree=203
num_leaves=7
num_cat=0
split_feature=4 14 7 5 11 14
split_gain=4.03895 5.74163 4.08324 5.86597 7.40867 4.1334
threshold=2.5000000000000004 -0.192337871593486 -0.39138155138385938 0.25892072805909599 0.75691384571231668 0.084872677434921232
decision_type=2 10 10 8 8 10
left_child=1 -1 5 -4 -5 -2
right_child=2 -3 3 4 -6 -7
leaf_value=-0.0017091161350847501 0.00031783242520615234 0.0012481276987097529 -3.301452868121417e-05 -0.0011285842926592284 -0.010514862477420764 0.0030187372133295186
leaf_weight=567 3402 5171 23640 1819 105 1388
leaf_count=567 3402 5171 23640 1819 105 1388
internal_value=0.000110714 0.000840565 -2.72771e-05 -0.000177899 -0.00177039 0.000776456
internal_weight=36092 5738 30354 25564 1924 4790
internal_count=36092 5738 30354 25564 1924 4790
is_linear=0
shrinkage=0.03


Tree=204
num_leaves=7
num_cat=1
split_feature=11 13 11 13 2 1
split_gain=3.62728 4.1219 5.36487 5.09288 8.64819 9.77339
threshold=-0.44962178108781353 0.027428149956945817 0.18626590482105956 0.022192832273456729 6.5000000000000009 0
decision_type=8 10 10 10 2 9
left_child=-1 3 -3 -2 -5 -6
right_child=1 2 -4 4 5 -7
leaf_value=0.0019651732244695794 -6.2534752283770483e-05 0.0010006132371554561 -0.00039867668090876946 0.00023617277520811112 -0.0051132758066566898 -0.00087538030998044727
leaf_weight=949 20634 8511 4270 966 346 435
leaf_count=949 20634 8511 4270 966 346 435
internal_value=9.39578e-05 4.45356e-05 0.000474339 -0.00020092 -0.00175572 -0.00410102
internal_weight=36111 35162 12781 22381 1747 781
internal_count=36111 35162 12781 22381 1747 781
cat_boundaries=0 1
cat_threshold=84918658
is_linear=0
shrinkage=0.03


Tree=205
num_leaves=7
num_cat=3
split_feature=3 1 3 1 1 14
split_gain=3.88982 8.04529 6.62698 9.1743 6.88724 16.8286
threshold=2.5000000000000004 0 6.5000000000000009 1 2 -0.13778715735331173
decision_type=2 9 2 9 9 8
left_child=1 -1 4 -4 5 -2
right_child=2 -3 3 -5 -6 -7
leaf_value=-0.0017792134714762888 -0.0034940119197951654 0.00018253994834477197 0.00065583881510295806 -0.00043953851348539809 0.0011989567872520823 0.00053730403338733636
leaf_weight=1972 405 3827 6278 12427 9195 1983
leaf_count=1972 405 3827 6278 12427 9195 1983
internal_value=0.000131928 -0.000579827 0.000268216 -8.09899e-05 0.000832096 -0.000602751
internal_weight=36087 5799 30288 18705 11583 2388
internal_count=36087 5799 30288 18705 11583 2388
cat_boundaries=0 1 2 3
cat_threshold=72064660 356068374 423043088
is_linear=0
shrinkage=0.03


Tree=206
num_leaves=7
num_cat=3
split_feature=3 1 3 1 1 14
split_gain=3.81252 6.81459 6.16641 8.42578 6.97188 7.50964
threshold=2.5000000000000004 0 6.5000000000000009 1 2 -0.17016452810223601
decision_type=2 9 2 9 9 8
left_child=1 -1 4 -4 5 -2
right_child=2 -3 3 -5 -6 -7
leaf_value=-0.0015579350622293322 -0.0023294164718483524 0.00021883108187393551 0.00062387811222214414 -0.00045184881615303868 0.0012536387147491833 0.00022370273614993641
leaf_weight=2408 483 3359 6527 12199 7823 3313
leaf_count=2408 483 3359 6527 12199 7823 3313
internal_value=0.00010733 -0.000599688 0.000241712 -9.51566e-05 0.000784596 -0.000271079
internal_weight=36112 5767 30345 18726 11619 3796
internal_count=36112 5767 30345 18726 11619 3796
cat_boundaries=0 1 2 3
cat_threshold=72063646 423210004 423600144
is_linear=0
shrinkage=0.03


Tree=207
num_leaves=7
num_cat=3
split_feature=11 9 1 1 11 1
split_gain=3.13502 3.03906 5.98846 4.32705 4.14202 8.28872
threshold=-0.44962178108781353 0.26755845390292304 0 1 0.5149966840602983 2
decision_type=8 8 9 9 8 9
left_child=-1 3 -3 -2 -4 -6
right_child=1 2 4 -5 5 -7
leaf_value=0.0018552741881107892 0.00048590951989543408 0.0011867561763924917 0.00019411667529482284 -0.00029160957698935811 0.0016481923276917419 -0.0036077716443389299
leaf_weight=976 3976 6858 5525 17277 611 941
leaf_count=976 3976 6858 5525 17277 611 941
internal_value=0.000123103 7.65581e-05 0.000420853 -0.000149195 -0.000191732 -0.00156085
internal_weight=36164 35188 13935 21253 7077 1552
internal_count=36164 35188 13935 21253 7077 1552
cat_boundaries=0 1 2 3
cat_threshold=447482550 357568832 22127616
is_linear=0
shrinkage=0.03


Tree=208
num_leaves=7
num_cat=1
split_feature=6 11 7 1 14 14
split_gain=3.60894 7.89816 6.98729 6.07167 4.61017 8.56618
threshold=0.31015492830383945 0.5149966840602983 0.38760121829876854 0 0.044146771497768841 0.041906297311964623
decision_type=10 10 10 9 10 10
left_child=4 3 -3 -2 5 -1
right_child=1 2 -4 -5 -6 -7
leaf_value=-1.6394208309173621e-05 -0.0045447179778348662 -0.00075680174118447554 -0.0070832047610193362 0.00034506430357118242 0.00070483309939963011 -0.0043069997738780655
leaf_weight=21969 220 115 135 1525 12106 110
leaf_count=21969 220 115 135 1525 12106 110
internal_value=0.000120229 -0.00111974 -0.00609562 -0.00040378 0.000192623 -6.53531e-05
internal_weight=36180 1995 250 1745 34185 22079
internal_count=36180 1995 250 1745 34185 22079
cat_boundaries=0 1
cat_threshold=17832512
is_linear=0
shrinkage=0.03


Tree=209
num_leaves=7
num_cat=0
split_feature=13 13 2 13 8 13
split_gain=4.74282 17.1121 9.00177 9.07186 5.19109 4.87702
threshold=0.069041740241567326 0.058367103392011815 5.5000000000000009 0.059390965961923524 0.0259743899132352 0.027428149956945817
decision_type=10 10 2 10 8 10
left_child=1 5 -3 -4 -5 -1
right_child=-2 2 3 4 -6 -7
leaf_value=-7.8095791475761236e-05 0.0010326646168588032 -0.00055945271493585704 -0.0073768217424021367 -0.0083997596393123545 -0.0017688367631229004 0.00098469442472601059
leaf_weight=23208 5938 445 150 108 298 5955
leaf_count=23208 5938 445 150 108 298 5955
internal_value=0.000118162 -3.44106e-05 -0.00388922 -0.00643088 -0.00408354 9.80319e-05
internal_weight=36102 30164 1001 556 406 29163
internal_count=36102 30164 1001 556 406 29163
is_linear=0
shrinkage=0.03


Tree=210
num_leaves=7
num_cat=2
split_feature=3 1 10 3 1 14
split_gain=3.32081 8.26235 7.52757 5.01144 8.20473 9.4447
threshold=2.5000000000000004 0 0.92147212539192858 6.5000000000000009 1 -0.17016452810223601
decision_type=2 9 8 2 9 8
left_child=1 2 -1 4 5 -2
right_child=3 -3 -4 -5 -6 -7
leaf_value=0.00062711972282680393 -0.0022448901839379606 -5.4535689527140787e-05 -0.0034347308121061315 -8.9358803511116686e-05 0.0013377078944187286 0.00022106601810218654
leaf_weight=346 555 4771 653 18835 6956 4134
leaf_count=346 555 4771 653 18835 6956 4134
internal_value=6.20674e-05 -0.000597817 -0.00306238 0.000187002 0.000676198 -0.000294255
internal_weight=36250 5770 999 30480 11645 4689
internal_count=36250 5770 999 30480 11645 4689
cat_boundaries=0 1 2
cat_threshold=235668 423601424
is_linear=0
shrinkage=0.03


Tree=211
num_leaves=7
num_cat=2
split_feature=6 6 11 1 13 1
split_gain=3.56042 3.59532 3.70123 4.85352 4.38543 3.70247
threshold=0.0090304480057659137 0.010449857882699034 0.20435051538404461 0 0.027428149956945817 1
decision_type=10 10 8 9 10 9
left_child=-1 -2 4 -4 5 -3
right_child=1 2 3 -5 -6 -7
leaf_value=0.00034664530203464098 -0.0045282134508496455 0.00074326032610566551 -0.0037313119309648293 -0.00042062470557553916 0.00093950593817885609 -0.00067335576469774495
leaf_weight=20246 112 1344 517 5550 4298 4082
leaf_count=20246 112 1344 517 5550 4298 4082
internal_value=0.000145975 -0.000189952 -0.000151786 -0.00073319 0.000211003 -0.000355998
internal_weight=36149 15903 15791 6067 9724 5426
internal_count=36149 15903 15791 6067 9724 5426
cat_boundaries=0 1 2
cat_threshold=83931136 96540420
is_linear=0
shrinkage=0.03


Tree=212
num_leaves=7
num_cat=3
split_feature=3 1 9 3 1 1
split_gain=3.36885 7.49382 8.17843 4.58039 7.02301 5.85444
threshold=2.5000000000000004 0 -0.019780888638321056 5.5000000000000009 1 2
decision_type=2 9 10 2 9 9
left_child=1 2 -1 4 -2 -5
right_child=3 -3 -4 5 -6 -7
leaf_value=-0.0021058870765477506 -0.00027039893298374065 -0.00018813324324418336 -0.0058458648153423944 0.00091736486805394388 0.0014182061525154592 -0.00020350309972751065
leaf_weight=460 3161 5188 112 3485 5435 18238
leaf_count=460 3161 5188 112 3485 5435 18238
internal_value=9.22119e-05 -0.000572817 -0.0037976 0.000218569 0.000804699 -1.33952e-05
internal_weight=36079 5760 572 30319 8596 21723
internal_count=36079 5760 572 30319 8596 21723
cat_boundaries=0 1 2 3
cat_threshold=170000 355443734 270543892
is_linear=0
shrinkage=0.03


Tree=213
num_leaves=7
num_cat=2
split_feature=11 14 11 1 3 1
split_gain=3.82156 3.96074 5.25636 4.63576 4.21469 5.13074
threshold=-0.42641460105018053 -0.010547056409956807 0.15545873727501783 0 7.5000000000000009 1
decision_type=8 10 10 9 2 9
left_child=-1 -2 4 -4 -3 -6
right_child=1 2 3 -5 5 -7
leaf_value=0.0015784508296081364 -0.0002279186577314281 0.0012329031323346118 -0.0015518328467987561 0.00025258316950283301 0.0010537504218844078 -0.00058106070812438877
leaf_weight=1231 16828 6228 1964 5201 2248 2404
leaf_count=1231 16828 6228 1964 5201 2248 2404
internal_value=8.92398e-05 3.12268e-05 0.000339965 -0.000290957 0.000755445 7.22116e-05
internal_weight=36104 34873 18045 7165 10880 4652
internal_count=36104 34873 18045 7165 10880 4652
cat_boundaries=0 1 2
cat_threshold=282243108 389851412
is_linear=0
shrinkage=0.03


Tree=214
num_leaves=7
num_cat=2
split_feature=11 2 9 1 1 7
split_gain=4.1492 5.07469 4.20882 6.49787 5.3804 5.0628
threshold=-0.14312379761655866 1.5000000000000002 0.095310179804325226 0 1 0.46401981218161886
decision_type=8 2 8 9 9 10
left_child=-1 -2 3 -3 -4 -6
right_child=1 2 4 -5 5 -7
leaf_value=0.00053068390989844207 0.0010283884169355719 0.00073732984156612972 0.00076712334705377578 -0.0007997795084576766 -0.0002682779883845021 -0.0046276616991899654
leaf_weight=7249 2684 1446 7347 9036 8073 221
leaf_count=7249 2684 1446 7347 9036 8073 221
internal_value=0.000119478 -4.19674e-05 -0.000169614 -0.000634742 0.000142117 -0.000381457
internal_weight=36056 28807 26123 10482 15641 8294
internal_count=36056 28807 26123 10482 15641 8294
cat_boundaries=0 1 2
cat_threshold=357568576 446959262
is_linear=0
shrinkage=0.03


Tree=215
num_leaves=7
num_cat=3
split_feature=12 3 1 3 1 1
split_gain=3.86118 3.22023 5.48902 4.01998 7.84387 7.71137
threshold=-0.25473080626624428 1.5000000000000002 0 6.5000000000000009 1 2
decision_type=8 2 9 2 9 9
left_child=-1 2 -2 4 -3 -5
right_child=1 3 -4 5 -6 -7
leaf_value=0.0011465150659757035 -0.00222635996006702 -0.00039396076947808639 -0.00057157747961216832 0.00080712303368113002 0.00096781427430950014 -0.00037889333138792669
leaf_weight=2932 234 4750 2620 3344 8427 13818
leaf_count=2932 234 4750 2620 3344 8427 13818
internal_value=0.000134944 4.27488e-05 -0.00092049 0.000133388 0.00052747 -0.000169201
internal_weight=36125 33193 2854 30339 13177 17162
internal_count=36125 33193 2854 30339 13177 17162
cat_boundaries=0 1 2 3
cat_threshold=67180560 406500502 355477524
is_linear=0
shrinkage=0.03


Tree=216
num_leaves=7
num_cat=2
split_feature=12 1 10 1 3 14
split_gain=3.78066 4.84181 4.59459 3.76208 5.30634 4.30218
threshold=-0.17928688717850691 0 0.53921392039954752 1 10.500000000000002 0.33091922906668186
decision_type=8 9 10 9 2 8
left_child=1 2 -1 4 5 -2
right_child=3 -3 -4 -5 -6 -7
leaf_value=0.00029237100355343298 -0.00011171086986308183 0.0014625718660588912 -0.0026590985988152612 8.9359344311688803e-05 -0.0040907976215540862 -0.0038017575632982394
leaf_weight=2889 1910 2890 130 27721 439 125
leaf_count=2889 1910 2890 130 27721 439 125
internal_value=0.000148234 0.000842132 -9.89988e-07 1.2419e-05 -0.00110583 -0.000464145
internal_weight=36104 5909 3019 30195 2474 2035
internal_count=36104 5909 3019 30195 2474 2035
cat_boundaries=0 1 2
cat_threshold=143777824 135936
is_linear=0
shrinkage=0.03


Tree=217
num_leaves=7
num_cat=1
split_feature=13 13 1 2 13 11
split_gain=3.74058 11.2479 9.05192 7.40324 6.60896 5.62973
threshold=0.070150462194139548 0.058367103392011815 0 5.5000000000000009 0.060394368543006401 0.1531145817271389
decision_type=10 10 9 2 10 8
left_child=1 -1 -3 -4 -5 -2
right_child=5 2 3 4 -6 -7
leaf_value=7.6147665521451236e-05 0.0019760523649296818 -0.00068836908285994567 -0.0021317648282443472 -0.0060821695404783983 -0.00340716582736758 1.2212373274522285e-05
leaf_weight=29341 2520 656 192 118 101 3366
leaf_count=29341 2520 656 192 118 101 3366
internal_value=0.000116049 -1.79551e-05 -0.00304213 -0.00646209 -0.0103773 0.000808222
internal_weight=36294 30408 1067 411 219 5886
internal_count=36294 30408 1067 411 219 5886
cat_boundaries=0 1
cat_threshold=40664648
is_linear=0
shrinkage=0.03


Tree=218
num_leaves=7
num_cat=1
split_feature=13 13 2 1 5 14
split_gain=3.88847 4.89983 6.4755 5.28242 5.77688 3.93167
threshold=0.027428149956945817 0.022192832273456729 7.5000000000000009 0 0.012836844231645996 -0.010094555932852899
decision_type=10 10 2 9 10 10
left_child=1 -1 -3 4 -4 -2
right_child=5 2 3 -5 -6 -7
leaf_value=2.986389256650226e-06 -0.0003531047588993595 -0.00016446021019037171 -0.0027642280136421561 -0.0016703767387182694 -0.006449731703586886 0.00090311104368186548
leaf_weight=21531 3071 1114 115 423 100 9740
leaf_count=21531 3071 1114 115 423 100 9740
internal_value=0.000116692 -0.000114284 -0.00163948 -0.00404695 -0.00776549 0.00053645
internal_weight=36094 23283 1752 638 215 12811
internal_count=36094 23283 1752 638 215 12811
cat_boundaries=0 1
cat_threshold=67617154
is_linear=0
shrinkage=0.03


Tree=219
num_leaves=7
num_cat=1
split_feature=13 13 1 2 13 8
split_gain=3.51037 11.5608 7.58899 6.40223 5.48069 5.44043
threshold=0.070150462194139548 0.058367103392011815 0 4.5000000000000009 0.094786310576465152 0.16514273228372026
decision_type=10 10 9 2 10 8
left_child=1 -1 3 -3 -2 -6
right_child=4 2 -4 -5 5 -7
leaf_value=6.0317923570111575e-05 0.0019902265305381021 -0.0012740051551465303 -0.0014151266617259393 -0.0062354115394591481 0.0022159638979982179 -0.00070735266446387798
leaf_weight=29228 2303 106 772 168 984 2613
leaf_count=29228 2303 106 772 168 984 2613
internal_value=9.32137e-05 -3.72584e-05 -0.00313467 -0.00732632 0.000762583 3.08506e-05
internal_weight=36174 30274 1046 274 5900 3597
internal_count=36174 30274 1046 274 5900 3597
cat_boundaries=0 1
cat_threshold=151224612
is_linear=0
shrinkage=0.03


Tree=220
num_leaves=7
num_cat=1
split_feature=13 13 1 13 11 14
split_gain=3.98693 12.0215 8.98125 6.74463 4.61226 7.2858
threshold=0.070150462194139548 0.058367103392011815 0 0.060394368543006401 0.1531145817271389 0.11572393903238316
decision_type=10 10 9 10 8 10
left_child=1 -1 3 -3 -2 -6
right_child=4 2 -4 -5 5 -7
leaf_value=3.5923762626598463e-05 0.0017446625487733574 -0.0058647465324087079 -0.0012490351164409683 -0.0020717811952218968 -0.002275074958643594 0.00080104659453438215
leaf_weight=29237 2566 204 659 207 644 2720
leaf_count=29237 2566 204 659 207 644 2720
internal_value=6.76363e-05 -7.15651e-05 -0.00319328 -0.00660427 0.000778958 4.81428e-05
internal_weight=36237 30307 1070 411 5930 3364
internal_count=36237 30307 1070 411 5930 3364
cat_boundaries=0 1
cat_threshold=159884598
is_linear=0
shrinkage=0.03


Tree=221
num_leaves=7
num_cat=0
split_feature=14 7 7 11 8 13
split_gain=3.14887 4.76129 4.11923 4.39141 10.4883 5.10242
threshold=-0.010547056409956807 0.19398197700247757 -0.091015798054312022 -0.11263798817214531 -0.15918042197657642 0.1043705213473667
decision_type=10 10 8 8 8 10
left_child=2 -2 -1 -4 -5 -6
right_child=1 -3 3 4 5 -7
leaf_value=0.00030288103062937118 0.00063159238083592393 -0.00031641570848400558 0.00051526030003685216 -0.0041302883653697373 -0.00033389524895993997 -0.0029371162283856988
leaf_weight=7972 12996 5377 2147 671 6701 327
leaf_count=7972 12996 5377 2147 671 6701 327
internal_value=0.000105355 0.000380919 -0.000178798 -0.000589215 -0.000923766 -0.000581306
internal_weight=36191 18373 17818 9846 7699 7028
internal_count=36191 18373 17818 9846 7699 7028
is_linear=0
shrinkage=0.03


Tree=222
num_leaves=7
num_cat=0
split_feature=14 14 4 4 14 14
split_gain=3.18458 6.5778 5.65221 6.32632 6.67765 10.6478
threshold=0.044146771497768841 0.041906297311964623 3.5000000000000004 7.5000000000000009 0.15536982916009345 0.076979570667073546
decision_type=10 10 2 2 10 10
left_child=1 -1 -2 4 5 -4
right_child=2 -3 3 -5 -6 -7
leaf_value=-5.4768622072122148e-05 0.0015039251989568355 -0.0040944985041262991 0.00071761440664858296 0.001521399158058359 0.00038682174351853935 -0.0020156470032247882
leaf_weight=22452 3279 117 1182 2872 4365 1774
leaf_count=22452 3279 117 1182 2872 4365 1774
internal_value=8.74814e-05 -0.000130394 0.000452461 0.000103885 -0.000364245 -0.001465
internal_weight=36041 22569 13472 10193 7321 2956
internal_count=36041 22569 13472 10193 7321 2956
is_linear=0
shrinkage=0.03


Tree=223
num_leaves=7
num_cat=1
split_feature=11 13 13 2 1 5
split_gain=3.2393 3.58108 4.78793 5.72321 6.4404 5.45552
threshold=-0.42641460105018053 0.027428149956945817 0.022192832273456729 7.5000000000000009 0 0.012836844231645996
decision_type=8 10 10 2 9 10
left_child=-1 2 -2 -4 5 -5
right_child=1 -3 3 4 -6 -7
leaf_value=0.0012362520631207597 -2.6691408041676777e-05 0.00048300862824048936 -0.0002159755681138867 -0.0028184853452636314 -0.0013848062687895121 -0.0063572836677651739
leaf_weight=1251 20419 12819 1083 111 401 115
leaf_count=1251 20419 12819 1083 111 401 115
internal_value=0.000108481 5.47656e-05 -0.000176367 -0.00170076 -0.0039793 -0.00789873
internal_weight=36199 34948 22129 1710 627 226
internal_count=36199 34948 22129 1710 627 226
cat_boundaries=0 1
cat_threshold=67617170
is_linear=0
shrinkage=0.03


Tree=224
num_leaves=7
num_cat=0
split_feature=14 14 4 4 14 14
split_gain=3.66789 4.97347 4.9386 5.74268 6.12646 10.4282
threshold=0.044146771497768841 0.041906297311964623 3.5000000000000004 7.5000000000000009 0.15536982916009345 0.075536168689225941
decision_type=10 10 2 2 10 10
left_child=1 -1 -2 4 5 -4
right_child=2 -3 3 -5 -6 -7
leaf_value=-6.6423866210541728e-05 0.0015434057210736193 -0.0041595738124005563 0.0007605365599644957 0.0014187066334854759 0.00039633374056222609 -0.001825508215738142
leaf_weight=22453 3330 120 1115 2854 4413 1840
leaf_count=22453 3330 120 1115 2854 4413 1840
internal_value=0.000101727 -0.000132497 0.000491847 0.000164922 -0.000277649 -0.00133457
internal_weight=36125 22573 13552 10222 7368 2955
internal_count=36125 22573 13552 10222 7368 2955
is_linear=0
shrinkage=0.03


Tree=225
num_leaves=7
num_cat=3
split_feature=11 3 1 1 9 1
split_gain=2.89097 2.86158 4.48088 3.46597 3.15389 6.22753
threshold=-0.42641460105018053 1.5000000000000002 0 1 0.26755845390292304 2
decision_type=8 2 9 9 8 9
left_child=-1 2 -2 -4 -3 -6
right_child=1 4 3 -5 5 -7
leaf_value=0.0012261184380145086 -0.0021761123668844091 -7.3445578597251585e-05 0.0013508683063515512 -0.00074532487393978687 0.00136413098241854 -7.8339403321929521e-05
leaf_weight=1239 223 19153 350 2366 5583 7261
leaf_count=1239 223 19153 350 2366 5583 7261
internal_value=9.82697e-05 4.77432e-05 -0.000847959 -0.00049945 0.000130039 0.000493733
internal_weight=36175 34936 2939 2716 31997 12844
internal_count=36175 34936 2939 2716 31997 12844
cat_boundaries=0 1 2 3
cat_threshold=67176464 11796482 439167638
is_linear=0
shrinkage=0.03


Tree=226
num_leaves=7
num_cat=1
split_feature=12 4 4 13 13 1
split_gain=3.35664 3.22331 3.83319 4.61811 5.01087 5.49918
threshold=-0.25473080626624428 2.5000000000000004 6.5000000000000009 0.075715587391772712 0.058367103392011815 0
decision_type=8 2 2 10 10 9
left_child=-1 -2 3 4 5 -3
right_child=1 2 -4 -5 -6 -7
leaf_value=0.001139731541325781 0.00059285869780213067 0.00039448077618080404 0.00016579226756251612 0.00046544941121452673 -0.0023252751229663271 -0.0010079893841463781
leaf_weight=2878 5311 2418 16911 3201 772 4662
leaf_count=2878 5311 2418 16911 3201 772 4662
internal_value=0.000119738 3.47098e-05 -9.39745e-05 -0.000528406 -0.000919903 -0.000669397
internal_weight=36153 33275 27964 11053 7852 7080
internal_count=36153 33275 27964 11053 7852 7080
cat_boundaries=0 1
cat_threshold=292630132
is_linear=0
shrinkage=0.03


Tree=227
num_leaves=7
num_cat=0
split_feature=4 14 7 4 14 13
split_gain=3.37711 5.83233 4.99992 3.50946 7.80607 6.77394
threshold=2.5000000000000004 -0.192337871593486 -0.46435692653716693 7.5000000000000009 0.022737478497215222 0.10136324727194838
decision_type=2 10 10 2 8 10
left_child=1 2 -1 -2 -5 -6
right_child=3 -3 -4 4 5 -7
leaf_value=-0.0062581469486483526 -0.00029647837618153869 0.0010185552224997781 -0.00023309020216108703 -0.00012566894603469451 0.0017046882032640217 -0.0027340349628592348
leaf_weight=127 15024 5216 469 10660 4544 169
leaf_count=127 15024 5216 469 10660 4544 169
internal_value=6.61973e-05 0.000728712 -0.0020804 -6.04973e-05 0.000258163 0.00127471
internal_weight=36209 5812 596 30397 15373 4713
internal_count=36209 5812 596 30397 15373 4713
is_linear=0
shrinkage=0.03


Tree=228
num_leaves=7
num_cat=2
split_feature=12 1 1 3 14 13
split_gain=3.40731 6.42415 3.84378 6.48227 3.65587 2.9316
threshold=-0.12706952755095544 0 1 10.500000000000002 0.33091922906668186 0.027428149956945817
decision_type=8 9 9 2 8 10
left_child=1 -1 3 4 -2 -4
right_child=2 -3 5 -5 -6 -7
leaf_value=-7.0331619088529981e-05 -0.00016209388327259017 0.0014161847618590392 -0.00018220743118311611 -0.0046748179410450643 -0.0042614539964626703 0.00046497607499673081
leaf_weight=4802 1537 3714 16111 371 113 9451
leaf_count=4802 1537 3714 16111 371 113 9451
internal_value=9.04987e-05 0.000615005 -7.14544e-05 -0.00132726 -0.000526953 2.83894e-05
internal_weight=36099 8516 27583 2021 1650 25562
internal_count=36099 8516 27583 2021 1650 25562
cat_boundaries=0 1 2
cat_threshold=209969186 135936
is_linear=0
shrinkage=0.03


Tree=229
num_leaves=7
num_cat=3
split_feature=6 14 1 11 1 1
split_gain=3.08946 5.40311 5.24034 4.67841 5.119 3.75018
threshold=0.0090304480057659137 -0.00026895975234974049 0 -0.22399416544200698 1 2
decision_type=8 10 9 8 9 9
left_child=5 3 -3 -2 -5 -1
right_child=1 2 -4 4 -6 -7
leaf_value=0.00053048334238467714 0.00086105826633772894 0.0010801229391526222 -0.0002709617992784137 0.00034598268024113214 -0.0013106073445380698 -9.589197771442649e-05
leaf_weight=9743 821 4967 7163 1778 4376 7313
leaf_count=9743 821 4967 7163 1778 4376 7313
internal_value=8.22135e-05 -0.000179786 0.000202786 -0.00084504 -0.00112884 0.000375682
internal_weight=36161 19105 12130 6975 6154 17056
internal_count=36161 19105 12130 6975 6154 17056
cat_boundaries=0 1 2 3
cat_threshold=410266398 25282176 376970600
is_linear=0
shrinkage=0.03


Tree=230
num_leaves=7
num_cat=3
split_feature=13 12 1 10 1 1
split_gain=3.47472 3.65904 5.36858 4.53152 4.9755 4.48089
threshold=0.027428149956945817 -0.06279665181390913 0 0.05409974900017734 1 2
decision_type=10 10 9 10 9 9
left_child=1 5 -3 4 -4 -1
right_child=-2 2 3 -5 -6 -7
leaf_value=-0.0002650877935178035 0.00049788236285066244 9.7025183740837432e-05 0.00015635928913238572 -0.0015499571003349561 -0.0011876513894808734 0.00079179586626055719
leaf_weight=4520 13010 7141 3317 1765 1632 4972
leaf_count=4520 13010 7141 3317 1765 1632 4972
internal_value=9.13418e-05 -0.000127591 -0.000438438 -0.00104654 -0.000582424 0.000326135
internal_weight=36357 23347 13855 6714 4949 9492
internal_count=36357 23347 13855 6714 4949 9492
cat_boundaries=0 1 2 3
cat_threshold=523298916 8978826 201777190
is_linear=0
shrinkage=0.03


Tree=231
num_leaves=7
num_cat=3
split_feature=3 1 3 1 1 10
split_gain=3.25253 6.25737 4.37688 7.35655 6.93367 6.07386
threshold=2.5000000000000004 0 5.5000000000000009 1 2 0.039220713153281135
decision_type=2 9 2 9 9 10
left_child=1 -1 3 -2 -4 -6
right_child=2 -3 4 -5 5 -7
leaf_value=0.00063266876479102366 -0.00042259975042945464 -0.0011141933174684086 0.00085989567204613679 0.0013698737958790935 8.0755616869827471e-05 -0.00091032163546871634
leaf_weight=1956 3022 3769 4293 5593 13033 4452
leaf_count=1956 3022 3769 4293 5593 13033 4452
internal_value=0.000113625 -0.000542263 0.000237185 0.00080954 1.07444e-05 -0.00025463
internal_weight=36118 5725 30393 8615 21778 17485
internal_count=36118 5725 30393 8615 21778 17485
cat_boundaries=0 1 2 3
cat_threshold=431243584 355443730 354429972
is_linear=0
shrinkage=0.03


Tree=232
num_leaves=7
num_cat=2
split_feature=12 1 5 1 6 11
split_gain=3.02414 7.02847 6.00115 5.53498 4.20129 3.60338
threshold=0.031826043274249656 0 -0.2382666424879529 1 0.060934386375797185 -0.12574695785839338
decision_type=8 9 8 9 8 10
left_child=3 4 -3 -1 -2 -5
right_child=1 2 -4 5 -6 -7
leaf_value=0.00088581137641797027 0.00060001102739161167 -0.005237320724278868 -0.00065685635082354506 0.00038799593718125418 -0.00023729040219150037 -0.00044381161680453058
leaf_weight=9288 4930 109 6260 4471 4518 6578
leaf_count=9288 4930 109 6260 4471 4518 6578
internal_value=9.24355e-05 -0.000218675 -0.000987931 0.000334399 0.000300666 -0.00011962
internal_weight=36154 15817 6369 20337 9448 11049
internal_count=36154 15817 6369 20337 9448 11049
cat_boundaries=0 1 2
cat_threshold=372549966 459820696
is_linear=0
shrinkage=0.03


Tree=233
num_leaves=7
num_cat=2
split_feature=12 1 10 3 11 1
split_gain=2.74418 6.9339 4.83704 5.03392 7.4644 3.48761
threshold=-0.12706952755095544 0 0.13337511820537265 3.5000000000000004 -0.25496040491628186 1
decision_type=8 9 8 2 10 9
left_child=1 2 -1 4 -4 -6
right_child=-2 -3 3 -5 5 -7
leaf_value=0.00083104821997130075 -1.5564978157760934e-05 0.0012704396516561775 0.00022072148335877564 -0.00026025813496938368 -0.0044204832805700232 -0.0025972223274663038
leaf_weight=1769 27783 4238 277 1833 130 209
leaf_count=1769 27783 4238 277 1833 130 209
internal_value=0.000124917 0.000598085 -0.000263892 -0.00112775 -0.00347164 -0.00645
internal_weight=36239 8456 4218 2449 616 339
internal_count=36239 8456 4218 2449 616 339
cat_boundaries=0 1 2
cat_threshold=202629154 106496
is_linear=0
shrinkage=0.03


Tree=234
num_leaves=7
num_cat=2
split_feature=4 4 13 0 1 12
split_gain=3.36987 3.19572 3.54438 7.08106 10.8483 5.23324
threshold=2.5000000000000004 7.5000000000000009 -0.0030242362176403754 0 1 -0.28248040875282893
decision_type=2 2 8 1 9 10
left_child=-1 -2 3 -3 5 -5
right_child=1 2 -4 4 -6 -7
leaf_value=0.00063131901526707512 -0.00029563770410133991 0.00070858800900352819 0.00064196945246471808 0.0027878840135556154 -2.2602472898479959e-05 -0.0019059408847797905
leaf_weight=5760 15018 3514 8360 119 2417 969
leaf_count=5760 15018 3514 8360 119 2417 969
internal_value=7.94016e-05 -4.66806e-05 0.000257282 -0.000239743 -0.00119367 -0.00366333
internal_weight=36157 30397 15379 7019 3505 1088
internal_count=36157 30397 15379 7019 3505 1088
cat_boundaries=0 1 2
cat_threshold=2 219329684
is_linear=0
shrinkage=0.03


Tree=235
num_leaves=7
num_cat=2
split_feature=12 1 1 10 3 10
split_gain=2.91067 5.95014 4.1029 4.0185 3.52281 4.84516
threshold=-0.12706952755095544 0 1 -0.025317807984289949 3.5000000000000004 0.34367971265471514
decision_type=8 9 9 8 2 8
left_child=1 3 -2 -1 5 -5
right_child=2 -3 -4 4 -6 -7
leaf_value=0.0012448645911579792 -0.00064547085538926949 0.001173960553023616 6.9060578445197197e-05 0.0010494933823617244 -0.00022047165145240412 -0.0027281318044475073
leaf_weight=1009 4097 4390 23506 237 2298 478
leaf_count=1009 4097 4390 23506 237 2298 478
internal_value=7.20514e-05 0.000560561 -7.68366e-05 -0.000273742 -0.000823158 -0.00266061
internal_weight=36015 8412 27603 4022 3013 715
internal_count=36015 8412 27603 4022 3013 715
cat_boundaries=0 1 2
cat_threshold=134471714 12784400
is_linear=0
shrinkage=0.03


Tree=236
num_leaves=7
num_cat=1
split_feature=14 7 12 1 4 14
split_gain=3.28995 5.11586 4.70576 4.19749 4.06738 3.7819
threshold=-0.010547056409956807 1.0000000180025095e-35 0.24353745067195745 0 8.5000000000000018 -0.017943504934738178
decision_type=10 10 10 9 2 10
left_child=5 2 -2 -3 -4 -1
right_child=1 3 4 -5 -6 -7
leaf_value=-9.912723466632923e-05 0.0011008065698729626 0.00070039263381400897 -0.0029215556106917378 -0.00037528259337196772 0.0019666849057346529 -0.0037635589342269937
leaf_weight=17413 6165 4596 186 7276 119 378
leaf_count=17413 6165 4596 186 7276 119 378
internal_value=7.33106e-05 0.000355231 0.00103384 -1.4655e-05 -0.00259804 -0.000217345
internal_weight=36133 18342 6470 11872 305 17791
internal_count=36133 18342 6470 11872 305 17791
cat_boundaries=0 1
cat_threshold=159123736
is_linear=0
shrinkage=0.03


Tree=237
num_leaves=7
num_cat=2
split_feature=11 14 7 11 1 1
split_gain=2.65134 3.09456 5.71496 4.19373 5.06394 4.04667
threshold=-0.4662331769681422 -0.010547056409956807 0.16097106850991996 0.079361573444843195 0 1
decision_type=8 10 10 8 9 9
left_child=-1 -2 5 -4 -5 -3
right_child=1 2 3 4 -6 -7
leaf_value=0.0016879668533346021 -0.00019103764220142588 0.0010798931797172957 0.0013654737982304503 -0.0013446387458661542 0.00019280089329234908 4.0769467311557359e-05
leaf_weight=835 17106 6572 1257 2760 2403 5167
leaf_count=835 17106 6572 1257 2760 2403 5167
internal_value=7.06353e-05 3.10498e-05 0.0003038 -0.000415823 -0.000794152 0.00069736
internal_weight=36100 35265 18159 6420 5163 11739
internal_count=36100 35265 18159 6420 5163 11739
cat_boundaries=0 1 2
cat_threshold=373993768 505968924
is_linear=0
shrinkage=0.03


Tree=238
num_leaves=7
num_cat=2
split_feature=12 1 4 4 1 3
split_gain=2.60233 2.59022 2.57464 3.93074 3.94444 4.54975
threshold=-0.26924935128296607 0 2.5000000000000004 7.5000000000000009 1 10.500000000000002
decision_type=8 9 2 2 9 2
left_child=1 -1 -2 4 5 -4
right_child=2 -3 3 -5 -6 -7
leaf_value=-0.0001581627634320082 0.00053737956903411707 0.0019347004135405372 -0.00083514188075180381 0.00024582449654030677 -0.00013775687546013334 -0.0021373685524211424
leaf_weight=1035 5357 1427 2218 14127 11284 475
leaf_count=1035 5357 1427 2218 14127 11284 475
internal_value=0.000108813 0.00104994 3.95375e-05 -7.53601e-05 -0.000432036 -0.00146117
internal_weight=35923 2462 33461 28104 13977 2693
internal_count=35923 2462 33461 28104 13977 2693
cat_boundaries=0 1 2
cat_threshold=143736864 134451584
is_linear=0
shrinkage=0.03


Tree=239
num_leaves=7
num_cat=2
split_feature=13 13 2 1 6 1
split_gain=2.43539 5.8604 7.02861 6.74075 4.34822 4.37217
threshold=0.027428149956945817 0.022192832273456729 7.5000000000000009 0 0.31015492830383945 1
decision_type=10 10 2 9 10 9
left_child=1 -1 -3 -4 -2 -6
right_child=4 2 3 -5 5 -7
leaf_value=3.0010748233790653e-05 0.00059248288618871038 -0.00025151892403084034 -0.0048184550277022859 -0.00069065658874377617 -0.0026544878001927537 0.0017756764220919232
leaf_weight=21619 11507 1092 319 291 902 495
leaf_count=21619 11507 1092 319 291 902 495
internal_value=8.40558e-05 -9.89194e-05 -0.00179331 -0.00436989 0.000414723 -0.00116524
internal_weight=36225 23321 1702 610 12904 1397
internal_count=36225 23321 1702 610 12904 1397
cat_boundaries=0 1 2
cat_threshold=84918706 168384992
is_linear=0
shrinkage=0.03


Tree=240
num_leaves=7
num_cat=3
split_feature=11 14 1 9 1 1
split_gain=3.0426 4.9379 10.061 4.34168 5.28096 4.74449
threshold=-0.14312379761655866 -0.13849821623747985 0 0.095310179804325226 1 2
decision_type=8 8 9 8 9 9
left_child=1 2 -1 4 -2 -5
right_child=3 -3 -4 5 -6 -7
leaf_value=-0.0013407647613354722 0.0011913306479117069 0.0010233552470064404 0.00020346471456695334 -0.00080124243620525602 -0.00050110174595646316 0.00039487337203658802
leaf_weight=435 766 5046 1728 1740 11241 15145
leaf_count=435 766 5046 1728 1740 11241 15145
internal_value=5.57588e-05 0.000607074 -0.000591959 -8.1819e-05 -0.000517905 0.000228296
internal_weight=36101 7209 2163 28892 12007 16885
internal_count=36101 7209 2163 28892 12007 16885
cat_boundaries=0 1 2 3
cat_threshold=17989780 353370112 88281088
is_linear=0
shrinkage=0.03


Tree=241
num_leaves=7
num_cat=2
split_feature=11 10 1 3 14 1
split_gain=3.29992 4.35142 8.97108 7.84552 4.24576 8.47894
threshold=-0.12574695785839338 0.056590859681420642 0 9.5000000000000018 -0.13849821623747985 1
decision_type=8 10 9 2 8 9
left_child=4 -2 3 -3 5 -1
right_child=1 2 -4 -5 -6 -7
leaf_value=-0.0011909911414507905 0.00014360121315791616 -0.00073533271757863941 0.00033019432916128299 -0.0030590808622007128 0.00097936712874389128 0.00037232065671393154
leaf_weight=691 22308 2223 3073 520 5602 1719
leaf_count=691 22308 2223 3073 520 5602 1719
internal_value=9.26475e-05 -6.03732e-05 -0.000791129 -0.00203377 0.000629727 -0.000423061
internal_weight=36136 28124 5816 2743 8012 2410
internal_count=36136 28124 5816 2743 8012 2410
cat_boundaries=0 1 2
cat_threshold=135070186 85115028
is_linear=0
shrinkage=0.03


Tree=242
num_leaves=7
num_cat=2
split_feature=12 1 1 8 10 6
split_gain=2.89904 5.08618 4.04353 5.42955 3.56986 2.89746
threshold=-0.12706952755095544 0 1 0.1482338762445177 0.48214408093366995 1.0000000180025095e-35
decision_type=8 9 9 10 10 8
left_child=1 4 3 -2 -1 -4
right_child=2 -3 5 -5 -6 -7
leaf_value=9.7231888077704628e-05 -0.0014837526826487098 0.0012325693778033465 0.00031380093607569735 0.00066490229146906686 -0.0025074510374806457 -0.00017127616118488103
leaf_weight=4814 2074 3511 10384 980 246 14254
leaf_count=4814 2074 3511 10384 980 246 14254
internal_value=7.47023e-05 0.000556813 -7.45314e-05 -0.00110212 -5.32438e-05 5.33086e-05
internal_weight=36263 8571 27692 3054 5060 24638
internal_count=36263 8571 27692 3054 5060 24638
cat_boundaries=0 1 2
cat_threshold=143122530 4330256
is_linear=0
shrinkage=0.03


Tree=243
num_leaves=7
num_cat=1
split_feature=6 14 13 11 1 8
split_gain=2.38342 3.66995 5.73216 3.39625 5.38347 5.22084
threshold=0.0090304480057659137 -0.18583750853859338 -0.051260918856846811 0.15545873727501783 0 0.04285303209095926
decision_type=10 8 10 8 9 8
left_child=-1 2 -2 -3 -5 -6
right_child=1 3 -4 4 5 -7
leaf_value=0.00024510585552171355 0.00056689676416209602 0.00029704352417493109 -0.0028400054521402194 -0.0013507223304270544 -0.0050805267138721317 0.00046524542418098388
leaf_weight=20157 285 7860 288 3866 203 3295
leaf_count=20157 285 7860 288 3866 203 3295
internal_value=8.54402e-05 -0.000190467 -0.0025453 -0.000101675 -0.000564562 0.000288971
internal_weight=35954 15797 573 15224 7364 3498
internal_count=35954 15797 573 15224 7364 3498
cat_boundaries=0 1
cat_threshold=127054696
is_linear=0
shrinkage=0.03


Tree=244
num_leaves=7
num_cat=3
split_feature=3 1 9 3 1 1
split_gain=3.4473 5.85353 4.7776 4.55697 6.47295 6.44723
threshold=2.5000000000000004 0 -0.55934086691791796 5.5000000000000009 1 2
decision_type=2 9 10 2 9 9
left_child=1 2 -1 5 -5 -2
right_child=3 -3 -4 4 -6 -7
leaf_value=-0.00048223212457131157 -0.0003372054864942464 -0.0003656842876875189 -0.0050566711929251893 0.0004256310014378964 -0.00037890965669518816 0.0012330318711610416
leaf_weight=101 3049 5569 126 9012 12802 5566
leaf_count=101 3049 5569 126 9012 12802 5566
internal_value=7.329e-05 -0.000597205 -0.00520588 0.000201019 -2.97042e-05 0.000785167
internal_weight=36225 5796 227 30429 21814 8615
internal_count=36225 5796 227 30429 21814 8615
cat_boundaries=0 1 2 3
cat_threshold=2064 292142108 355446806
is_linear=0
shrinkage=0.03


Tree=245
num_leaves=7
num_cat=0
split_feature=6 8 11 7 13 13
split_gain=2.89419 2.96066 4.08172 3.77223 3.06454 3.77737
threshold=0.0090304480057659137 -0.04665654311607436 -0.071940544983147156 0.33259479571299361 -1.0000000180025095e-35 -0.018976251716189014
decision_type=10 8 10 8 8 10
left_child=1 2 4 -4 5 -1
right_child=-2 -3 3 -5 -6 -7
leaf_value=6.5830084370098186e-05 -0.00017998378159469496 0.00055801298706612923 -0.00079493357325156866 -0.0045715969412190131 0.00093489650012818176 -0.00089079175215698041
leaf_weight=2859 16004 12282 1867 186 2489 660
leaf_count=2859 16004 12282 1867 186 2489 660
internal_value=6.8257e-05 0.000305692 -0.000141032 -0.00129552 0.00025362 -0.000316193
internal_weight=36347 20343 8061 2053 6008 3519
internal_count=36347 20343 8061 2053 6008 3519
is_linear=0
shrinkage=0.03


Tree=246
num_leaves=7
num_cat=2
split_feature=12 1 9 11 8 1
split_gain=2.81361 3.95544 3.85784 3.5905 4.236 3.75469
threshold=0.13605256361529608 0 0.29685884641525156 -0.1763191841191509 -0.20436505866745988 1
decision_type=8 9 10 8 8 9
left_child=-1 -2 3 -3 5 -5
right_child=1 2 -4 4 -6 -7
leaf_value=0.000195823208461261 0.0009097736474808348 0.001108655634474195 0.00082069082475064376 -0.0037502271202848347 -0.0010144279913757855 -0.00017847629857614938
leaf_weight=27741 1455 704 688 232 5135 208
leaf_count=27741 1455 704 688 232 5135 208
internal_value=7.49089e-05 -0.000405319 -0.000702064 -0.000936783 -0.00119171 -0.00401361
internal_weight=36163 8422 6967 6279 5575 440
internal_count=36163 8422 6967 6279 5575 440
cat_boundaries=0 1 2
cat_threshold=144715844 268976152
is_linear=0
shrinkage=0.03


Tree=247
num_leaves=7
num_cat=3
split_feature=3 1 3 1 1 11
split_gain=2.50474 4.15529 3.12503 7.66321 3.99908 3.83114
threshold=1.5000000000000002 0 7.5000000000000009 1 2 0.48000410980997993
decision_type=2 9 2 9 9 8
left_child=1 -1 4 -4 5 -2
right_child=2 -3 3 -5 -6 -7
leaf_value=0.0010598385875394427 -0.0012612248620169656 -0.0011279119985592491 0.0010385853543762979 -0.00032084705064635086 0.00048597558919382229 0.0044526494797945664
leaf_weight=526 1654 2520 2498 13234 15512 231
leaf_count=526 1654 2520 2498 13234 15512 231
internal_value=7.09035e-05 -0.000752215 0.000146604 -0.000159791 0.000423669 -0.000878164
internal_weight=36175 3046 33129 15732 17397 1885
internal_count=36175 3046 33129 15732 17397 1885
cat_boundaries=0 1 2 3
cat_threshold=162922498 270608404 136388624
is_linear=0
shrinkage=0.03


Tree=248
num_leaves=7
num_cat=2
split_feature=14 14 12 1 1 5
split_gain=2.89674 6.16749 3.02952 5.40023 3.68296 4.93488
threshold=-0.32894240251914902 -0.32711361922184429 -0.06279665181390913 0 1 0.18263269557188536
decision_type=8 8 8 9 9 10
left_child=-1 -2 3 -3 5 -4
right_child=1 2 4 -5 -6 -7
leaf_value=0.0043683639367043513 -0.0016038320261085668 0.0018159929580494657 0.00030683463183157927 0.00012611426189009542 -0.00039717468510384668 -0.0018806347981468819
leaf_weight=454 263 2661 12071 9845 9866 1054
leaf_count=454 263 2661 12071 9845 9866 1054
internal_value=8.7312e-05 5.70455e-05 9.10193e-05 0.000466779 -0.000113387 0.000215819
internal_weight=36214 35760 35497 12506 22991 13125
internal_count=36214 35760 35497 12506 22991 13125
cat_boundaries=0 1 2
cat_threshold=20713112 523280494
is_linear=0
shrinkage=0.03


Tree=249
num_leaves=7
num_cat=1
split_feature=14 4 7 4 11 1
split_gain=2.65506 4.12189 4.54076 4.15251 4.56519 4.05459
threshold=-0.010547056409956807 1.5000000000000002 0.71511603207565566 7.5000000000000009 0.21129379889817471 0
decision_type=10 2 8 2 8 9
left_child=-1 -2 3 5 -5 -3
right_child=1 2 -4 4 -6 -7
leaf_value=-9.381923265474534e-05 0.0024017260736256684 -0.00067330543802152359 0.0021466051664566581 0.0013011926937410579 -0.00046897888724117571 0.0003102607566465484
leaf_weight=17879 975 5375 1800 3478 1502 5304
leaf_count=17879 975 5375 1800 3478 1502 5304
internal_value=0.000109297 0.00036192 0.000255842 9.17626e-05 0.000807067 -0.000241854
internal_weight=36313 18434 17459 15659 4980 10679
internal_count=36313 18434 17459 15659 4980 10679
cat_boundaries=0 1
cat_threshold=147059170
is_linear=0
shrinkage=0.03


Tree=250
num_leaves=7
num_cat=0
split_feature=14 14 7 6 5 4
split_gain=2.80979 5.48387 4.71424 4.73879 6.02502 3.82988
threshold=0.044146771497768841 0.041906297311964623 0.71511603207565566 0.49212223357740653 0.20023100972715072 2.5000000000000004
decision_type=10 10 8 10 10 2
left_child=1 -1 3 5 -5 -2
right_child=2 -3 -4 4 -6 -7
leaf_value=-4.6272386981830634e-05 0.0014660443363241696 -0.0041144861445140089 0.0023071593081772424 0.0023691871157269133 -0.00854617998649909 6.3572813467991664e-05
leaf_weight=22482 1772 129 1692 102 134 9829
leaf_count=22482 1772 129 1692 102 134 9829
internal_value=9.46295e-05 -0.000109986 0.000436585 0.000224785 -0.00397468 0.00031055
internal_weight=36140 22611 13529 11837 236 11601
internal_count=36140 22611 13529 11837 236 11601
is_linear=0
shrinkage=0.03


Tree=251
num_leaves=7
num_cat=2
split_feature=3 1 10 0 3 3
split_gain=2.58047 7.15548 6.23835 3.99275 5.19323 3.66785
threshold=2.5000000000000004 0 0.57026106332310056 1 1.5000000000000002 5.5000000000000009
decision_type=2 9 8 1 2 2
left_child=1 2 -1 -4 -5 -2
right_child=5 -3 3 4 -6 -7
leaf_value=0.00055085899622710568 0.00069954069986944009 -2.4891588917621169e-06 -0.0013483824054972334 -0.0015556592752317359 -0.006121164655725141 8.634468784192697e-06
leaf_weight=339 8568 4844 299 133 159 21587
leaf_count=339 8568 4844 299 133 159 21587
internal_value=0.000105121 -0.000475844 -0.00286929 -0.00475845 -0.00724915 0.000216375
internal_weight=35929 5774 930 591 292 30155
internal_count=35929 5774 930 591 292 30155
cat_boundaries=0 1 2
cat_threshold=104596 2
is_linear=0
shrinkage=0.03


Tree=252
num_leaves=7
num_cat=0
split_feature=14 14 11 2 2 10
split_gain=2.53526 4.85238 2.26505 5.88408 4.65382 9.25672
threshold=-0.32894240251914902 -0.32711361922184429 -0.14312379761655866 4.5000000000000009 8.5000000000000018 0.016160130256754449
decision_type=8 8 8 2 2 10
left_child=-1 -2 3 -3 -4 -6
right_child=1 2 4 -5 5 -7
leaf_value=0.0033323365992949006 -0.0013435225888786078 -0.00034626488020246272 0.00020355750335581066 0.0011101508818897297 -5.4223291948121588e-05 -0.0018752100473772273
leaf_weight=475 259 2414 19457 4461 6627 2246
leaf_count=475 259 2414 19457 4461 6627 2246
internal_value=6.2521e-05 3.33287e-05 6.34836e-05 0.00055192 -5.50632e-05 -0.000624408
internal_weight=35939 35464 35205 6875 28330 8873
internal_count=35939 35464 35205 6875 28330 8873
is_linear=0
shrinkage=0.03


Tree=253
num_leaves=7
num_cat=1
split_feature=13 13 8 1 2 13
split_gain=2.60116 11.7399 7.00377 7.02926 6.91022 5.02277
threshold=0.069041740241567326 0.058367103392011815 0.0259743899132352 0 5.5000000000000009 0.10136324727194838
decision_type=10 10 8 9 2 8
left_child=1 -1 4 -4 -3 -2
right_child=5 2 3 -5 -6 -7
leaf_value=7.7944101038387331e-05 0.001584422881813517 -0.000534233597919746 -0.005287590598430785 -7.9190931814846982e-05 -0.0072158784212233099 -0.00015748670477082474
leaf_weight=29311 2975 141 123 576 152 2911
leaf_count=29311 2975 141 123 576 152 2911
internal_value=9.35895e-05 -1.85123e-05 -0.00322659 -0.00159 -0.00711224 0.00067063
internal_weight=36189 30303 992 699 293 5886
internal_count=36189 30303 992 699 293 5886
cat_boundaries=0 1
cat_threshold=8618244
is_linear=0
shrinkage=0.03


Tree=254
num_leaves=7
num_cat=0
split_feature=14 14 2 14 7 4
split_gain=2.47984 4.55461 2.36067 2.20569 4.26855 4.51282
threshold=-0.32894240251914902 -0.32711361922184429 5.5000000000000009 -0.010547056409956807 0.71511603207565566 1.5000000000000002
decision_type=8 8 2 10 8 2
left_child=-1 2 -2 -3 5 -5
right_child=1 3 -4 4 -6 -7
leaf_value=0.0033795075434933028 -0.00031537724992661325 -0.00010618283763328348 -0.0023116702581661066 0.0020395797365465721 0.0022395465492359634 2.2524285143540093e-05
leaf_weight=471 113 17119 141 923 1804 15499
leaf_count=471 113 17119 141 923 1804 15499
internal_value=7.0694e-05 4.20507e-05 -0.00395294 7.08709e-05 0.000300543 0.000148329
internal_weight=36070 35599 254 35345 18226 16422
internal_count=36070 35599 254 35345 18226 16422
is_linear=0
shrinkage=0.03


Tree=255
num_leaves=7
num_cat=0
split_feature=12 14 7 4 5 5
split_gain=2.23079 2.31907 4.11514 4.1808 4.43614 3.24158
threshold=-0.47023045332255936 -0.010547056409956807 0.71511603207565566 1.5000000000000002 0.30223704105984434 0.064538521137571983
decision_type=8 10 8 2 8 10
left_child=-1 5 3 -3 -5 -2
right_child=1 2 -4 4 -6 -7
leaf_value=0.003844967066366823 9.8284717192510983e-06 0.0023592351665977797 0.0019323608754109906 0.0001733308750591683 -0.0013775354206319117 -0.0008761955625456706
leaf_weight=295 14346 907 1789 14265 1197 3279
leaf_count=295 14346 907 1789 14265 1197 3279
internal_value=9.21313e-05 7.06742e-05 0.000308607 0.000159255 4.30707e-05 -0.000174458
internal_weight=36078 35783 18158 16369 15462 17625
internal_count=36078 35783 18158 16369 15462 17625
is_linear=0
shrinkage=0.03


Tree=256
num_leaves=7
num_cat=0
split_feature=11 14 5 7 7 11
split_gain=2.59491 2.68633 3.86555 3.62068 3.32838 7.59894
threshold=-0.52389194261985883 -0.010547056409956807 0.09965563791021427 0.71511603207565566 0.51171530371602902 0.64475191624048434
decision_type=8 10 10 8 10 8
left_child=-1 2 -2 4 -3 -6
right_child=1 3 -4 -5 5 -7
leaf_value=0.0025014098105492107 -1.9855787263795941e-05 0.000221952579076987 -0.0012332900985111447 0.0019810944637081987 -7.6603862871513375e-05 -0.0084443649556099586
leaf_weight=572 15202 15767 2138 1788 430 107
leaf_count=572 15202 15767 2138 1788 430 107
internal_value=0.000101986 6.95962e-05 -0.00019722 0.000325319 0.000184729 -0.00213569
internal_weight=36004 35432 17340 18092 16304 537
internal_count=36004 35432 17340 18092 16304 537
is_linear=0
shrinkage=0.03


Tree=257
num_leaves=7
num_cat=1
split_feature=13 13 13 14 2 1
split_gain=2.66055 3.84756 6.0398 6.25151 8.04586 6.35429
threshold=0.027428149956945817 0.022192832273456729 0.023360663584678299 0.035512415239948351 7.5000000000000009 0
decision_type=10 10 10 10 2 9
left_child=1 -1 -3 -4 -5 -6
right_child=-2 2 3 4 5 -7
leaf_value=4.9800505196321192e-06 0.00041027306323950321 -0.0049014749559360225 0.0017028856071223647 -0.00020963377831222115 5.7171530701829276e-05 -0.0050361367484053985
leaf_weight=21602 12805 149 479 715 109 245
leaf_count=21602 12805 149 479 715 109 245
internal_value=9.42253e-05 -9.66952e-05 -0.00147173 -0.000914138 -0.00218972 -0.00588169
internal_weight=36104 23299 1697 1548 1069 354
internal_count=36104 23299 1697 1548 1069 354
cat_boundaries=0 1
cat_threshold=41952780
is_linear=0
shrinkage=0.03


Tree=258
num_leaves=7
num_cat=0
split_feature=11 14 7 4 4 11
split_gain=2.29433 2.70198 3.8205 3.95762 3.29787 5.2647
threshold=-0.52389194261985883 -0.010547056409956807 0.71511603207565566 1.5000000000000002 7.5000000000000009 0.21129379889817471
decision_type=8 10 8 2 2 8
left_child=-1 -2 3 -3 -5 -6
right_child=1 2 -4 4 5 -7
leaf_value=0.0022439487829065642 -8.382146349751013e-05 0.0020607237181451128 0.0020323755714419908 -0.000110438198147563 0.0013274126965799997 -0.00064205607347889604
leaf_weight=534 17352 915 1802 10575 3449 1485
leaf_count=534 17352 915 1802 10575 3449 1485
internal_value=0.000147205 0.000117879 0.000372963 0.000229041 0.000115861 0.000756231
internal_weight=36112 35578 18226 16424 15509 4934
internal_count=36112 35578 18226 16424 15509 4934
is_linear=0
shrinkage=0.03


Tree=259
num_leaves=7
num_cat=3
split_feature=3 1 3 1 1 14
split_gain=2.67268 6.81998 3.96501 7.7614 6.48945 8.10189
threshold=2.5000000000000004 0 6.5000000000000009 1 2 -0.13778715735331173
decision_type=2 9 2 9 9 8
left_child=1 -1 4 -4 5 -2
right_child=2 -3 3 -5 -6 -7
leaf_value=-0.0019591720592483327 -0.0020137946892555582 7.2848849446197699e-05 0.00047213129586806847 -0.00047933324354281333 0.0011520290605462485 0.000272795271507879
leaf_weight=1562 744 4173 6973 11687 7002 3846
leaf_count=1562 744 4173 6973 11687 7002 3846
internal_value=6.81061e-05 -0.000525627 0.000180676 -9.00272e-05 0.000616407 -0.000260813
internal_weight=35987 5735 30252 18660 11592 4590
internal_count=35987 5735 30252 18660 11592 4590
cat_boundaries=0 1 2 3
cat_threshold=759958 490286228 423600404
is_linear=0
shrinkage=0.03


Tree=260
num_leaves=7
num_cat=2
split_feature=14 14 3 1 3 1
split_gain=2.50114 3.46035 2.57312 4.17944 2.98337 7.61588
threshold=-0.32894240251914902 -0.32711361922184429 1.5000000000000002 0 6.5000000000000009 1
decision_type=8 8 2 9 2 9
left_child=-1 -2 3 -3 -4 -6
right_child=1 2 4 -5 5 -7
leaf_value=0.0038888747656347349 -0.001368386618741501 0.0010063973815395907 0.00038893343836974919 -0.0010110506725744606 0.00053073953160338156 -0.00040200732796646981
leaf_weight=472 256 479 14024 2531 5151 13265
leaf_count=472 256 479 14024 2531 5151 13265
internal_value=6.53419e-05 3.66316e-05 6.17755e-05 -0.00077715 0.000139638 -0.000111419
internal_weight=36178 35706 35450 3010 32440 18416
internal_count=36178 35706 35450 3010 32440 18416
cat_boundaries=0 1 2
cat_threshold=146018306 493956116
is_linear=0
shrinkage=0.03


Tree=261
num_leaves=7
num_cat=0
split_feature=6 11 14 5 7 4
split_gain=2.7297 8.48771 2.57197 4.37975 3.63064 3.97651
threshold=0.51361781291294106 0.48000410980997993 -0.010547056409956807 0.058554704073454651 0.71511603207565566 1.5000000000000002
decision_type=10 8 10 10 8 2
left_child=2 -2 3 -1 5 -4
right_child=1 -3 4 -5 -6 -7
leaf_value=9.7880192444021525e-05 0.0018368903854304138 -0.0106070529725097 0.0018574688429506864 -0.00092715824471561136 0.0017799934673766676 0.00010378564087885135
leaf_weight=14346 183 100 941 3454 1754 15232
leaf_count=14346 183 100 941 3454 1754 15232
internal_value=0.000109133 -0.00282042 0.000132417 -0.000123027 0.000386044 0.000245394
internal_weight=36010 283 35727 17800 17927 16173
internal_count=36010 283 35727 17800 17927 16173
is_linear=0
shrinkage=0.03


Tree=262
num_leaves=7
num_cat=1
split_feature=11 13 14 13 1 14
split_gain=2.5655 2.76347 3.12547 4.66586 3.42591 4.09576
threshold=-0.52389194261985883 0.027949920476027817 0.1274798667383473 0.021104432046172687 0 0.2284779560071992
decision_type=8 10 10 8 9 10
left_child=-1 2 -2 -4 5 -5
right_child=1 -3 3 4 -6 -7
leaf_value=0.0021178971610051607 -3.5352598472095438e-05 0.00036457880135473155 -0.0001101394203121904 -0.0046157121922453586 -0.0012436039144970807 -0.0006587839787001934
leaf_weight=556 21156 12355 1346 223 388 144
leaf_count=556 21156 12355 1346 223 388 144
internal_value=5.87244e-05 2.7125e-05 -0.000165491 -0.00126879 -0.00315476 -0.00518254
internal_weight=36168 35612 23257 2101 755 367
internal_count=36168 35612 23257 2101 755 367
cat_boundaries=0 1
cat_threshold=84329904
is_linear=0
shrinkage=0.03


Tree=263
num_leaves=7
num_cat=2
split_feature=14 4 7 5 1 1
split_gain=2.44887 3.73117 3.50082 5.38602 3.67585 3.41847
threshold=-0.010547056409956807 1.5000000000000002 0.71511603207565566 0.30223704105984434 0 1
decision_type=10 2 8 8 9 9
left_child=-1 -2 3 4 -3 -5
right_child=1 2 -4 5 -6 -7
leaf_value=-0.00011436866239556467 0.0023369604824713449 0.00064064261559745536 0.0016375102216621684 -0.00017091632524245462 -0.00011615839291749552 -0.0026604950711670524
leaf_weight=17875 954 5899 1767 602 8524 621
leaf_count=17875 954 5899 1767 602 8524 621
internal_value=7.96293e-05 0.000322899 0.000222752 7.97598e-05 0.000241889 -0.00183088
internal_weight=36242 18367 17413 15646 14423 1223
internal_count=36242 18367 17413 15646 14423 1223
cat_boundaries=0 1 2
cat_threshold=120854812 415886928
is_linear=0
shrinkage=0.03


Tree=264
num_leaves=7
num_cat=2
split_feature=14 4 4 14 0 1
split_gain=2.65158 4.30941 3.73869 6.03965 9.15599 12.9807
threshold=0.044146771497768841 3.5000000000000004 7.5000000000000009 0.15536982916009345 0 1
decision_type=10 2 2 10 1 9
left_child=-1 -2 3 4 -3 -6
right_child=1 2 -4 -5 5 -7
leaf_value=-5.8595260646616883e-05 0.0013591689671217354 -4.2109152151739151e-05 0.0010162074748105907 0.00039690021915299019 -0.0043888643990060575 -0.0013853967367686091
leaf_weight=22571 3312 1914 2867 4409 330 703
leaf_count=22571 3312 1914 2867 4409 330 703
internal_value=9.68788e-05 0.000428856 0.00012412 -0.000234063 -0.00128528 -0.00355996
internal_weight=36106 13535 10223 7356 2947 1033
internal_count=36106 13535 10223 7356 2947 1033
cat_boundaries=0 1 2
cat_threshold=2 84313492
is_linear=0
shrinkage=0.03


Tree=265
num_leaves=7
num_cat=1
split_feature=12 14 14 4 1 8
split_gain=2.19095 2.38953 4.18963 4.01633 3.87518 3.42538
threshold=-0.47023045332255936 0.044146771497768841 0.041906297311964623 3.5000000000000004 0 -0.093856636535262425
decision_type=8 10 10 2 9 8
left_child=-1 2 -2 -3 5 -5
right_child=1 3 -4 4 -6 -7
leaf_value=0.0035632379476210289 -6.7835387071492361e-05 0.0011459295332891133 -0.0037247659108230534 0.0010651215244368876 0.00034661265347793853 -0.00084538923864004229
leaf_weight=305 22451 3341 125 623 6278 3269
leaf_count=305 22451 3341 125 623 6278 3269
internal_value=7.02334e-05 4.87975e-05 -0.000140054 0.000364343 6.784e-05 -0.000674865
internal_weight=36392 36087 22576 13511 10170 3892
internal_count=36392 36087 22576 13511 10170 3892
cat_boundaries=0 1
cat_threshold=97227936
is_linear=0
shrinkage=0.03


Tree=266
num_leaves=7
num_cat=2
split_feature=10 1 3 11 2 1
split_gain=2.00325 7.99813 6.60462 4.72291 8.72696 3.72927
threshold=0.056590859681420642 0 9.5000000000000018 -0.12787566052185093 6.5000000000000009 1
decision_type=10 9 2 10 2 9
left_child=5 2 -2 -4 -5 -1
right_child=1 -3 3 4 -6 -7
leaf_value=-0.00016331073016198023 -0.00031047538807231777 0.00074058587012663913 -0.00050562434900542242 -0.00049076710116980748 -0.0036011646338486186 0.00038309835919471424
leaf_weight=6843 4193 3391 369 257 376 20673
leaf_count=6843 4193 3391 369 257 376 20673
internal_value=0.000133119 -0.000266915 -0.00100557 -0.00319442 -0.00476498 0.00025795
internal_weight=36102 8586 5195 1002 633 27516
internal_count=36102 8586 5195 1002 633 27516
cat_boundaries=0 1 2
cat_threshold=135086568 96637958
is_linear=0
shrinkage=0.03


Tree=267
num_leaves=7
num_cat=1
split_feature=12 14 14 5 1 7
split_gain=2.50415 2.08302 2.0947 3.58913 4.80697 3.56324
threshold=-0.26158271317352039 -0.32894240251914902 -0.010547056409956807 0.064538521137571983 0 0.71511603207565566
decision_type=8 8 10 10 9 8
left_child=-1 -2 3 4 -3 -4
right_child=1 2 5 -5 -6 -7
leaf_value=0.00077047149376075028 0.0036754946464950065 0.00044575360381251216 6.0063277331186937e-05 -0.0010258022318146371 -0.00042691773488519541 0.0016367895700610154
leaf_weight=2653 428 5426 15423 3040 7601 1589
leaf_count=2653 428 5426 15423 3040 7601 1589
internal_value=7.71551e-05 6.89399e-06 -2.00422e-05 -0.000265683 -4.90481e-05 0.000211956
internal_weight=36160 33507 33079 16067 13027 17012
internal_count=36160 33507 33079 16067 13027 17012
cat_boundaries=0 1
cat_threshold=458234594
is_linear=0
shrinkage=0.03


Tree=268
num_leaves=7
num_cat=0
split_feature=12 14 14 14 14 2
split_gain=2.78813 2.03743 2.76332 2.07158 8.98201 6.21229
threshold=-0.25473080626624428 -0.32894240251914902 -0.32711361922184429 -0.084295551858644249 -0.09127004734063783 5.5000000000000009
decision_type=8 8 8 10 10 2
left_child=-1 -2 -3 4 -4 -6
right_child=1 2 3 -5 5 -7
leaf_value=0.00089475483092418774 0.003399322907079914 -0.00094515491680992141 -0.0001212826924024305 0.00011746015063820578 -8.7701791920511839e-06 -0.0049239874334197102
leaf_weight=2931 421 221 9027 23084 117 183
leaf_count=2931 421 221 9027 23084 117 183
internal_value=7.61985e-05 -2.45042e-06 -2.92341e-05 -6.38641e-06 -0.000383683 -0.00548173
internal_weight=35984 33053 32632 32411 9327 300
internal_count=35984 33053 32632 32411 9327 300
is_linear=0
shrinkage=0.03


Tree=269
num_leaves=7
num_cat=4
split_feature=3 1 1 3 1 1
split_gain=2.27711 7.79713 4.29107 3.27907 5.80394 5.37079
threshold=2.5000000000000004 0 1 5.5000000000000009 2 3
decision_type=2 9 9 2 9 9
left_child=1 -1 -3 5 -5 -2
right_child=3 2 -4 4 -6 -7
leaf_value=-0.0034494118818368647 -0.00024011431036557177 0.00043343070872343617 -0.00076949726169179753 0.00043264043855394287 -0.00028492445388976522 0.0010167704771722262
leaf_weight=230 3041 2413 3079 7488 14275 5602
leaf_count=230 3041 2413 3079 7488 14275 5602
internal_value=0.000104459 -0.000444522 -0.000211521 0.000207781 1.1441e-05 0.000702106
internal_weight=36128 5722 5492 30406 21763 8643
internal_count=36128 5722 5492 30406 21763 8643
cat_boundaries=0 1 2 3 4
cat_threshold=2064 330580288 359218198 355312662
is_linear=0
shrinkage=0.03


Tree=270
num_leaves=7
num_cat=1
split_feature=12 13 13 2 8 1
split_gain=2.40388 2.12567 10.2753 7.13377 6.94349 3.87959
threshold=-0.47023045332255936 0.069041740241567326 0.058367103392011815 6.5000000000000009 0.0259743899132352 0
decision_type=8 10 10 2 8 9
left_child=-1 2 -2 -4 -5 -3
right_child=1 5 3 4 -6 -7
leaf_value=0.0036300139950000095 4.820578657329134e-05 -0.0007611149077581304 -0.00030758700929858069 -0.0066029566486069122 -0.0025159142781462232 0.00099585125773738294
leaf_weight=294 28830 1316 537 125 332 4590
leaf_count=294 28830 1316 537 125 332 4590
internal_value=8.9438e-05 6.71687e-05 -3.58088e-05 -0.00303317 -0.00578384 0.0005871
internal_weight=36024 35730 29824 994 457 5906
internal_count=36024 35730 29824 994 457 5906
cat_boundaries=0 1
cat_threshold=89134688
is_linear=0
shrinkage=0.03


Tree=271
num_leaves=7
num_cat=2
split_feature=6 1 13 14 14 1
split_gain=2.01009 3.60699 3.60395 3.47515 5.43568 2.86516
threshold=-0.10536051565782632 0 -0.10038608231734832 0.044146771497768841 0.041906297311964623 1
decision_type=8 9 10 10 10 9
left_child=1 2 -1 4 -2 -5
right_child=3 -3 -4 5 -6 -7
leaf_value=-0.001561340324379288 -0.00019630802904576012 0.00079472583827531161 0.00024388082311115934 -0.00036489458017578366 -0.0036795129639201275 0.00043509673497956061
leaf_weight=630 15596 4736 2503 2947 111 9612
leaf_count=630 15596 4736 2503 2947 111 9612
internal_value=6.35102e-05 0.000487548 -0.000302481 -5.45511e-05 -0.000351986 0.000317436
internal_weight=36135 7869 3133 28266 15707 12559
internal_count=36135 7869 3133 28266 15707 12559
cat_boundaries=0 1 2
cat_threshold=95666838 12596320
is_linear=0
shrinkage=0.03


Tree=272
num_leaves=7
num_cat=2
split_feature=3 1 9 8 1 5
split_gain=2.3865 6.85003 5.24777 4.74982 5.64448 4.68099
threshold=2.5000000000000004 0 -0.58172804576846981 0.85952881872566211 1 0.14663290009256127
decision_type=2 9 10 8 9 10
left_child=1 2 -1 -3 -5 -6
right_child=-2 3 -4 4 5 -7
leaf_value=-0.00030745343257842405 0.00013396180864829997 0.00016393683083164176 -0.0047668398976984556 0.00081167146658479242 -0.0013191965505447755 -0.0046822011072762135
leaf_weight=105 30253 4145 126 489 808 120
leaf_count=105 30253 4145 126 489 808 120
internal_value=5.70922e-05 -0.00050069 -0.00544215 -0.000284227 -0.0017835 -0.00313738
internal_weight=36046 5793 231 5562 1417 928
internal_count=36046 5793 231 5562 1417 928
cat_boundaries=0 1 2
cat_threshold=2064 413926658
is_linear=0
shrinkage=0.03


Tree=273
num_leaves=7
num_cat=0
split_feature=6 11 13 13 2 13
split_gain=2.37808 5.37918 2.78324 10.5694 7.44574 7.03238
threshold=0.45319042766140122 0.47040711017803766 0.069041740241567326 0.058367103392011815 6.5000000000000009 0.059390965961923524
decision_type=10 8 10 10 2 10
left_child=2 -2 3 -1 -5 -6
right_child=1 -3 -4 4 5 -7
leaf_value=7.1400348106469025e-05 0.0010427715589345573 -0.0053985360222076747 0.00073871054348459701 -0.00043174825082812089 -0.0053489452207748905 -0.0032565951951579624
leaf_weight=29007 347 239 5603 534 132 320
leaf_count=29007 347 239 5603 534 132 320
internal_value=8.4736e-05 -0.0018092 0.000115965 1.30037e-06 -0.00305167 -0.00588079
internal_weight=36182 586 35596 29993 986 452
internal_count=36182 586 35596 29993 986 452
is_linear=0
shrinkage=0.03


Tree=274
num_leaves=7
num_cat=2
split_feature=12 3 1 6 3 1
split_gain=2.25441 2.0305 5.88623 4.08914 3.59153 6.3873
threshold=-0.47023045332255936 2.5000000000000004 0 0.3662316438851248 6.5000000000000009 1
decision_type=8 2 9 10 2 9
left_child=-1 2 -2 -4 -3 -6
right_child=1 4 3 -5 5 -7
leaf_value=0.0033121310535578563 0.00032352332938865479 0.00051281315475101971 -0.00094064635900983212 -0.0038247718509714906 0.0013460543516978975 -0.00018102296260824596
leaf_weight=294 2571 11493 3091 115 1470 17094
leaf_count=294 2571 11493 3091 115 1470 17094
internal_value=7.29055e-05 5.14024e-05 -0.000463655 -0.00131862 0.000150409 -0.000107622
internal_weight=36128 35834 5777 3206 30057 18564
internal_count=36128 35834 5777 3206 30057 18564
cat_boundaries=0 1 2
cat_threshold=464798016 270534672
is_linear=0
shrinkage=0.03


Tree=275
num_leaves=7
num_cat=1
split_feature=14 4 13 10 7 1
split_gain=2.15124 3.06465 3.43341 6.39779 2.99622 4.62499
threshold=-0.010547056409956807 1.5000000000000002 -0.06484579636406991 0.010747144596253035 -1.0000000180025095e-35 0
decision_type=10 2 10 10 8 9
left_child=4 -2 3 -3 -1 -6
right_child=1 2 -4 -5 5 -7
leaf_value=0.00014014526787122327 0.0018212495730937758 -0.00011260410409895059 0.00024646930626806394 -0.0041390171283319215 0.00033053823355020116 -0.0011015740517002143
leaf_weight=10844 966 676 16385 208 2380 4626
leaf_count=10844 966 676 16385 208 2380 4626
internal_value=6.94176e-05 0.000298585 0.000206543 -0.00161356 -0.000164697 -0.000648209
internal_weight=36085 18235 17269 884 17850 7006
internal_count=36085 18235 17269 884 17850 7006
cat_boundaries=0 1
cat_threshold=31040132
is_linear=0
shrinkage=0.03


Tree=276
num_leaves=7
num_cat=1
split_feature=11 2 14 0 11 10
split_gain=2.57904 3.31366 2.96114 4.32178 4.1511 4.05827
threshold=-0.41661957778182573 3.5000000000000004 -0.010547056409956807 0 -0.047984122943401701 -0.13424313962811538
decision_type=8 2 10 1 8 10
left_child=1 -1 3 4 -2 -6
right_child=2 -3 -4 -5 5 -7
leaf_value=-0.00078425961001930377 0.0010711240214741481 0.002132543558944456 0.00019252484717946161 -0.00055747625479126729 0.00027480136444282913 -0.0009629230720131529
leaf_weight=357 3163 1053 17950 7865 3469 2140
leaf_count=357 3163 1053 17950 7865 3469 2140
internal_value=3.97523e-05 0.00129695 -1.15357e-05 -0.000299856 0.000157985 -0.000332085
internal_weight=35997 1410 34587 16637 8772 5609
internal_count=35997 1410 34587 16637 8772 5609
cat_boundaries=0 1
cat_threshold=2
is_linear=0
shrinkage=0.03


Tree=277
num_leaves=7
num_cat=3
split_feature=14 7 11 0 1 1
split_gain=2.18165 3.17344 8.14397 3.10604 9.81663 5.54231
threshold=-0.010547056409956807 0.51171530371602902 0.64475191624048434 0 1 2
decision_type=10 10 8 1 9 9
left_child=3 -2 -3 5 -5 -1
right_child=1 2 -4 4 -6 -7
leaf_value=-0.00045701015750891015 0.00027319099647228997 -5.9901800081776067e-05 -0.0093466961242522663 0.00036800215526782738 -0.0010918777871156725 0.00083095261667742823
leaf_weight=4091 17631 501 114 3806 5169 4835
leaf_count=4091 17631 501 114 3806 5169 4835
internal_value=5.95055e-05 0.000290349 -0.0018263 -0.00017579 -0.000569853 0.000220455
internal_weight=36147 18246 615 17901 8975 8926
internal_count=36147 18246 615 17901 8975 8926
cat_boundaries=0 1 2 3
cat_threshold=2 46731074 44737858
is_linear=0
shrinkage=0.03


Tree=278
num_leaves=7
num_cat=0
split_feature=12 13 13 2 8 11
split_gain=2.34611 2.19808 7.18017 5.39142 4.50393 4.10178
threshold=-0.47023045332255936 0.069041740241567326 0.058367103392011815 7.5000000000000009 0.0259743899132352 0.15545873727501783
decision_type=8 8 10 2 8 8
left_child=-1 2 -2 -4 -5 -3
right_child=1 5 3 4 -6 -7
leaf_value=0.0034212281650952106 2.6702298623826807e-05 0.0010750937227082776 -0.00042448807153169798 -0.0074089841104998753 -0.0023933060208386476 -0.00012245941108455133
leaf_weight=308 27198 3603 614 108 272 3881
leaf_count=308 27198 3603 614 108 272 3881
internal_value=9.62069e-05 7.3661e-05 -4.76713e-05 -0.00255075 -0.00535433 0.000530661
internal_weight=35984 35676 28192 994 380 7484
internal_count=35984 35676 28192 994 380 7484
is_linear=0
shrinkage=0.03


Tree=279
num_leaves=7
num_cat=0
split_feature=4 4 14 14 2 14
split_gain=1.767 3.63382 6.65635 5.2808 5.47437 4.50541
threshold=3.5000000000000004 6.5000000000000009 0.21091601974081706 0.075536168689225941 8.5000000000000018 0.022737478497215222
decision_type=2 2 10 8 2 8
left_child=-1 2 3 4 -2 -3
right_child=1 5 -4 -5 -6 -7
leaf_value=0.00033926810199674915 -0.00076553839449316119 -3.3393893295039648e-05 0.00042963489716053697 -0.0014562189190986266 0.0016097622706685636 0.00098588918605405497
leaf_weight=8568 1915 12719 3394 2856 947 5659
leaf_count=8568 1915 12719 3394 2856 947 5659
internal_value=0.000123797 6.54771e-06 -0.000483266 -0.00110789 -0.000196996 0.000249415
internal_weight=36058 27490 9112 5718 2862 18378
internal_count=36058 27490 9112 5718 2862 18378
is_linear=0
shrinkage=0.03


Tree=280
num_leaves=7
num_cat=1
split_feature=14 14 14 5 0 13
split_gain=2.0497 2.25036 4.37105 3.92764 3.11723 7.09062
threshold=-0.32894240251914902 0.044146771497768841 0.041250954386853056 -1.0000000180025095e-35 0 0.14170672932363629
decision_type=8 10 10 10 1 10
left_child=-1 2 4 -4 5 -2
right_child=1 -3 3 -5 -6 -7
leaf_value=0.0034238747352322674 0.00030433588724298652 0.00025704563794419613 -0.003496735056633117 -0.00058805606876363031 -0.00032379282236358185 -0.0032116331614466761
leaf_weight=458 11000 13456 106 242 10739 120
leaf_count=458 11000 13456 106 242 10739 120
internal_value=8.64571e-05 6.08177e-05 -0.000124685 -0.00345559 -7.15003e-05 0.00028055
internal_weight=36121 35663 22207 348 21859 11120
internal_count=36121 35663 22207 348 21859 11120
cat_boundaries=0 1
cat_threshold=2
is_linear=0
shrinkage=0.03


Tree=281
num_leaves=7
num_cat=2
split_feature=11 2 10 1 1 2
split_gain=2.2715 4.71265 7.90326 6.5026 6.40424 4.60849
threshold=-0.12574695785839338 8.5000000000000018 -1.0000000180025095e-35 0 1 4.5000000000000009
decision_type=8 2 10 9 9 2
left_child=5 -2 3 -3 -4 -1
right_child=1 2 4 -5 -6 -7
leaf_value=-0.00025607445282152254 0.0001728480738407503 -0.0017610422910515748 -0.0025361038024841122 0.00022503493212203674 -0.00046515962735630008 0.00077676737395227251
leaf_weight=2771 19299 805 1249 5696 1088 5174
leaf_count=2771 19299 805 1249 5696 1088 5174
internal_value=7.49939e-05 -5.14961e-05 -0.000625184 -8.72038e-05 -0.00212104 0.000522905
internal_weight=36082 28137 8838 6501 2337 7945
internal_count=36082 28137 8838 6501 2337 7945
cat_boundaries=0 1 2
cat_threshold=72482822 135127306
is_linear=0
shrinkage=0.03


Tree=282
num_leaves=7
num_cat=2
split_feature=12 1 5 1 6 8
split_gain=2.07573 2.62978 1.81004 7.0679 4.30162 3.76124
threshold=-0.22852393076375496 0 -0.17815609897381576 1 -0.18864670740730191 0.45742484703887559
decision_type=8 9 8 9 8 8
left_child=1 -1 3 4 -2 -6
right_child=2 -3 -4 -5 5 -7
leaf_value=0.00018363698389077556 -0.00064917024245787205 0.0015433018782230984 5.0865241438526169e-05 0.00026593884718884389 -0.0038531468727800475 -0.00428304137044664
leaf_weight=2506 286 1105 30340 1576 164 108
leaf_count=2506 286 1105 30340 1576 164 108
internal_value=8.27192e-05 0.00076495 6.83614e-06 -0.000837471 -0.00370123 -0.00646154
internal_weight=36085 3611 32474 2134 558 272
internal_count=36085 3611 32474 2134 558 272
cat_boundaries=0 1 2
cat_threshold=144044592 97161490
is_linear=0
shrinkage=0.03


Tree=283
num_leaves=7
num_cat=0
split_feature=13 14 4 3 7 10
split_gain=2.16213 3.2397 7.77229 6.15936 3.77273 2.79709
threshold=0.027428149956945817 0.14543668605011026 5.5000000000000009 3.5000000000000004 -0.034232524599328233 -0.18232155679395443
decision_type=8 8 2 2 10 10
left_child=1 -1 3 -3 -5 -2
right_child=5 2 -4 4 -6 -7
leaf_value=2.5398324283120754e-06 0.00065890797217400669 -0.0046498693797330914 0.00020032095608266766 -0.004940855468715988 -0.00066670647890151706 -0.00017523231092664277
leaf_weight=19740 9094 137 1165 110 375 5406
leaf_count=19740 9094 137 1165 110 375 5406
internal_value=8.30189e-05 -0.00010772 -0.00133054 -0.00403531 -0.00243827 0.000366182
internal_weight=36027 21527 1787 622 485 14500
internal_count=36027 21527 1787 622 485 14500
is_linear=0
shrinkage=0.03


Tree=284
num_leaves=7
num_cat=1
split_feature=9 1 11 2 14 7
split_gain=1.89832 2.39599 1.92962 3.15756 2.55297 3.52518
threshold=0.41689449358743508 0 -0.42641460105018053 1.5000000000000002 -0.010547056409956807 -0.28736471287273518
decision_type=10 9 8 2 10 10
left_child=2 -2 3 -1 -4 -6
right_child=1 -3 4 -5 5 -7
leaf_value=-0.0022696030178767342 -0.00056226943819554182 0.0014585875558487194 -0.00019929864956716675 0.0013533513054462894 0.0014253400626856971 5.1601147266944586e-05
leaf_weight=106 301 1550 15820 1124 1843 15298
leaf_count=106 301 1550 15820 1124 1843 15298
internal_value=5.42686e-05 0.000989741 3.59744e-06 0.00116978 -3.9955e-05 0.000213686
internal_weight=36042 1851 34191 1230 32961 17141
internal_count=36042 1851 34191 1230 32961 17141
cat_boundaries=0 1
cat_threshold=412389442
is_linear=0
shrinkage=0.03


Tree=285
num_leaves=7
num_cat=0
split_feature=3 8 3 6 11 12
split_gain=1.99425 3.54893 3.2469 2.89505 2.52555 3.50732
threshold=2.5000000000000004 0.26245835934228673 7.5000000000000009 0.38013105861134827 0.60057158432837154 0.28304854962685916
decision_type=2 8 2 10 8 8
left_child=3 -2 -3 -1 -4 -6
right_child=1 2 4 -5 5 -7
leaf_value=-0.00015796385052328774 -4.8615000989614201e-05 0.0012722408342840975 0.00027147700030315502 -0.0021671616880235521 -0.000348283648964898 -0.0041965752080298851
leaf_weight=5638 18089 5830 5157 174 1131 214
leaf_count=5638 18089 5830 5157 174 1131 214
internal_value=9.21511e-05 0.000189435 0.000581854 -0.000416996 0.000120867 -0.0010364
internal_weight=36233 30421 12332 5812 6502 1345
internal_count=36233 30421 12332 5812 6502 1345
is_linear=0
shrinkage=0.03


Tree=286
num_leaves=7
num_cat=1
split_feature=14 14 14 13 1 2
split_gain=1.84685 4.24102 1.93201 2.19328 6.4053 3.93758
threshold=-0.32894240251914902 -0.32711361922184429 -0.3019931236561153 -0.10038608231734832 0 5.5000000000000009
decision_type=8 8 8 8 9 2
left_child=-1 -2 -3 4 5 -4
right_child=1 2 3 -5 -6 -7
leaf_value=0.0030235589573919764 -0.0013009954609580878 0.005633424602876835 -0.00045431886988645128 8.6167136278293965e-05 5.6974442680335365e-06 -0.0034444735141477153
leaf_weight=463 262 224 249 32821 2047 285
leaf_count=463 262 224 249 32821 2047 285
internal_value=7.84827e-05 5.41671e-05 8.2185e-05 6.45709e-05 -0.000777304 -0.00366605
internal_weight=36351 35888 35626 35402 2581 534
internal_count=36351 35888 35626 35402 2581 534
cat_boundaries=0 1
cat_threshold=354586772
is_linear=0
shrinkage=0.03


Tree=287
num_leaves=7
num_cat=2
split_feature=3 1 8 3 1 9
split_gain=2.00036 4.31861 2.5583 2.27809 6.68997 6.38902
threshold=1.5000000000000002 0 0.75182328022707623 5.5000000000000009 1 0.2044881594996171
decision_type=2 9 8 2 9 10
left_child=1 -1 -3 4 5 -2
right_child=3 2 -4 -5 -6 -7
leaf_value=0.00048646333125507829 -2.8746632170651593e-05 -0.0010142678772674003 -0.0017322099114886313 -1.3012189521973812e-05 0.00085710980775842677 -0.003119297196413654
leaf_weight=1034 3458 1578 428 21832 7337 500
leaf_count=1034 3458 1578 428 21832 7337 500
internal_value=9.51395e-05 -0.000641236 -0.00144869 0.000162733 0.000508587 -0.000485261
internal_weight=36167 3040 2006 33127 11295 3958
internal_count=36167 3040 2006 33127 11295 3958
cat_boundaries=0 1 2
cat_threshold=435434754 288078870
is_linear=0
shrinkage=0.03


Tree=288
num_leaves=7
num_cat=3
split_feature=3 1 3 1 1 9
split_gain=1.84394 5.01395 4.07209 4.71247 4.34176 4.15608
threshold=2.5000000000000004 0 5.5000000000000009 1 2 -0.28768207245178118
decision_type=2 9 2 9 9 10
left_child=1 -1 4 -4 5 -2
right_child=2 -3 3 -5 -6 -7
leaf_value=-0.0015177950841502982 0.0013557803075008028 7.2205239749801789e-05 0.00038318299117464131 -0.00025567226428600234 0.0010765487138396014 -0.00086064846515557898
leaf_weight=1287 1501 4470 8347 13384 5298 1908
leaf_count=1287 1501 4470 8347 13384 5298 1908
internal_value=0.000115621 -0.000376693 0.000208745 -1.09055e-05 0.00075689 -7.98244e-05
internal_weight=36195 5757 30438 21731 8707 3409
internal_count=36195 5757 30438 21731 8707 3409
cat_boundaries=0 1 2 3
cat_threshold=4430996 292138644 288338198
is_linear=0
shrinkage=0.03


Tree=289
num_leaves=7
num_cat=3
split_feature=12 1 7 1 1 9
split_gain=2.69656 5.16405 6.05855 3.76777 3.23105 3.00796
threshold=0.032631998903783106 0 0.38760121829876854 1 2 0.28389507324667657
decision_type=10 9 10 9 9 10
left_child=3 2 -2 -1 -3 -6
right_child=1 4 -4 -5 5 -7
leaf_value=0.00067854395671839882 0.0013442546199211932 -0.00190490528389403 -0.0042915445430312541 4.9815409329242556e-06 -0.00040478765131068918 0.000562260477987246
leaf_weight=7869 2045 671 187 13505 10674 1273
leaf_count=7869 2045 671 187 13505 10674 1273
internal_value=9.63976e-05 -0.000214127 0.0011128 0.00031214 -0.000449442 -0.00033442
internal_weight=36224 14850 2232 21374 12618 11947
internal_count=36224 14850 2232 21374 12618 11947
cat_boundaries=0 1 2 3
cat_threshold=67150146 322768536 86016
is_linear=0
shrinkage=0.03


Tree=290
num_leaves=7
num_cat=1
split_feature=6 13 13 2 1 14
split_gain=2.09665 3.04376 4.88215 7.13333 6.30481 4.46466
threshold=0.0090304480057659137 0.027428149956945817 0.021104432046172687 8.5000000000000018 0 -0.18043635908087005
decision_type=8 8 10 2 9 10
left_child=-1 2 5 -4 -5 -2
right_child=1 -3 3 4 -6 -7
leaf_value=0.00022261255408384214 -0.0017192261935430886 0.00014397561359658794 -0.00043883965144685106 -0.0046314510054571642 -0.0021391626435495335 3.0470127862107222e-05
leaf_weight=17059 852 10765 894 112 252 6291
leaf_count=17059 852 10765 894 112 252 6291
internal_value=9.73059e-05 -0.000118015 -0.000545941 -0.00226847 -0.00580274 -0.000242301
internal_weight=36225 19166 8401 1258 364 7143
internal_count=36225 19166 8401 1258 364 7143
cat_boundaries=0 1
cat_threshold=67158402
is_linear=0
shrinkage=0.03


Tree=291
num_leaves=7
num_cat=2
split_feature=3 1 11 1 10 9
split_gain=2.21694 3.53305 3.15302 2.24487 2.59544 2.79375
threshold=1.5000000000000002 0 0.60057158432837154 1 0.090267579231283271 -0.032789822822990804
decision_type=2 9 8 9 10 8
left_child=1 -1 3 -3 -5 -6
right_child=-2 2 -4 4 5 -7
leaf_value=0.0007476079484936486 0.00012409982146179715 -0.001627540198337507 -0.0016852637362472199 0.00010226502409937069 -0.0051534517496734595 0.00061755481801862916
leaf_weight=550 33087 554 201 1475 146 144
leaf_count=550 33087 554 201 1475 146 144
internal_value=0.000106781 -0.000664279 -0.00113789 -0.000828879 -0.000295608 -0.0028866
internal_weight=36157 3070 2520 2319 1765 290
internal_count=36157 3070 2520 2319 1765 290
cat_boundaries=0 1 2
cat_threshold=150212610 67733524
is_linear=0
shrinkage=0.03


Tree=292
num_leaves=7
num_cat=2
split_feature=12 1 6 1 6 13
split_gain=2.00759 4.02528 4.01728 3.56822 2.75637 2.62167
threshold=0.036442619062797117 0 0.098077166947830655 1 0.12031995019828658 0.10136324727194838
decision_type=8 9 8 9 8 10
left_child=3 2 -2 -1 -4 -3
right_child=1 5 4 -5 -6 -7
leaf_value=0.00069488309760973798 0.00057360508393947303 -0.00037721719502537774 -0.0024332974771867455 -6.0555274436258909e-06 -0.00010476468765091305 -0.0024066096168548459
leaf_weight=7319 4920 6614 353 13365 2941 510
leaf_count=7319 4920 6614 353 13365 2941 510
internal_value=9.34404e-05 -0.000166634 0.000285958 0.000286295 -0.000524431 -0.000687877
internal_weight=36022 15338 8214 20684 3294 7124
internal_count=36022 15338 8214 20684 3294 7124
cat_boundaries=0 1 2
cat_threshold=103850830 325918352
is_linear=0
shrinkage=0.03


Tree=293
num_leaves=7
num_cat=2
split_feature=11 14 0 1 8 10
split_gain=1.79501 2.34172 4.09373 11.2685 8.28753 6.52797
threshold=-0.42641460105018053 -0.010547056409956807 0 1 0.067038055579296887 -0.0079106122949008633
decision_type=8 10 1 9 10 8
left_child=-1 2 -2 4 5 -4
right_child=1 -3 3 -5 -6 -7
leaf_value=0.00080038041290165975 0.00015373609371765421 0.00017806220011258705 0.0015753188168739678 -5.7846420223410534e-05 0.00075797082834026135 -0.0029761893203012211
leaf_weight=1240 8770 18165 153 6252 408 1194
leaf_count=1240 8770 18165 153 6252 408 1194
internal_value=3.91345e-05 -6.86721e-07 -0.000256228 -0.000746628 -0.0028624 -0.00401261
internal_weight=36182 34942 16777 8007 1755 1347
internal_count=36182 34942 16777 8007 1755 1347
cat_boundaries=0 1 2
cat_threshold=2 487608340
is_linear=0
shrinkage=0.03


Tree=294
num_leaves=7
num_cat=2
split_feature=12 1 10 1 6 13
split_gain=2.06721 4.56789 4.49721 3.4409 3.06278 2.45269
threshold=-0.11655332700412478 0 -1.0000000180025095e-35 1 -0.25637776643404248 0.10627458796064949
decision_type=8 9 8 9 10 10
left_child=1 2 -1 -2 -4 -6
right_child=3 -3 4 -5 5 -7
leaf_value=0.0011560010142925203 0.00016026311237390338 0.00083766965925309458 0.0005845304912715189 -0.00031150200302631467 -0.0013006097686516778 0.0018393992033000294
leaf_weight=1150 15038 5001 800 12125 1983 102
leaf_count=1150 15038 5001 800 12125 1983 102
internal_value=5.04697e-05 0.00044351 -0.000307711 -8.029e-05 -0.000940748 -0.00154602
internal_weight=36199 9036 4035 27163 2885 2085
internal_count=36199 9036 4035 27163 2885 2085
cat_boundaries=0 1 2
cat_threshold=135389284 439478350
is_linear=0
shrinkage=0.03


Tree=295
num_leaves=7
num_cat=2
split_feature=12 1 1 7 14 8
split_gain=1.88042 5.86274 3.626 3.72303 4.86029 4.09875
threshold=-0.043093335149933402 0 1 0.12224606985068444 0.015541878261281601 -0.072990981360277804
decision_type=10 9 9 10 8 10
left_child=1 -1 3 -2 5 -5
right_child=2 -3 -4 4 -6 -7
leaf_value=0.0011477706851475698 0.00056060183262102191 -1.009817196329299e-05 -0.00029182060276241982 0.00020855221144744728 -2.1149775698371281e-06 -0.0034680891125317926
leaf_weight=4058 5600 11139 12552 169 2374 232
leaf_count=4058 5600 11139 12552 169 2374 232
internal_value=7.50728e-05 0.000329057 -0.000109375 0.000373837 -0.000524135 -0.00357463
internal_weight=36124 15197 20927 8375 2775 401
internal_count=36124 15197 20927 8375 2775 401
cat_boundaries=0 1 2
cat_threshold=292298392 506505286
is_linear=0
shrinkage=0.03


Tree=296
num_leaves=7
num_cat=1
split_feature=14 14 2 14 14 1
split_gain=1.97283 3.31962 3.02707 1.97609 1.91173 2.43458
threshold=-0.32894240251914902 -0.32711361922184429 5.5000000000000009 -0.3019931236561153 -0.28026674736464591 0
decision_type=8 8 2 8 8 9
left_child=-1 2 -2 -3 5 -5
right_child=1 3 -4 4 -6 -7
leaf_value=0.0032675332624644555 0.00011700525302677393 0.0056124400565718893 -0.0018803058068858319 -0.0026490863013432699 2.8255747747196311e-05 -7.8050145901001773e-06
leaf_weight=483 114 222 151 111 34969 184
leaf_count=483 114 222 151 111 34969 184
internal_value=3.75881e-05 1.18316e-05 -0.00332707 3.68587e-05 1.90558e-05 -0.00238176
internal_weight=36234 35751 265 35486 35264 295
internal_count=36234 35751 265 35486 35264 295
cat_boundaries=0 1
cat_threshold=293880012
is_linear=0
shrinkage=0.03


Tree=297
num_leaves=7
num_cat=1
split_feature=11 2 14 8 11 0
split_gain=1.90075 3.45754 2.39959 2.89069 3.87433 3.87113
threshold=-0.42641460105018053 2.5000000000000004 -0.010547056409956807 -0.15918042197657642 -0.042610439198268672 0
decision_type=8 2 10 8 10 1
left_child=1 -1 3 4 5 -2
right_child=2 -3 -4 -5 -6 -7
leaf_value=-0.0016022347986552228 0.00071751509756590301 0.0016798878945187793 0.00019225229267265574 -5.5373776953431854e-06 -0.0032236406156340206 -0.00068266126951812211
leaf_weight=199 1120 1054 18135 12506 466 2713
leaf_count=199 1120 1054 18135 12506 466 2713
internal_value=5.57828e-05 0.00120335 1.45961e-05 -0.000243663 -0.000914651 -0.000600156
internal_weight=36193 1253 34940 16805 4299 3833
internal_count=36193 1253 34940 16805 4299 3833
cat_boundaries=0 1
cat_threshold=2
is_linear=0
shrinkage=0.03


Tree=298
num_leaves=7
num_cat=2
split_feature=12 3 1 3 1 9
split_gain=1.87247 1.58026 6.20793 3.94075 5.24002 3.88454
threshold=-0.47023045332255936 3.5000000000000004 0 5.5000000000000009 1 -0.24999541281214818
decision_type=8 2 9 2 9 8
left_child=-1 2 -2 -3 -5 -4
right_child=1 3 5 4 -6 -7
leaf_value=0.0029881336453792618 0.00031973984371706397 0.0008704805326808432 0.0012885879591005272 0.00040591891208745695 -0.00029009331291068462 -0.0010582452325102996
leaf_weight=293 4075 5849 621 8437 13122 3688
leaf_count=293 4075 5849 621 8437 13122 3688
internal_value=9.51894e-05 7.56015e-05 -0.000284794 0.000185851 -1.5305e-06 -0.00107708
internal_weight=36085 35792 8384 27408 21559 4309
internal_count=36085 35792 8384 27408 21559 4309
cat_boundaries=0 1 2
cat_threshold=317997408 355052694
is_linear=0
shrinkage=0.03


Tree=299
num_leaves=7
num_cat=1
split_feature=3 1 11 10 7 3
split_gain=1.87105 5.41628 5.33729 4.63719 3.347 2.84567
threshold=2.5000000000000004 0 -0.13065478172693187 0.57026106332310056 0.136844479970919 6.5000000000000009
decision_type=2 9 10 8 8 2
left_child=1 2 -1 -4 -5 -2
right_child=5 -3 3 4 -6 -7
leaf_value=0.00056180688220293493 0.00049358646726753918 -2.5617406102621034e-06 -0.0011402891546907531 -0.0034157425439044304 -0.0021892545161569655 -2.7148765529467506e-05
leaf_weight=297 11697 4872 210 211 156 18679
leaf_count=297 11697 4872 210 211 156 18679
internal_value=9.23512e-05 -0.000404037 -0.00256271 -0.00427163 -0.00630163 0.000186259
internal_weight=36122 5746 874 577 367 30376
internal_count=36122 5746 874 577 367 30376
cat_boundaries=0 1
cat_threshold=4294800
is_linear=0
shrinkage=0.03


end of trees

feature_importances:
market=418
nat_r3=224
dev24=212
nat_r1=138
m_T=125
prem=120
g=118
m_L=94
crop=91
seas12=52
r3=51
seas24=49
r2=42
r12=39
r1=27

parameters:
[boosting: gbdt]
[objective: quantile]
[metric: quantile]
[tree_learner: serial]
[device_type: cpu]
[data_sample_strategy: bagging]
[data: ]
[valid: ]
[num_iterations: 300]
[learning_rate: 0.03]
[num_leaves: 7]
[num_threads: 10]
[seed: 0]
[deterministic: 0]
[force_col_wise: 0]
[force_row_wise: 0]
[histogram_pool_size: -1]
[max_depth: -1]
[min_data_in_leaf: 100]
[min_sum_hessian_in_leaf: 0.001]
[bagging_fraction: 0.8]
[pos_bagging_fraction: 1]
[neg_bagging_fraction: 1]
[bagging_freq: 1]
[bagging_seed: 7719]
[bagging_by_query: 0]
[feature_fraction: 0.8]
[feature_fraction_bynode: 1]
[feature_fraction_seed: 2437]
[extra_trees: 0]
[extra_seed: 11797]
[early_stopping_round: 0]
[early_stopping_min_delta: 0]
[first_metric_only: 0]
[max_delta_step: 0]
[lambda_l1: 0]
[lambda_l2: 1]
[linear_lambda: 0]
[min_gain_to_split: 0]
[drop_rate: 0.1]
[max_drop: 50]
[skip_drop: 0.5]
[xgboost_dart_mode: 0]
[uniform_drop: 0]
[drop_seed: 21238]
[top_rate: 0.2]
[other_rate: 0.1]
[min_data_per_group: 100]
[max_cat_threshold: 32]
[cat_l2: 10]
[cat_smooth: 10]
[max_cat_to_onehot: 4]
[top_k: 20]
[monotone_constraints: ]
[monotone_constraints_method: basic]
[monotone_penalty: 0]
[feature_contri: ]
[forcedsplits_filename: ]
[refit_decay_rate: 0.9]
[cegb_tradeoff: 1]
[cegb_penalty_split: 0]
[cegb_penalty_feature_lazy: ]
[cegb_penalty_feature_coupled: ]
[path_smooth: 0]
[interaction_constraints: ]
[verbosity: -1]
[saved_feature_importance_type: 0]
[use_quantized_grad: 0]
[num_grad_quant_bins: 4]
[quant_train_renew_leaf: 0]
[stochastic_rounding: 1]
[linear_tree: 0]
[max_bin: 255]
[max_bin_by_feature: ]
[min_data_in_bin: 3]
[bin_construct_sample_cnt: 200000]
[data_random_seed: 38]
[is_enable_sparse: 1]
[enable_bundle: 1]
[use_missing: 1]
[zero_as_missing: 0]
[feature_pre_filter: 1]
[pre_partition: 0]
[two_round: 0]
[header: 0]
[label_column: ]
[weight_column: ]
[group_column: ]
[ignore_column: ]
[categorical_feature: 0,1]
[forcedbins_filename: ]
[precise_float_parser: 0]
[parser_config_file: ]
[objective_seed: 8855]
[num_class: 1]
[is_unbalance: 0]
[scale_pos_weight: 1]
[sigmoid: 1]
[boost_from_average: 1]
[reg_sqrt: 0]
[alpha: 0.1]
[fair_c: 1]
[poisson_max_delta_step: 0.7]
[tweedie_variance_power: 1.5]
[lambdarank_truncation_level: 30]
[lambdarank_norm: 1]
[label_gain: ]
[lambdarank_position_bias_regularization: 0]
[eval_at: ]
[multi_error_top_k: 1]
[auc_mu_weights: ]
[num_machines: 1]
[local_listen_port: 12400]
[time_out: 120]
[machine_list_filename: ]
[machines: ]
[gpu_platform_id: -1]
[gpu_device_id: -1]
[gpu_device_id_list: ]
[gpu_use_dp: 0]
[num_gpu: 1]

end of parameters

pandas_categorical:[["maize", "beans"], ["Arua", "Busia", "Fort Portal", "Gulu", "Hoima", "Iganga", "Jinja", "Kaabong", "Kapchorwa", "Karenga", "Karita", "Kasese", "Kiboga", "Kotido", "Lira", "Makaratin", "Masaka", "Masindi", "Mbale", "Mbarara", "Moroto", "Mukono", "Nabilatuk", "Namalu", "Napak", "Owino", "Soroti", "Tororo", "Wakiso"]]
